ISO-10303-21;
HEADER;
/* Generated by software containing ST-Developer
 * from STEP Tools, Inc. (www.steptools.com) 
 */

FILE_DESCRIPTION(
/* description */ (' '),
/* implementation_level */ '2;1');

FILE_NAME(
/* name */ 'Voron 0 Nema 17 AWD mod V2 Printed parts.stp',
/* time_stamp */ '2025-08-17T14:07:36+02:00',
/* author */ ('Philip'),
/* organization */ ('--- Datakit www.datakit.com---'),
/* preprocessor_version */ 'ST-DEVELOPER v20',
/* originating_system */ 'Autodesk Inventor 2024',
/* authorisation */ ' ');

FILE_SCHEMA (('AUTOMOTIVE_DESIGN { 1 0 10303 214 3 1 1 }'));
ENDSEC;

DATA;
#10=MECHANICAL_DESIGN_GEOMETRIC_PRESENTATION_REPRESENTATION('',(#47,#48,
#49,#50),#13631);
#11=GEOMETRICALLY_BOUNDED_WIREFRAME_SHAPE_REPRESENTATION('',(#12,#13,#14,
#15),#13630);
#12=GEOMETRIC_CURVE_SET('Sketch1',(#13624));
#13=GEOMETRIC_CURVE_SET('Sketch3',(#13625));
#14=GEOMETRIC_CURVE_SET('Sketch5',(#13626));
#15=GEOMETRIC_CURVE_SET('Sketch7',(#13627));
#16=SHAPE_REPRESENTATION_RELATIONSHIP('SRR','None',#13638,#18);
#17=SHAPE_REPRESENTATION_RELATIONSHIP('SRR','None',#13638,#11);
#18=ADVANCED_BREP_SHAPE_REPRESENTATION('',(#51,#52,#53,#54),#13630);
#19=B_SPLINE_SURFACE_WITH_KNOTS('',3,3,((#11835,#11836,#11837,#11838,#11839,
#11840,#11841,#11842,#11843,#11844,#11845,#11846,#11847,#11848,#11849,#11850,
#11851,#11852,#11853,#11854,#11855,#11856,#11857,#11858,#11859,#11860,#11861,
#11862,#11863,#11864),(#11865,#11866,#11867,#11868,#11869,#11870,#11871,
#11872,#11873,#11874,#11875,#11876,#11877,#11878,#11879,#11880,#11881,#11882,
#11883,#11884,#11885,#11886,#11887,#11888,#11889,#11890,#11891,#11892,#11893,
#11894),(#11895,#11896,#11897,#11898,#11899,#11900,#11901,#11902,#11903,
#11904,#11905,#11906,#11907,#11908,#11909,#11910,#11911,#11912,#11913,#11914,
#11915,#11916,#11917,#11918,#11919,#11920,#11921,#11922,#11923,#11924),
(#11925,#11926,#11927,#11928,#11929,#11930,#11931,#11932,#11933,#11934,
#11935,#11936,#11937,#11938,#11939,#11940,#11941,#11942,#11943,#11944,#11945,
#11946,#11947,#11948,#11949,#11950,#11951,#11952,#11953,#11954)),
 .UNSPECIFIED.,.F.,.T.,.F.,(4,4),(4,1,1,1,2,2,2,2,2,1,1,1,1,1,2,2,2,2,4),
(0.,1.),(1.63400155142706,1.7360083415669,1.83801513170674,1.94002192184658,
2.04202871198642,2.17866873523609,2.31530875848575,2.45194878173541,2.58764235039026,
2.75773253850623,2.92782272662219,2.97034527365119,3.01286782068018,3.09791291473816,
3.26800310285413,3.40464312610379,3.54128314935346,3.6769767180083,3.81267028666315),
 .UNSPECIFIED.);
#20=B_SPLINE_SURFACE_WITH_KNOTS('',3,3,((#12389,#12390,#12391,#12392),(#12393,
#12394,#12395,#12396),(#12397,#12398,#12399,#12400),(#12401,#12402,#12403,
#12404)),.UNSPECIFIED.,.F.,.F.,.F.,(4,4),(4,4),(0.,1.),(-0.14095771622537,
2.22044604925032E-15),.UNSPECIFIED.);
#21=B_SPLINE_SURFACE_WITH_KNOTS('',3,3,((#12433,#12434,#12435,#12436,#12437,
#12438,#12439,#12440,#12441,#12442,#12443,#12444,#12445,#12446,#12447,#12448,
#12449,#12450,#12451,#12452,#12453,#12454,#12455,#12456,#12457,#12458,#12459,
#12460),(#12461,#12462,#12463,#12464,#12465,#12466,#12467,#12468,#12469,
#12470,#12471,#12472,#12473,#12474,#12475,#12476,#12477,#12478,#12479,#12480,
#12481,#12482,#12483,#12484,#12485,#12486,#12487,#12488),(#12489,#12490,
#12491,#12492,#12493,#12494,#12495,#12496,#12497,#12498,#12499,#12500,#12501,
#12502,#12503,#12504,#12505,#12506,#12507,#12508,#12509,#12510,#12511,#12512,
#12513,#12514,#12515,#12516),(#12517,#12518,#12519,#12520,#12521,#12522,
#12523,#12524,#12525,#12526,#12527,#12528,#12529,#12530,#12531,#12532,#12533,
#12534,#12535,#12536,#12537,#12538,#12539,#12540,#12541,#12542,#12543,#12544)),
 .UNSPECIFIED.,.F.,.T.,.F.,(4,4),(4,1,1,1,1,2,2,1,1,1,1,1,1,1,2,2,1,2,2,
4),(0.,1.),(1.63400155142706,1.77016834737932,1.90633514333157,1.9744185413077,
2.04250193928383,2.17866873523609,2.31530875848575,2.41731554862559,2.51932233876543,
2.62132912890527,2.72333591904511,2.82534270918495,2.92734949932479,3.02935628946462,
3.13136307960446,3.26800310285413,3.40464312610379,3.54128314935346,3.6769767180083,
3.81267028666315),.UNSPECIFIED.);
#22=B_SPLINE_SURFACE_WITH_KNOTS('',3,3,((#12817,#12818,#12819,#12820,#12821,
#12822,#12823,#12824,#12825,#12826,#12827,#12828,#12829,#12830,#12831,#12832,
#12833,#12834,#12835,#12836,#12837,#12838,#12839,#12840,#12841,#12842,#12843,
#12844,#12845,#12846),(#12847,#12848,#12849,#12850,#12851,#12852,#12853,
#12854,#12855,#12856,#12857,#12858,#12859,#12860,#12861,#12862,#12863,#12864,
#12865,#12866,#12867,#12868,#12869,#12870,#12871,#12872,#12873,#12874,#12875,
#12876),(#12877,#12878,#12879,#12880,#12881,#12882,#12883,#12884,#12885,
#12886,#12887,#12888,#12889,#12890,#12891,#12892,#12893,#12894,#12895,#12896,
#12897,#12898,#12899,#12900,#12901,#12902,#12903,#12904,#12905,#12906),
(#12907,#12908,#12909,#12910,#12911,#12912,#12913,#12914,#12915,#12916,
#12917,#12918,#12919,#12920,#12921,#12922,#12923,#12924,#12925,#12926,#12927,
#12928,#12929,#12930,#12931,#12932,#12933,#12934,#12935,#12936)),
 .UNSPECIFIED.,.F.,.T.,.F.,(4,4),(4,1,1,1,2,2,2,2,2,1,1,1,1,1,2,2,2,2,4),
(0.,1.),(1.63400155142706,1.7360083415669,1.83801513170674,1.94002192184658,
2.04202871198642,2.17866873523609,2.31530875848575,2.45194878173541,2.58764235039026,
2.75773253850623,2.92782272662219,2.97034527365119,3.01286782068018,3.09791291473816,
3.26800310285413,3.40464312610379,3.54128314935346,3.6769767180083,3.81267028666315),
 .UNSPECIFIED.);
#23=B_SPLINE_SURFACE_WITH_KNOTS('',3,3,((#13371,#13372,#13373,#13374),(#13375,
#13376,#13377,#13378),(#13379,#13380,#13381,#13382),(#13383,#13384,#13385,
#13386)),.UNSPECIFIED.,.F.,.F.,.F.,(4,4),(4,4),(0.,1.),(-0.14095771622537,
2.22044604925032E-15),.UNSPECIFIED.);
#24=B_SPLINE_SURFACE_WITH_KNOTS('',3,3,((#13415,#13416,#13417,#13418,#13419,
#13420,#13421,#13422,#13423,#13424,#13425,#13426,#13427,#13428,#13429,#13430,
#13431,#13432,#13433,#13434,#13435,#13436,#13437,#13438,#13439,#13440,#13441,
#13442),(#13443,#13444,#13445,#13446,#13447,#13448,#13449,#13450,#13451,
#13452,#13453,#13454,#13455,#13456,#13457,#13458,#13459,#13460,#13461,#13462,
#13463,#13464,#13465,#13466,#13467,#13468,#13469,#13470),(#13471,#13472,
#13473,#13474,#13475,#13476,#13477,#13478,#13479,#13480,#13481,#13482,#13483,
#13484,#13485,#13486,#13487,#13488,#13489,#13490,#13491,#13492,#13493,#13494,
#13495,#13496,#13497,#13498),(#13499,#13500,#13501,#13502,#13503,#13504,
#13505,#13506,#13507,#13508,#13509,#13510,#13511,#13512,#13513,#13514,#13515,
#13516,#13517,#13518,#13519,#13520,#13521,#13522,#13523,#13524,#13525,#13526)),
 .UNSPECIFIED.,.F.,.T.,.F.,(4,4),(4,1,1,1,1,2,2,1,1,1,1,1,1,1,2,2,1,2,2,
4),(0.,1.),(1.63400155142706,1.77016834737932,1.90633514333157,1.9744185413077,
2.04250193928383,2.17866873523609,2.31530875848575,2.41731554862559,2.51932233876543,
2.62132912890527,2.72333591904511,2.82534270918495,2.92734949932479,3.02935628946462,
3.13136307960446,3.26800310285413,3.40464312610379,3.54128314935346,3.6769767180083,
3.81267028666315),.UNSPECIFIED.);
#25=B_SPLINE_CURVE_WITH_KNOTS('',3,(#11685,#11686,#11687,#11688,#11689,
#11690,#11691,#11692,#11693,#11694,#11695,#11696,#11697,#11698,#11699,#11700,
#11701,#11702,#11703,#11704,#11705,#11706,#11707,#11708,#11709,#11710,#11711,
#11712,#11713,#11714),.UNSPECIFIED.,.T.,.F.,(4,1,1,1,2,2,2,2,2,1,1,1,1,
1,2,2,2,2,4),(1.63400155142706,1.7360083415669,1.83801513170674,1.94002192184658,
2.04202871198642,2.17866873523609,2.31530875848575,2.45194878173541,2.58764235039026,
2.75773253850623,2.92782272662219,2.97034527365119,3.01286782068018,3.09791291473816,
3.26800310285413,3.40464312610379,3.54128314935346,3.6769767180083,3.81267028666315),
 .UNSPECIFIED.);
#26=B_SPLINE_CURVE_WITH_KNOTS('',3,(#11716,#11717,#11718,#11719,#11720,
#11721,#11722,#11723,#11724,#11725,#11726,#11727,#11728,#11729,#11730,#11731,
#11732,#11733,#11734,#11735,#11736,#11737,#11738,#11739,#11740,#11741,#11742,
#11743),.UNSPECIFIED.,.T.,.F.,(4,1,1,1,1,2,2,1,1,1,1,1,1,1,2,2,1,2,2,4),
(1.63400155142706,1.77016834737932,1.90633514333157,1.9744185413077,2.04250193928383,
2.17866873523609,2.31530875848575,2.41731554862559,2.51932233876543,2.62132912890527,
2.72333591904511,2.82534270918495,2.92734949932479,3.02935628946462,3.13136307960446,
3.26800310285413,3.40464312610379,3.54128314935346,3.6769767180083,3.81267028666315),
 .UNSPECIFIED.);
#27=B_SPLINE_CURVE_WITH_KNOTS('',3,(#11958,#11959,#11960,#11961,#11962,
#11963,#11964,#11965,#11966,#11967,#11968,#11969,#11970,#11971,#11972,#11973,
#11974),.UNSPECIFIED.,.F.,.F.,(4,2,2,2,2,1,1,1,1,1,4),(-3.81267028666315,
-3.6769767180083,-3.54128314935346,-3.40464312610379,-3.26800310285413,
-3.09791291473816,-3.01286782068018,-2.97034527365119,-2.92782272662219,
-2.75773253850623,-2.72333591904511),.UNSPECIFIED.);
#28=B_SPLINE_CURVE_WITH_KNOTS('',3,(#11975,#11976,#11977,#11978,#11979,
#11980,#11981,#11982,#11983,#11984,#11985,#11986,#11987,#11988,#11989,#11990,
#11991),.UNSPECIFIED.,.F.,.F.,(4,2,2,2,2,2,1,1,1,4),(-2.72333591904511,
-2.58764235039026,-2.45194878173541,-2.31530875848575,-2.17866873523609,
-2.04202871198642,-1.94002192184658,-1.83801513170674,-1.7360083415669,
-1.63400155142706),.UNSPECIFIED.);
#29=B_SPLINE_CURVE_WITH_KNOTS('',3,(#12332,#12333,#12334,#12335,#12336,
#12337,#12338,#12339),.UNSPECIFIED.,.F.,.F.,(4,2,2,4),(0.169815714897583,
0.191223012294156,0.22303178132915,0.223271486635368),.UNSPECIFIED.);
#30=B_SPLINE_CURVE_WITH_KNOTS('',3,(#12406,#12407,#12408,#12409,#12410,
#12411,#12412,#12413),.UNSPECIFIED.,.F.,.F.,(4,2,2,4),(0.,0.0139509904217234,
0.0595747591477893,0.0655213832929023),.UNSPECIFIED.);
#31=B_SPLINE_CURVE_WITH_KNOTS('',3,(#12415,#12416,#12417,#12418),
 .UNSPECIFIED.,.F.,.F.,(4,4),(-0.14095771622537,2.22044604925032E-15),
 .UNSPECIFIED.);
#32=B_SPLINE_CURVE_WITH_KNOTS('',3,(#12547,#12548,#12549,#12550,#12551,
#12552,#12553,#12554,#12555,#12556,#12557,#12558,#12559,#12560,#12561,#12562,
#12563,#12564,#12565,#12566,#12567,#12568,#12569,#12570,#12571,#12572,#12573,
#12574),.UNSPECIFIED.,.T.,.F.,(4,2,2,1,2,2,1,1,1,1,1,1,1,2,2,1,1,1,1,4),
(-3.81267028666315,-3.6769767180083,-3.54128314935346,-3.40464312610379,
-3.26800310285413,-3.13136307960446,-3.02935628946462,-2.92734949932479,
-2.82534270918495,-2.72333591904511,-2.62132912890527,-2.51932233876543,
-2.41731554862559,-2.31530875848575,-2.17866873523609,-2.04250193928383,
-1.9744185413077,-1.90633514333157,-1.77016834737932,-1.63400155142706),
 .UNSPECIFIED.);
#33=B_SPLINE_CURVE_WITH_KNOTS('',3,(#12667,#12668,#12669,#12670,#12671,
#12672,#12673,#12674,#12675,#12676,#12677,#12678,#12679,#12680,#12681,#12682,
#12683,#12684,#12685,#12686,#12687,#12688,#12689,#12690,#12691,#12692,#12693,
#12694,#12695,#12696),.UNSPECIFIED.,.T.,.F.,(4,1,1,1,2,2,2,2,2,1,1,1,1,
1,2,2,2,2,4),(1.63400155142706,1.7360083415669,1.83801513170674,1.94002192184658,
2.04202871198642,2.17866873523609,2.31530875848575,2.45194878173541,2.58764235039026,
2.75773253850623,2.92782272662219,2.97034527365119,3.01286782068018,3.09791291473816,
3.26800310285413,3.40464312610379,3.54128314935346,3.6769767180083,3.81267028666315),
 .UNSPECIFIED.);
#34=B_SPLINE_CURVE_WITH_KNOTS('',3,(#12698,#12699,#12700,#12701,#12702,
#12703,#12704,#12705,#12706,#12707,#12708,#12709,#12710,#12711,#12712,#12713,
#12714,#12715,#12716,#12717,#12718,#12719,#12720,#12721,#12722,#12723,#12724,
#12725),.UNSPECIFIED.,.T.,.F.,(4,1,1,1,1,2,2,1,1,1,1,1,1,1,2,2,1,2,2,4),
(1.63400155142706,1.77016834737932,1.90633514333157,1.9744185413077,2.04250193928383,
2.17866873523609,2.31530875848575,2.41731554862559,2.51932233876543,2.62132912890527,
2.72333591904511,2.82534270918495,2.92734949932479,3.02935628946462,3.13136307960446,
3.26800310285413,3.40464312610379,3.54128314935346,3.6769767180083,3.81267028666315),
 .UNSPECIFIED.);
#35=B_SPLINE_CURVE_WITH_KNOTS('',3,(#12940,#12941,#12942,#12943,#12944,
#12945,#12946,#12947,#12948,#12949,#12950,#12951,#12952,#12953,#12954,#12955,
#12956),.UNSPECIFIED.,.F.,.F.,(4,2,2,2,2,2,1,1,1,4),(-2.72333591904511,
-2.58764235039026,-2.45194878173541,-2.31530875848575,-2.17866873523609,
-2.04202871198642,-1.94002192184658,-1.83801513170674,-1.7360083415669,
-1.63400155142706),.UNSPECIFIED.);
#36=B_SPLINE_CURVE_WITH_KNOTS('',3,(#12957,#12958,#12959,#12960,#12961,
#12962,#12963,#12964,#12965,#12966,#12967,#12968,#12969,#12970,#12971,#12972,
#12973),.UNSPECIFIED.,.F.,.F.,(4,2,2,2,2,1,1,1,1,1,4),(-3.81267028666315,
-3.6769767180083,-3.54128314935346,-3.40464312610379,-3.26800310285413,
-3.09791291473816,-3.01286782068018,-2.97034527365119,-2.92782272662219,
-2.75773253850623,-2.72333591904511),.UNSPECIFIED.);
#37=B_SPLINE_CURVE_WITH_KNOTS('',3,(#13311,#13312,#13313,#13314,#13315,
#13316,#13317,#13318),.UNSPECIFIED.,.F.,.F.,(4,2,2,4),(0.169815714897583,
0.191223012294156,0.22303178132915,0.223271486635368),.UNSPECIFIED.);
#38=B_SPLINE_CURVE_WITH_KNOTS('',3,(#13388,#13389,#13390,#13391,#13392,
#13393,#13394,#13395),.UNSPECIFIED.,.F.,.F.,(4,2,2,4),(0.,0.0139509904217234,
0.0595747591477893,0.0655213832929023),.UNSPECIFIED.);
#39=B_SPLINE_CURVE_WITH_KNOTS('',3,(#13398,#13399,#13400,#13401),
 .UNSPECIFIED.,.F.,.F.,(4,4),(-0.14095771622537,2.22044604925032E-15),
 .UNSPECIFIED.);
#40=B_SPLINE_CURVE_WITH_KNOTS('',3,(#13529,#13530,#13531,#13532,#13533,
#13534,#13535,#13536,#13537,#13538,#13539,#13540,#13541,#13542,#13543,#13544,
#13545,#13546,#13547,#13548,#13549,#13550,#13551,#13552,#13553,#13554,#13555,
#13556),.UNSPECIFIED.,.T.,.F.,(4,2,2,1,2,2,1,1,1,1,1,1,1,2,2,1,1,1,1,4),
(-3.81267028666315,-3.6769767180083,-3.54128314935346,-3.40464312610379,
-3.26800310285413,-3.13136307960446,-3.02935628946462,-2.92734949932479,
-2.82534270918495,-2.72333591904511,-2.62132912890527,-2.51932233876543,
-2.41731554862559,-2.31530875848575,-2.17866873523609,-2.04250193928383,
-1.9744185413077,-1.90633514333157,-1.77016834737932,-1.63400155142706),
 .UNSPECIFIED.);
#41=ELLIPSE('',#7922,10.6421903766653,5.75);
#42=ELLIPSE('',#8104,1.4142135623731,1.);
#43=ELLIPSE('',#8120,1.4142135623731,1.);
#44=ELLIPSE('',#8160,10.6421903766653,5.75);
#45=ELLIPSE('',#8341,1.4142135623731,1.);
#46=ELLIPSE('',#8357,1.4142135623731,1.);
#47=STYLED_ITEM('',(#13648),#51);
#48=STYLED_ITEM('',(#13648),#52);
#49=STYLED_ITEM('',(#13649),#53);
#50=STYLED_ITEM('',(#13649),#54);
#51=MANIFOLD_SOLID_BREP('Solid161',#7499);
#52=MANIFOLD_SOLID_BREP('Solid161',#7500);
#53=MANIFOLD_SOLID_BREP('Solid162',#7501);
#54=MANIFOLD_SOLID_BREP('Solid162',#7502);
#55=(
BOUNDED_CURVE()
B_SPLINE_CURVE(2,(#11027,#11028,#11029),.UNSPECIFIED.,.F.,.F.)
B_SPLINE_CURVE_WITH_KNOTS((3,3),(0.,0.353270434653094),.UNSPECIFIED.)
CURVE()
GEOMETRIC_REPRESENTATION_ITEM()
RATIONAL_B_SPLINE_CURVE((1.,1.,1.))
REPRESENTATION_ITEM('')
);
#56=(
BOUNDED_CURVE()
B_SPLINE_CURVE(2,(#11493,#11494,#11495),.UNSPECIFIED.,.F.,.F.)
B_SPLINE_CURVE_WITH_KNOTS((3,3),(0.,0.353270434653094),.UNSPECIFIED.)
CURVE()
GEOMETRIC_REPRESENTATION_ITEM()
RATIONAL_B_SPLINE_CURVE((1.,1.,1.))
REPRESENTATION_ITEM('')
);
#57=(
BOUNDED_CURVE()
B_SPLINE_CURVE(2,(#11663,#11664,#11665),.UNSPECIFIED.,.F.,.F.)
B_SPLINE_CURVE_WITH_KNOTS((3,3),(0.,0.0961944149177364),.UNSPECIFIED.)
CURVE()
GEOMETRIC_REPRESENTATION_ITEM()
RATIONAL_B_SPLINE_CURVE((1.,1.00235239564904,1.))
REPRESENTATION_ITEM('')
);
#58=(
BOUNDED_CURVE()
B_SPLINE_CURVE(2,(#11671,#11672,#11673),.UNSPECIFIED.,.F.,.F.)
B_SPLINE_CURVE_WITH_KNOTS((3,3),(0.,0.0961944149177364),.UNSPECIFIED.)
CURVE()
GEOMETRIC_REPRESENTATION_ITEM()
RATIONAL_B_SPLINE_CURVE((1.,1.00235239564904,1.))
REPRESENTATION_ITEM('')
);
#59=(
BOUNDED_CURVE()
B_SPLINE_CURVE(2,(#12139,#12140,#12141),.UNSPECIFIED.,.F.,.F.)
B_SPLINE_CURVE_WITH_KNOTS((3,3),(0.,0.353270434653124),.UNSPECIFIED.)
CURVE()
GEOMETRIC_REPRESENTATION_ITEM()
RATIONAL_B_SPLINE_CURVE((1.,1.,1.))
REPRESENTATION_ITEM('')
);
#60=(
BOUNDED_CURVE()
B_SPLINE_CURVE(2,(#12317,#12318,#12319),.UNSPECIFIED.,.F.,.F.)
B_SPLINE_CURVE_WITH_KNOTS((3,3),(0.,0.176635217326562),.UNSPECIFIED.)
CURVE()
GEOMETRIC_REPRESENTATION_ITEM()
RATIONAL_B_SPLINE_CURVE((1.,1.,1.))
REPRESENTATION_ITEM('')
);
#61=(
BOUNDED_CURVE()
B_SPLINE_CURVE(2,(#12321,#12322,#12323),.UNSPECIFIED.,.F.,.F.)
B_SPLINE_CURVE_WITH_KNOTS((3,3),(0.176635217326562,0.353270434653124),
 .UNSPECIFIED.)
CURVE()
GEOMETRIC_REPRESENTATION_ITEM()
RATIONAL_B_SPLINE_CURVE((1.,1.,1.))
REPRESENTATION_ITEM('')
);
#62=(
BOUNDED_CURVE()
B_SPLINE_CURVE(2,(#12329,#12330,#12331),.UNSPECIFIED.,.F.,.F.)
B_SPLINE_CURVE_WITH_KNOTS((3,3),(0.291467157348433,0.521558766851347),
 .UNSPECIFIED.)
CURVE()
GEOMETRIC_REPRESENTATION_ITEM()
RATIONAL_B_SPLINE_CURVE((1.16152706618862,1.18057442796899,1.12903225806451))
REPRESENTATION_ITEM('')
);
#63=(
BOUNDED_CURVE()
B_SPLINE_CURVE(2,(#12645,#12646,#12647),.UNSPECIFIED.,.F.,.F.)
B_SPLINE_CURVE_WITH_KNOTS((3,3),(0.,0.0961944149177364),.UNSPECIFIED.)
CURVE()
GEOMETRIC_REPRESENTATION_ITEM()
RATIONAL_B_SPLINE_CURVE((1.,1.00235239564904,1.))
REPRESENTATION_ITEM('')
);
#64=(
BOUNDED_CURVE()
B_SPLINE_CURVE(2,(#12651,#12652,#12653),.UNSPECIFIED.,.F.,.F.)
B_SPLINE_CURVE_WITH_KNOTS((3,3),(0.,0.0961944149177364),.UNSPECIFIED.)
CURVE()
GEOMETRIC_REPRESENTATION_ITEM()
RATIONAL_B_SPLINE_CURVE((1.,1.00235239564904,1.))
REPRESENTATION_ITEM('')
);
#65=(
BOUNDED_CURVE()
B_SPLINE_CURVE(2,(#13121,#13122,#13123),.UNSPECIFIED.,.F.,.F.)
B_SPLINE_CURVE_WITH_KNOTS((3,3),(0.,0.353270434653124),.UNSPECIFIED.)
CURVE()
GEOMETRIC_REPRESENTATION_ITEM()
RATIONAL_B_SPLINE_CURVE((1.,1.,1.))
REPRESENTATION_ITEM('')
);
#66=(
BOUNDED_CURVE()
B_SPLINE_CURVE(2,(#13299,#13300,#13301),.UNSPECIFIED.,.F.,.F.)
B_SPLINE_CURVE_WITH_KNOTS((3,3),(0.,0.176635217326562),.UNSPECIFIED.)
CURVE()
GEOMETRIC_REPRESENTATION_ITEM()
RATIONAL_B_SPLINE_CURVE((1.,1.,1.))
REPRESENTATION_ITEM('')
);
#67=(
BOUNDED_CURVE()
B_SPLINE_CURVE(2,(#13302,#13303,#13304),.UNSPECIFIED.,.F.,.F.)
B_SPLINE_CURVE_WITH_KNOTS((3,3),(0.176635217326562,0.353270434653124),
 .UNSPECIFIED.)
CURVE()
GEOMETRIC_REPRESENTATION_ITEM()
RATIONAL_B_SPLINE_CURVE((1.,1.,1.))
REPRESENTATION_ITEM('')
);
#68=(
BOUNDED_CURVE()
B_SPLINE_CURVE(2,(#13319,#13320,#13321),.UNSPECIFIED.,.F.,.F.)
B_SPLINE_CURVE_WITH_KNOTS((3,3),(0.291467157348433,0.521558766851347),
 .UNSPECIFIED.)
CURVE()
GEOMETRIC_REPRESENTATION_ITEM()
RATIONAL_B_SPLINE_CURVE((1.16152706618862,1.18057442796899,1.12903225806451))
REPRESENTATION_ITEM('')
);
#69=CYLINDRICAL_SURFACE('',#7530,1.75);
#70=CYLINDRICAL_SURFACE('',#7537,1.75);
#71=CYLINDRICAL_SURFACE('',#7544,1.75);
#72=CYLINDRICAL_SURFACE('',#7551,1.75);
#73=CYLINDRICAL_SURFACE('',#7555,4.);
#74=CYLINDRICAL_SURFACE('',#7559,4.);
#75=CYLINDRICAL_SURFACE('',#7563,4.);
#76=CYLINDRICAL_SURFACE('',#7567,4.);
#77=CYLINDRICAL_SURFACE('',#7588,2.);
#78=CYLINDRICAL_SURFACE('',#7592,1.75);
#79=CYLINDRICAL_SURFACE('',#7597,1.75);
#80=CYLINDRICAL_SURFACE('',#7602,2.);
#81=CYLINDRICAL_SURFACE('',#7608,2.);
#82=CYLINDRICAL_SURFACE('',#7614,2.);
#83=CYLINDRICAL_SURFACE('',#7640,1.75);
#84=CYLINDRICAL_SURFACE('',#7644,1.75);
#85=CYLINDRICAL_SURFACE('',#7649,1.75);
#86=CYLINDRICAL_SURFACE('',#7653,1.75);
#87=CYLINDRICAL_SURFACE('',#7658,3.5);
#88=CYLINDRICAL_SURFACE('',#7661,11.5);
#89=CYLINDRICAL_SURFACE('',#7682,1.);
#90=CYLINDRICAL_SURFACE('',#7705,1.8);
#91=CYLINDRICAL_SURFACE('',#7707,1.);
#92=CYLINDRICAL_SURFACE('',#7709,2.00000000000001);
#93=CYLINDRICAL_SURFACE('',#7726,1.75);
#94=CYLINDRICAL_SURFACE('',#7733,1.75);
#95=CYLINDRICAL_SURFACE('',#7740,1.75);
#96=CYLINDRICAL_SURFACE('',#7747,1.75);
#97=CYLINDRICAL_SURFACE('',#7751,4.);
#98=CYLINDRICAL_SURFACE('',#7755,4.);
#99=CYLINDRICAL_SURFACE('',#7759,4.);
#100=CYLINDRICAL_SURFACE('',#7763,4.);
#101=CYLINDRICAL_SURFACE('',#7784,2.);
#102=CYLINDRICAL_SURFACE('',#7788,1.75);
#103=CYLINDRICAL_SURFACE('',#7793,1.75);
#104=CYLINDRICAL_SURFACE('',#7798,2.);
#105=CYLINDRICAL_SURFACE('',#7804,2.);
#106=CYLINDRICAL_SURFACE('',#7810,2.);
#107=CYLINDRICAL_SURFACE('',#7836,1.75);
#108=CYLINDRICAL_SURFACE('',#7840,1.75);
#109=CYLINDRICAL_SURFACE('',#7845,1.75);
#110=CYLINDRICAL_SURFACE('',#7849,1.75);
#111=CYLINDRICAL_SURFACE('',#7854,3.5);
#112=CYLINDRICAL_SURFACE('',#7857,11.5);
#113=CYLINDRICAL_SURFACE('',#7878,1.);
#114=CYLINDRICAL_SURFACE('',#7901,1.8);
#115=CYLINDRICAL_SURFACE('',#7903,1.);
#116=CYLINDRICAL_SURFACE('',#7905,2.00000000000001);
#117=CYLINDRICAL_SURFACE('',#7921,5.75);
#118=CYLINDRICAL_SURFACE('',#7949,1.75);
#119=CYLINDRICAL_SURFACE('',#7953,1.75);
#120=CYLINDRICAL_SURFACE('',#7957,1.75);
#121=CYLINDRICAL_SURFACE('',#7959,3.5);
#122=CYLINDRICAL_SURFACE('',#7964,1.75);
#123=CYLINDRICAL_SURFACE('',#7972,1.75);
#124=CYLINDRICAL_SURFACE('',#7976,1.75);
#125=CYLINDRICAL_SURFACE('',#7980,1.65);
#126=CYLINDRICAL_SURFACE('',#7984,1.75);
#127=CYLINDRICAL_SURFACE('',#7986,1.75);
#128=CYLINDRICAL_SURFACE('',#7991,1.75);
#129=CYLINDRICAL_SURFACE('',#8024,10.);
#130=CYLINDRICAL_SURFACE('',#8053,3.5);
#131=CYLINDRICAL_SURFACE('',#8080,3.5);
#132=CYLINDRICAL_SURFACE('',#8083,3.5);
#133=CYLINDRICAL_SURFACE('',#8086,3.5);
#134=CYLINDRICAL_SURFACE('',#8089,3.5);
#135=CYLINDRICAL_SURFACE('',#8092,3.5);
#136=CYLINDRICAL_SURFACE('',#8096,3.5);
#137=CYLINDRICAL_SURFACE('',#8099,3.5);
#138=CYLINDRICAL_SURFACE('',#8102,3.5);
#139=CYLINDRICAL_SURFACE('',#8121,1.8);
#140=CYLINDRICAL_SURFACE('',#8123,3.5);
#141=CYLINDRICAL_SURFACE('',#8142,1.);
#142=CYLINDRICAL_SURFACE('',#8143,1.);
#143=CYLINDRICAL_SURFACE('',#8147,2.00000000000001);
#144=CYLINDRICAL_SURFACE('',#8149,1.);
#145=CYLINDRICAL_SURFACE('',#8150,1.);
#146=CYLINDRICAL_SURFACE('',#8151,1.);
#147=CYLINDRICAL_SURFACE('',#8158,5.75);
#148=CYLINDRICAL_SURFACE('',#8186,1.75);
#149=CYLINDRICAL_SURFACE('',#8190,1.75);
#150=CYLINDRICAL_SURFACE('',#8194,1.75);
#151=CYLINDRICAL_SURFACE('',#8196,3.5);
#152=CYLINDRICAL_SURFACE('',#8201,1.75);
#153=CYLINDRICAL_SURFACE('',#8209,1.75);
#154=CYLINDRICAL_SURFACE('',#8213,1.75);
#155=CYLINDRICAL_SURFACE('',#8217,1.65);
#156=CYLINDRICAL_SURFACE('',#8221,1.75);
#157=CYLINDRICAL_SURFACE('',#8223,1.75);
#158=CYLINDRICAL_SURFACE('',#8228,1.75);
#159=CYLINDRICAL_SURFACE('',#8261,10.);
#160=CYLINDRICAL_SURFACE('',#8290,3.5);
#161=CYLINDRICAL_SURFACE('',#8317,3.5);
#162=CYLINDRICAL_SURFACE('',#8320,3.5);
#163=CYLINDRICAL_SURFACE('',#8323,3.5);
#164=CYLINDRICAL_SURFACE('',#8326,3.5);
#165=CYLINDRICAL_SURFACE('',#8329,3.5);
#166=CYLINDRICAL_SURFACE('',#8333,3.5);
#167=CYLINDRICAL_SURFACE('',#8336,3.5);
#168=CYLINDRICAL_SURFACE('',#8339,3.5);
#169=CYLINDRICAL_SURFACE('',#8358,1.8);
#170=CYLINDRICAL_SURFACE('',#8360,3.5);
#171=CYLINDRICAL_SURFACE('',#8379,1.);
#172=CYLINDRICAL_SURFACE('',#8380,1.);
#173=CYLINDRICAL_SURFACE('',#8384,2.00000000000001);
#174=CYLINDRICAL_SURFACE('',#8386,1.);
#175=CYLINDRICAL_SURFACE('',#8387,1.);
#176=CYLINDRICAL_SURFACE('',#8388,1.);
#177=FACE_BOUND('',#949,.T.);
#178=FACE_BOUND('',#953,.T.);
#179=FACE_BOUND('',#957,.T.);
#180=FACE_BOUND('',#961,.T.);
#181=FACE_BOUND('',#973,.T.);
#182=FACE_BOUND('',#974,.T.);
#183=FACE_BOUND('',#975,.T.);
#184=FACE_BOUND('',#976,.T.);
#185=FACE_BOUND('',#977,.T.);
#186=FACE_BOUND('',#978,.T.);
#187=FACE_BOUND('',#979,.T.);
#188=FACE_BOUND('',#980,.T.);
#189=FACE_BOUND('',#981,.T.);
#190=FACE_BOUND('',#982,.T.);
#191=FACE_BOUND('',#983,.T.);
#192=FACE_BOUND('',#1001,.T.);
#193=FACE_BOUND('',#1004,.T.);
#194=FACE_BOUND('',#1005,.T.);
#195=FACE_BOUND('',#1006,.T.);
#196=FACE_BOUND('',#1007,.T.);
#197=FACE_BOUND('',#1008,.T.);
#198=FACE_BOUND('',#1009,.T.);
#199=FACE_BOUND('',#1010,.T.);
#200=FACE_BOUND('',#1011,.T.);
#201=FACE_BOUND('',#1012,.T.);
#202=FACE_BOUND('',#1013,.T.);
#203=FACE_BOUND('',#1073,.T.);
#204=FACE_BOUND('',#1075,.T.);
#205=FACE_BOUND('',#1077,.T.);
#206=FACE_BOUND('',#1079,.T.);
#207=FACE_BOUND('',#1083,.T.);
#208=FACE_BOUND('',#1087,.T.);
#209=FACE_BOUND('',#1091,.T.);
#210=FACE_BOUND('',#1095,.T.);
#211=FACE_BOUND('',#1107,.T.);
#212=FACE_BOUND('',#1108,.T.);
#213=FACE_BOUND('',#1109,.T.);
#214=FACE_BOUND('',#1110,.T.);
#215=FACE_BOUND('',#1111,.T.);
#216=FACE_BOUND('',#1112,.T.);
#217=FACE_BOUND('',#1113,.T.);
#218=FACE_BOUND('',#1114,.T.);
#219=FACE_BOUND('',#1115,.T.);
#220=FACE_BOUND('',#1116,.T.);
#221=FACE_BOUND('',#1117,.T.);
#222=FACE_BOUND('',#1135,.T.);
#223=FACE_BOUND('',#1138,.T.);
#224=FACE_BOUND('',#1139,.T.);
#225=FACE_BOUND('',#1140,.T.);
#226=FACE_BOUND('',#1141,.T.);
#227=FACE_BOUND('',#1142,.T.);
#228=FACE_BOUND('',#1143,.T.);
#229=FACE_BOUND('',#1144,.T.);
#230=FACE_BOUND('',#1145,.T.);
#231=FACE_BOUND('',#1146,.T.);
#232=FACE_BOUND('',#1147,.T.);
#233=FACE_BOUND('',#1207,.T.);
#234=FACE_BOUND('',#1209,.T.);
#235=FACE_BOUND('',#1211,.T.);
#236=FACE_BOUND('',#1213,.T.);
#237=FACE_BOUND('',#1217,.T.);
#238=FACE_BOUND('',#1218,.T.);
#239=FACE_BOUND('',#1223,.T.);
#240=FACE_BOUND('',#1224,.T.);
#241=FACE_BOUND('',#1225,.T.);
#242=FACE_BOUND('',#1226,.T.);
#243=FACE_BOUND('',#1227,.T.);
#244=FACE_BOUND('',#1228,.T.);
#245=FACE_BOUND('',#1229,.T.);
#246=FACE_BOUND('',#1230,.T.);
#247=FACE_BOUND('',#1231,.T.);
#248=FACE_BOUND('',#1232,.T.);
#249=FACE_BOUND('',#1245,.T.);
#250=FACE_BOUND('',#1248,.T.);
#251=FACE_BOUND('',#1261,.T.);
#252=FACE_BOUND('',#1264,.T.);
#253=FACE_BOUND('',#1267,.T.);
#254=FACE_BOUND('',#1270,.T.);
#255=FACE_BOUND('',#1273,.T.);
#256=FACE_BOUND('',#1276,.T.);
#257=FACE_BOUND('',#1279,.T.);
#258=FACE_BOUND('',#1282,.T.);
#259=FACE_BOUND('',#1310,.T.);
#260=FACE_BOUND('',#1311,.T.);
#261=FACE_BOUND('',#1312,.T.);
#262=FACE_BOUND('',#1313,.T.);
#263=FACE_BOUND('',#1314,.T.);
#264=FACE_BOUND('',#1315,.T.);
#265=FACE_BOUND('',#1352,.T.);
#266=FACE_BOUND('',#1364,.T.);
#267=FACE_BOUND('',#1373,.T.);
#268=FACE_BOUND('',#1376,.T.);
#269=FACE_BOUND('',#1377,.T.);
#270=FACE_BOUND('',#1382,.T.);
#271=FACE_BOUND('',#1383,.T.);
#272=FACE_BOUND('',#1384,.T.);
#273=FACE_BOUND('',#1385,.T.);
#274=FACE_BOUND('',#1386,.T.);
#275=FACE_BOUND('',#1387,.T.);
#276=FACE_BOUND('',#1388,.T.);
#277=FACE_BOUND('',#1389,.T.);
#278=FACE_BOUND('',#1390,.T.);
#279=FACE_BOUND('',#1391,.T.);
#280=FACE_BOUND('',#1404,.T.);
#281=FACE_BOUND('',#1407,.T.);
#282=FACE_BOUND('',#1420,.T.);
#283=FACE_BOUND('',#1423,.T.);
#284=FACE_BOUND('',#1426,.T.);
#285=FACE_BOUND('',#1429,.T.);
#286=FACE_BOUND('',#1432,.T.);
#287=FACE_BOUND('',#1435,.T.);
#288=FACE_BOUND('',#1438,.T.);
#289=FACE_BOUND('',#1441,.T.);
#290=FACE_BOUND('',#1469,.T.);
#291=FACE_BOUND('',#1470,.T.);
#292=FACE_BOUND('',#1471,.T.);
#293=FACE_BOUND('',#1472,.T.);
#294=FACE_BOUND('',#1473,.T.);
#295=FACE_BOUND('',#1474,.T.);
#296=FACE_BOUND('',#1511,.T.);
#297=FACE_BOUND('',#1523,.T.);
#298=FACE_BOUND('',#1532,.T.);
#299=PLANE('',#7528);
#300=PLANE('',#7535);
#301=PLANE('',#7542);
#302=PLANE('',#7549);
#303=PLANE('',#7573);
#304=PLANE('',#7619);
#305=PLANE('',#7624);
#306=PLANE('',#7657);
#307=PLANE('',#7663);
#308=PLANE('',#7664);
#309=PLANE('',#7665);
#310=PLANE('',#7666);
#311=PLANE('',#7667);
#312=PLANE('',#7670);
#313=PLANE('',#7673);
#314=PLANE('',#7676);
#315=PLANE('',#7679);
#316=PLANE('',#7680);
#317=PLANE('',#7681);
#318=PLANE('',#7684);
#319=PLANE('',#7685);
#320=PLANE('',#7686);
#321=PLANE('',#7687);
#322=PLANE('',#7688);
#323=PLANE('',#7689);
#324=PLANE('',#7690);
#325=PLANE('',#7693);
#326=PLANE('',#7696);
#327=PLANE('',#7699);
#328=PLANE('',#7701);
#329=PLANE('',#7702);
#330=PLANE('',#7703);
#331=PLANE('',#7704);
#332=PLANE('',#7706);
#333=PLANE('',#7708);
#334=PLANE('',#7710);
#335=PLANE('',#7716);
#336=PLANE('',#7717);
#337=PLANE('',#7718);
#338=PLANE('',#7719);
#339=PLANE('',#7720);
#340=PLANE('',#7724);
#341=PLANE('',#7731);
#342=PLANE('',#7738);
#343=PLANE('',#7745);
#344=PLANE('',#7769);
#345=PLANE('',#7815);
#346=PLANE('',#7820);
#347=PLANE('',#7853);
#348=PLANE('',#7859);
#349=PLANE('',#7860);
#350=PLANE('',#7861);
#351=PLANE('',#7862);
#352=PLANE('',#7863);
#353=PLANE('',#7866);
#354=PLANE('',#7869);
#355=PLANE('',#7872);
#356=PLANE('',#7875);
#357=PLANE('',#7876);
#358=PLANE('',#7877);
#359=PLANE('',#7880);
#360=PLANE('',#7881);
#361=PLANE('',#7882);
#362=PLANE('',#7883);
#363=PLANE('',#7884);
#364=PLANE('',#7885);
#365=PLANE('',#7886);
#366=PLANE('',#7889);
#367=PLANE('',#7892);
#368=PLANE('',#7895);
#369=PLANE('',#7897);
#370=PLANE('',#7898);
#371=PLANE('',#7899);
#372=PLANE('',#7900);
#373=PLANE('',#7902);
#374=PLANE('',#7904);
#375=PLANE('',#7906);
#376=PLANE('',#7912);
#377=PLANE('',#7913);
#378=PLANE('',#7914);
#379=PLANE('',#7915);
#380=PLANE('',#7916);
#381=PLANE('',#7924);
#382=PLANE('',#7925);
#383=PLANE('',#7929);
#384=PLANE('',#7966);
#385=PLANE('',#7969);
#386=PLANE('',#7992);
#387=PLANE('',#7996);
#388=PLANE('',#8000);
#389=PLANE('',#8004);
#390=PLANE('',#8008);
#391=PLANE('',#8012);
#392=PLANE('',#8016);
#393=PLANE('',#8020);
#394=PLANE('',#8026);
#395=PLANE('',#8027);
#396=PLANE('',#8028);
#397=PLANE('',#8029);
#398=PLANE('',#8032);
#399=PLANE('',#8035);
#400=PLANE('',#8038);
#401=PLANE('',#8041);
#402=PLANE('',#8042);
#403=PLANE('',#8043);
#404=PLANE('',#8046);
#405=PLANE('',#8047);
#406=PLANE('',#8048);
#407=PLANE('',#8049);
#408=PLANE('',#8050);
#409=PLANE('',#8051);
#410=PLANE('',#8052);
#411=PLANE('',#8059);
#412=PLANE('',#8103);
#413=PLANE('',#8107);
#414=PLANE('',#8110);
#415=PLANE('',#8111);
#416=PLANE('',#8112);
#417=PLANE('',#8113);
#418=PLANE('',#8114);
#419=PLANE('',#8115);
#420=PLANE('',#8118);
#421=PLANE('',#8119);
#422=PLANE('',#8122);
#423=PLANE('',#8125);
#424=PLANE('',#8126);
#425=PLANE('',#8130);
#426=PLANE('',#8134);
#427=PLANE('',#8138);
#428=PLANE('',#8144);
#429=PLANE('',#8148);
#430=PLANE('',#8152);
#431=PLANE('',#8153);
#432=PLANE('',#8161);
#433=PLANE('',#8162);
#434=PLANE('',#8166);
#435=PLANE('',#8203);
#436=PLANE('',#8206);
#437=PLANE('',#8229);
#438=PLANE('',#8233);
#439=PLANE('',#8237);
#440=PLANE('',#8241);
#441=PLANE('',#8245);
#442=PLANE('',#8249);
#443=PLANE('',#8253);
#444=PLANE('',#8257);
#445=PLANE('',#8263);
#446=PLANE('',#8264);
#447=PLANE('',#8265);
#448=PLANE('',#8266);
#449=PLANE('',#8269);
#450=PLANE('',#8272);
#451=PLANE('',#8275);
#452=PLANE('',#8278);
#453=PLANE('',#8279);
#454=PLANE('',#8280);
#455=PLANE('',#8283);
#456=PLANE('',#8284);
#457=PLANE('',#8285);
#458=PLANE('',#8286);
#459=PLANE('',#8287);
#460=PLANE('',#8288);
#461=PLANE('',#8289);
#462=PLANE('',#8296);
#463=PLANE('',#8340);
#464=PLANE('',#8344);
#465=PLANE('',#8347);
#466=PLANE('',#8348);
#467=PLANE('',#8349);
#468=PLANE('',#8350);
#469=PLANE('',#8351);
#470=PLANE('',#8352);
#471=PLANE('',#8355);
#472=PLANE('',#8356);
#473=PLANE('',#8359);
#474=PLANE('',#8362);
#475=PLANE('',#8363);
#476=PLANE('',#8367);
#477=PLANE('',#8371);
#478=PLANE('',#8375);
#479=PLANE('',#8381);
#480=PLANE('',#8385);
#481=PLANE('',#8389);
#482=PLANE('',#8390);
#483=FACE_OUTER_BOUND('',#947,.T.);
#484=FACE_OUTER_BOUND('',#948,.T.);
#485=FACE_OUTER_BOUND('',#950,.T.);
#486=FACE_OUTER_BOUND('',#951,.T.);
#487=FACE_OUTER_BOUND('',#952,.T.);
#488=FACE_OUTER_BOUND('',#954,.T.);
#489=FACE_OUTER_BOUND('',#955,.T.);
#490=FACE_OUTER_BOUND('',#956,.T.);
#491=FACE_OUTER_BOUND('',#958,.T.);
#492=FACE_OUTER_BOUND('',#959,.T.);
#493=FACE_OUTER_BOUND('',#960,.T.);
#494=FACE_OUTER_BOUND('',#962,.T.);
#495=FACE_OUTER_BOUND('',#963,.T.);
#496=FACE_OUTER_BOUND('',#964,.T.);
#497=FACE_OUTER_BOUND('',#965,.T.);
#498=FACE_OUTER_BOUND('',#966,.T.);
#499=FACE_OUTER_BOUND('',#967,.T.);
#500=FACE_OUTER_BOUND('',#968,.T.);
#501=FACE_OUTER_BOUND('',#969,.T.);
#502=FACE_OUTER_BOUND('',#970,.T.);
#503=FACE_OUTER_BOUND('',#971,.T.);
#504=FACE_OUTER_BOUND('',#972,.T.);
#505=FACE_OUTER_BOUND('',#984,.T.);
#506=FACE_OUTER_BOUND('',#985,.T.);
#507=FACE_OUTER_BOUND('',#986,.T.);
#508=FACE_OUTER_BOUND('',#987,.T.);
#509=FACE_OUTER_BOUND('',#988,.T.);
#510=FACE_OUTER_BOUND('',#989,.T.);
#511=FACE_OUTER_BOUND('',#990,.T.);
#512=FACE_OUTER_BOUND('',#991,.T.);
#513=FACE_OUTER_BOUND('',#992,.T.);
#514=FACE_OUTER_BOUND('',#993,.T.);
#515=FACE_OUTER_BOUND('',#994,.T.);
#516=FACE_OUTER_BOUND('',#995,.T.);
#517=FACE_OUTER_BOUND('',#996,.T.);
#518=FACE_OUTER_BOUND('',#997,.T.);
#519=FACE_OUTER_BOUND('',#998,.T.);
#520=FACE_OUTER_BOUND('',#999,.T.);
#521=FACE_OUTER_BOUND('',#1000,.T.);
#522=FACE_OUTER_BOUND('',#1002,.T.);
#523=FACE_OUTER_BOUND('',#1003,.T.);
#524=FACE_OUTER_BOUND('',#1014,.T.);
#525=FACE_OUTER_BOUND('',#1015,.T.);
#526=FACE_OUTER_BOUND('',#1016,.T.);
#527=FACE_OUTER_BOUND('',#1017,.T.);
#528=FACE_OUTER_BOUND('',#1018,.T.);
#529=FACE_OUTER_BOUND('',#1019,.T.);
#530=FACE_OUTER_BOUND('',#1020,.T.);
#531=FACE_OUTER_BOUND('',#1021,.T.);
#532=FACE_OUTER_BOUND('',#1022,.T.);
#533=FACE_OUTER_BOUND('',#1023,.T.);
#534=FACE_OUTER_BOUND('',#1024,.T.);
#535=FACE_OUTER_BOUND('',#1025,.T.);
#536=FACE_OUTER_BOUND('',#1026,.T.);
#537=FACE_OUTER_BOUND('',#1027,.T.);
#538=FACE_OUTER_BOUND('',#1028,.T.);
#539=FACE_OUTER_BOUND('',#1029,.T.);
#540=FACE_OUTER_BOUND('',#1030,.T.);
#541=FACE_OUTER_BOUND('',#1031,.T.);
#542=FACE_OUTER_BOUND('',#1032,.T.);
#543=FACE_OUTER_BOUND('',#1033,.T.);
#544=FACE_OUTER_BOUND('',#1034,.T.);
#545=FACE_OUTER_BOUND('',#1035,.T.);
#546=FACE_OUTER_BOUND('',#1036,.T.);
#547=FACE_OUTER_BOUND('',#1037,.T.);
#548=FACE_OUTER_BOUND('',#1038,.T.);
#549=FACE_OUTER_BOUND('',#1039,.T.);
#550=FACE_OUTER_BOUND('',#1040,.T.);
#551=FACE_OUTER_BOUND('',#1041,.T.);
#552=FACE_OUTER_BOUND('',#1042,.T.);
#553=FACE_OUTER_BOUND('',#1043,.T.);
#554=FACE_OUTER_BOUND('',#1044,.T.);
#555=FACE_OUTER_BOUND('',#1045,.T.);
#556=FACE_OUTER_BOUND('',#1046,.T.);
#557=FACE_OUTER_BOUND('',#1047,.T.);
#558=FACE_OUTER_BOUND('',#1048,.T.);
#559=FACE_OUTER_BOUND('',#1049,.T.);
#560=FACE_OUTER_BOUND('',#1050,.T.);
#561=FACE_OUTER_BOUND('',#1051,.T.);
#562=FACE_OUTER_BOUND('',#1052,.T.);
#563=FACE_OUTER_BOUND('',#1053,.T.);
#564=FACE_OUTER_BOUND('',#1054,.T.);
#565=FACE_OUTER_BOUND('',#1055,.T.);
#566=FACE_OUTER_BOUND('',#1056,.T.);
#567=FACE_OUTER_BOUND('',#1057,.T.);
#568=FACE_OUTER_BOUND('',#1058,.T.);
#569=FACE_OUTER_BOUND('',#1059,.T.);
#570=FACE_OUTER_BOUND('',#1060,.T.);
#571=FACE_OUTER_BOUND('',#1061,.T.);
#572=FACE_OUTER_BOUND('',#1062,.T.);
#573=FACE_OUTER_BOUND('',#1063,.T.);
#574=FACE_OUTER_BOUND('',#1064,.T.);
#575=FACE_OUTER_BOUND('',#1065,.T.);
#576=FACE_OUTER_BOUND('',#1066,.T.);
#577=FACE_OUTER_BOUND('',#1067,.T.);
#578=FACE_OUTER_BOUND('',#1068,.T.);
#579=FACE_OUTER_BOUND('',#1069,.T.);
#580=FACE_OUTER_BOUND('',#1070,.T.);
#581=FACE_OUTER_BOUND('',#1071,.T.);
#582=FACE_OUTER_BOUND('',#1072,.T.);
#583=FACE_OUTER_BOUND('',#1074,.T.);
#584=FACE_OUTER_BOUND('',#1076,.T.);
#585=FACE_OUTER_BOUND('',#1078,.T.);
#586=FACE_OUTER_BOUND('',#1080,.T.);
#587=FACE_OUTER_BOUND('',#1081,.T.);
#588=FACE_OUTER_BOUND('',#1082,.T.);
#589=FACE_OUTER_BOUND('',#1084,.T.);
#590=FACE_OUTER_BOUND('',#1085,.T.);
#591=FACE_OUTER_BOUND('',#1086,.T.);
#592=FACE_OUTER_BOUND('',#1088,.T.);
#593=FACE_OUTER_BOUND('',#1089,.T.);
#594=FACE_OUTER_BOUND('',#1090,.T.);
#595=FACE_OUTER_BOUND('',#1092,.T.);
#596=FACE_OUTER_BOUND('',#1093,.T.);
#597=FACE_OUTER_BOUND('',#1094,.T.);
#598=FACE_OUTER_BOUND('',#1096,.T.);
#599=FACE_OUTER_BOUND('',#1097,.T.);
#600=FACE_OUTER_BOUND('',#1098,.T.);
#601=FACE_OUTER_BOUND('',#1099,.T.);
#602=FACE_OUTER_BOUND('',#1100,.T.);
#603=FACE_OUTER_BOUND('',#1101,.T.);
#604=FACE_OUTER_BOUND('',#1102,.T.);
#605=FACE_OUTER_BOUND('',#1103,.T.);
#606=FACE_OUTER_BOUND('',#1104,.T.);
#607=FACE_OUTER_BOUND('',#1105,.T.);
#608=FACE_OUTER_BOUND('',#1106,.T.);
#609=FACE_OUTER_BOUND('',#1118,.T.);
#610=FACE_OUTER_BOUND('',#1119,.T.);
#611=FACE_OUTER_BOUND('',#1120,.T.);
#612=FACE_OUTER_BOUND('',#1121,.T.);
#613=FACE_OUTER_BOUND('',#1122,.T.);
#614=FACE_OUTER_BOUND('',#1123,.T.);
#615=FACE_OUTER_BOUND('',#1124,.T.);
#616=FACE_OUTER_BOUND('',#1125,.T.);
#617=FACE_OUTER_BOUND('',#1126,.T.);
#618=FACE_OUTER_BOUND('',#1127,.T.);
#619=FACE_OUTER_BOUND('',#1128,.T.);
#620=FACE_OUTER_BOUND('',#1129,.T.);
#621=FACE_OUTER_BOUND('',#1130,.T.);
#622=FACE_OUTER_BOUND('',#1131,.T.);
#623=FACE_OUTER_BOUND('',#1132,.T.);
#624=FACE_OUTER_BOUND('',#1133,.T.);
#625=FACE_OUTER_BOUND('',#1134,.T.);
#626=FACE_OUTER_BOUND('',#1136,.T.);
#627=FACE_OUTER_BOUND('',#1137,.T.);
#628=FACE_OUTER_BOUND('',#1148,.T.);
#629=FACE_OUTER_BOUND('',#1149,.T.);
#630=FACE_OUTER_BOUND('',#1150,.T.);
#631=FACE_OUTER_BOUND('',#1151,.T.);
#632=FACE_OUTER_BOUND('',#1152,.T.);
#633=FACE_OUTER_BOUND('',#1153,.T.);
#634=FACE_OUTER_BOUND('',#1154,.T.);
#635=FACE_OUTER_BOUND('',#1155,.T.);
#636=FACE_OUTER_BOUND('',#1156,.T.);
#637=FACE_OUTER_BOUND('',#1157,.T.);
#638=FACE_OUTER_BOUND('',#1158,.T.);
#639=FACE_OUTER_BOUND('',#1159,.T.);
#640=FACE_OUTER_BOUND('',#1160,.T.);
#641=FACE_OUTER_BOUND('',#1161,.T.);
#642=FACE_OUTER_BOUND('',#1162,.T.);
#643=FACE_OUTER_BOUND('',#1163,.T.);
#644=FACE_OUTER_BOUND('',#1164,.T.);
#645=FACE_OUTER_BOUND('',#1165,.T.);
#646=FACE_OUTER_BOUND('',#1166,.T.);
#647=FACE_OUTER_BOUND('',#1167,.T.);
#648=FACE_OUTER_BOUND('',#1168,.T.);
#649=FACE_OUTER_BOUND('',#1169,.T.);
#650=FACE_OUTER_BOUND('',#1170,.T.);
#651=FACE_OUTER_BOUND('',#1171,.T.);
#652=FACE_OUTER_BOUND('',#1172,.T.);
#653=FACE_OUTER_BOUND('',#1173,.T.);
#654=FACE_OUTER_BOUND('',#1174,.T.);
#655=FACE_OUTER_BOUND('',#1175,.T.);
#656=FACE_OUTER_BOUND('',#1176,.T.);
#657=FACE_OUTER_BOUND('',#1177,.T.);
#658=FACE_OUTER_BOUND('',#1178,.T.);
#659=FACE_OUTER_BOUND('',#1179,.T.);
#660=FACE_OUTER_BOUND('',#1180,.T.);
#661=FACE_OUTER_BOUND('',#1181,.T.);
#662=FACE_OUTER_BOUND('',#1182,.T.);
#663=FACE_OUTER_BOUND('',#1183,.T.);
#664=FACE_OUTER_BOUND('',#1184,.T.);
#665=FACE_OUTER_BOUND('',#1185,.T.);
#666=FACE_OUTER_BOUND('',#1186,.T.);
#667=FACE_OUTER_BOUND('',#1187,.T.);
#668=FACE_OUTER_BOUND('',#1188,.T.);
#669=FACE_OUTER_BOUND('',#1189,.T.);
#670=FACE_OUTER_BOUND('',#1190,.T.);
#671=FACE_OUTER_BOUND('',#1191,.T.);
#672=FACE_OUTER_BOUND('',#1192,.T.);
#673=FACE_OUTER_BOUND('',#1193,.T.);
#674=FACE_OUTER_BOUND('',#1194,.T.);
#675=FACE_OUTER_BOUND('',#1195,.T.);
#676=FACE_OUTER_BOUND('',#1196,.T.);
#677=FACE_OUTER_BOUND('',#1197,.T.);
#678=FACE_OUTER_BOUND('',#1198,.T.);
#679=FACE_OUTER_BOUND('',#1199,.T.);
#680=FACE_OUTER_BOUND('',#1200,.T.);
#681=FACE_OUTER_BOUND('',#1201,.T.);
#682=FACE_OUTER_BOUND('',#1202,.T.);
#683=FACE_OUTER_BOUND('',#1203,.T.);
#684=FACE_OUTER_BOUND('',#1204,.T.);
#685=FACE_OUTER_BOUND('',#1205,.T.);
#686=FACE_OUTER_BOUND('',#1206,.T.);
#687=FACE_OUTER_BOUND('',#1208,.T.);
#688=FACE_OUTER_BOUND('',#1210,.T.);
#689=FACE_OUTER_BOUND('',#1212,.T.);
#690=FACE_OUTER_BOUND('',#1214,.T.);
#691=FACE_OUTER_BOUND('',#1215,.T.);
#692=FACE_OUTER_BOUND('',#1216,.T.);
#693=FACE_OUTER_BOUND('',#1219,.T.);
#694=FACE_OUTER_BOUND('',#1220,.T.);
#695=FACE_OUTER_BOUND('',#1221,.T.);
#696=FACE_OUTER_BOUND('',#1222,.T.);
#697=FACE_OUTER_BOUND('',#1233,.T.);
#698=FACE_OUTER_BOUND('',#1234,.T.);
#699=FACE_OUTER_BOUND('',#1235,.T.);
#700=FACE_OUTER_BOUND('',#1236,.T.);
#701=FACE_OUTER_BOUND('',#1237,.T.);
#702=FACE_OUTER_BOUND('',#1238,.T.);
#703=FACE_OUTER_BOUND('',#1239,.T.);
#704=FACE_OUTER_BOUND('',#1240,.T.);
#705=FACE_OUTER_BOUND('',#1241,.T.);
#706=FACE_OUTER_BOUND('',#1242,.T.);
#707=FACE_OUTER_BOUND('',#1243,.T.);
#708=FACE_OUTER_BOUND('',#1244,.T.);
#709=FACE_OUTER_BOUND('',#1246,.T.);
#710=FACE_OUTER_BOUND('',#1247,.T.);
#711=FACE_OUTER_BOUND('',#1249,.T.);
#712=FACE_OUTER_BOUND('',#1250,.T.);
#713=FACE_OUTER_BOUND('',#1251,.T.);
#714=FACE_OUTER_BOUND('',#1252,.T.);
#715=FACE_OUTER_BOUND('',#1253,.T.);
#716=FACE_OUTER_BOUND('',#1254,.T.);
#717=FACE_OUTER_BOUND('',#1255,.T.);
#718=FACE_OUTER_BOUND('',#1256,.T.);
#719=FACE_OUTER_BOUND('',#1257,.T.);
#720=FACE_OUTER_BOUND('',#1258,.T.);
#721=FACE_OUTER_BOUND('',#1259,.T.);
#722=FACE_OUTER_BOUND('',#1260,.T.);
#723=FACE_OUTER_BOUND('',#1262,.T.);
#724=FACE_OUTER_BOUND('',#1263,.T.);
#725=FACE_OUTER_BOUND('',#1265,.T.);
#726=FACE_OUTER_BOUND('',#1266,.T.);
#727=FACE_OUTER_BOUND('',#1268,.T.);
#728=FACE_OUTER_BOUND('',#1269,.T.);
#729=FACE_OUTER_BOUND('',#1271,.T.);
#730=FACE_OUTER_BOUND('',#1272,.T.);
#731=FACE_OUTER_BOUND('',#1274,.T.);
#732=FACE_OUTER_BOUND('',#1275,.T.);
#733=FACE_OUTER_BOUND('',#1277,.T.);
#734=FACE_OUTER_BOUND('',#1278,.T.);
#735=FACE_OUTER_BOUND('',#1280,.T.);
#736=FACE_OUTER_BOUND('',#1281,.T.);
#737=FACE_OUTER_BOUND('',#1283,.T.);
#738=FACE_OUTER_BOUND('',#1284,.T.);
#739=FACE_OUTER_BOUND('',#1285,.T.);
#740=FACE_OUTER_BOUND('',#1286,.T.);
#741=FACE_OUTER_BOUND('',#1287,.T.);
#742=FACE_OUTER_BOUND('',#1288,.T.);
#743=FACE_OUTER_BOUND('',#1289,.T.);
#744=FACE_OUTER_BOUND('',#1290,.T.);
#745=FACE_OUTER_BOUND('',#1291,.T.);
#746=FACE_OUTER_BOUND('',#1292,.T.);
#747=FACE_OUTER_BOUND('',#1293,.T.);
#748=FACE_OUTER_BOUND('',#1294,.T.);
#749=FACE_OUTER_BOUND('',#1295,.T.);
#750=FACE_OUTER_BOUND('',#1296,.T.);
#751=FACE_OUTER_BOUND('',#1297,.T.);
#752=FACE_OUTER_BOUND('',#1298,.T.);
#753=FACE_OUTER_BOUND('',#1299,.T.);
#754=FACE_OUTER_BOUND('',#1300,.T.);
#755=FACE_OUTER_BOUND('',#1301,.T.);
#756=FACE_OUTER_BOUND('',#1302,.T.);
#757=FACE_OUTER_BOUND('',#1303,.T.);
#758=FACE_OUTER_BOUND('',#1304,.T.);
#759=FACE_OUTER_BOUND('',#1305,.T.);
#760=FACE_OUTER_BOUND('',#1306,.T.);
#761=FACE_OUTER_BOUND('',#1307,.T.);
#762=FACE_OUTER_BOUND('',#1308,.T.);
#763=FACE_OUTER_BOUND('',#1309,.T.);
#764=FACE_OUTER_BOUND('',#1316,.T.);
#765=FACE_OUTER_BOUND('',#1317,.T.);
#766=FACE_OUTER_BOUND('',#1318,.T.);
#767=FACE_OUTER_BOUND('',#1319,.T.);
#768=FACE_OUTER_BOUND('',#1320,.T.);
#769=FACE_OUTER_BOUND('',#1321,.T.);
#770=FACE_OUTER_BOUND('',#1322,.T.);
#771=FACE_OUTER_BOUND('',#1323,.T.);
#772=FACE_OUTER_BOUND('',#1324,.T.);
#773=FACE_OUTER_BOUND('',#1325,.T.);
#774=FACE_OUTER_BOUND('',#1326,.T.);
#775=FACE_OUTER_BOUND('',#1327,.T.);
#776=FACE_OUTER_BOUND('',#1328,.T.);
#777=FACE_OUTER_BOUND('',#1329,.T.);
#778=FACE_OUTER_BOUND('',#1330,.T.);
#779=FACE_OUTER_BOUND('',#1331,.T.);
#780=FACE_OUTER_BOUND('',#1332,.T.);
#781=FACE_OUTER_BOUND('',#1333,.T.);
#782=FACE_OUTER_BOUND('',#1334,.T.);
#783=FACE_OUTER_BOUND('',#1335,.T.);
#784=FACE_OUTER_BOUND('',#1336,.T.);
#785=FACE_OUTER_BOUND('',#1337,.T.);
#786=FACE_OUTER_BOUND('',#1338,.T.);
#787=FACE_OUTER_BOUND('',#1339,.T.);
#788=FACE_OUTER_BOUND('',#1340,.T.);
#789=FACE_OUTER_BOUND('',#1341,.T.);
#790=FACE_OUTER_BOUND('',#1342,.T.);
#791=FACE_OUTER_BOUND('',#1343,.T.);
#792=FACE_OUTER_BOUND('',#1344,.T.);
#793=FACE_OUTER_BOUND('',#1345,.T.);
#794=FACE_OUTER_BOUND('',#1346,.T.);
#795=FACE_OUTER_BOUND('',#1347,.T.);
#796=FACE_OUTER_BOUND('',#1348,.T.);
#797=FACE_OUTER_BOUND('',#1349,.T.);
#798=FACE_OUTER_BOUND('',#1350,.T.);
#799=FACE_OUTER_BOUND('',#1351,.T.);
#800=FACE_OUTER_BOUND('',#1353,.T.);
#801=FACE_OUTER_BOUND('',#1354,.T.);
#802=FACE_OUTER_BOUND('',#1355,.T.);
#803=FACE_OUTER_BOUND('',#1356,.T.);
#804=FACE_OUTER_BOUND('',#1357,.T.);
#805=FACE_OUTER_BOUND('',#1358,.T.);
#806=FACE_OUTER_BOUND('',#1359,.T.);
#807=FACE_OUTER_BOUND('',#1360,.T.);
#808=FACE_OUTER_BOUND('',#1361,.T.);
#809=FACE_OUTER_BOUND('',#1362,.T.);
#810=FACE_OUTER_BOUND('',#1363,.T.);
#811=FACE_OUTER_BOUND('',#1365,.T.);
#812=FACE_OUTER_BOUND('',#1366,.T.);
#813=FACE_OUTER_BOUND('',#1367,.T.);
#814=FACE_OUTER_BOUND('',#1368,.T.);
#815=FACE_OUTER_BOUND('',#1369,.T.);
#816=FACE_OUTER_BOUND('',#1370,.T.);
#817=FACE_OUTER_BOUND('',#1371,.T.);
#818=FACE_OUTER_BOUND('',#1372,.T.);
#819=FACE_OUTER_BOUND('',#1374,.T.);
#820=FACE_OUTER_BOUND('',#1375,.T.);
#821=FACE_OUTER_BOUND('',#1378,.T.);
#822=FACE_OUTER_BOUND('',#1379,.T.);
#823=FACE_OUTER_BOUND('',#1380,.T.);
#824=FACE_OUTER_BOUND('',#1381,.T.);
#825=FACE_OUTER_BOUND('',#1392,.T.);
#826=FACE_OUTER_BOUND('',#1393,.T.);
#827=FACE_OUTER_BOUND('',#1394,.T.);
#828=FACE_OUTER_BOUND('',#1395,.T.);
#829=FACE_OUTER_BOUND('',#1396,.T.);
#830=FACE_OUTER_BOUND('',#1397,.T.);
#831=FACE_OUTER_BOUND('',#1398,.T.);
#832=FACE_OUTER_BOUND('',#1399,.T.);
#833=FACE_OUTER_BOUND('',#1400,.T.);
#834=FACE_OUTER_BOUND('',#1401,.T.);
#835=FACE_OUTER_BOUND('',#1402,.T.);
#836=FACE_OUTER_BOUND('',#1403,.T.);
#837=FACE_OUTER_BOUND('',#1405,.T.);
#838=FACE_OUTER_BOUND('',#1406,.T.);
#839=FACE_OUTER_BOUND('',#1408,.T.);
#840=FACE_OUTER_BOUND('',#1409,.T.);
#841=FACE_OUTER_BOUND('',#1410,.T.);
#842=FACE_OUTER_BOUND('',#1411,.T.);
#843=FACE_OUTER_BOUND('',#1412,.T.);
#844=FACE_OUTER_BOUND('',#1413,.T.);
#845=FACE_OUTER_BOUND('',#1414,.T.);
#846=FACE_OUTER_BOUND('',#1415,.T.);
#847=FACE_OUTER_BOUND('',#1416,.T.);
#848=FACE_OUTER_BOUND('',#1417,.T.);
#849=FACE_OUTER_BOUND('',#1418,.T.);
#850=FACE_OUTER_BOUND('',#1419,.T.);
#851=FACE_OUTER_BOUND('',#1421,.T.);
#852=FACE_OUTER_BOUND('',#1422,.T.);
#853=FACE_OUTER_BOUND('',#1424,.T.);
#854=FACE_OUTER_BOUND('',#1425,.T.);
#855=FACE_OUTER_BOUND('',#1427,.T.);
#856=FACE_OUTER_BOUND('',#1428,.T.);
#857=FACE_OUTER_BOUND('',#1430,.T.);
#858=FACE_OUTER_BOUND('',#1431,.T.);
#859=FACE_OUTER_BOUND('',#1433,.T.);
#860=FACE_OUTER_BOUND('',#1434,.T.);
#861=FACE_OUTER_BOUND('',#1436,.T.);
#862=FACE_OUTER_BOUND('',#1437,.T.);
#863=FACE_OUTER_BOUND('',#1439,.T.);
#864=FACE_OUTER_BOUND('',#1440,.T.);
#865=FACE_OUTER_BOUND('',#1442,.T.);
#866=FACE_OUTER_BOUND('',#1443,.T.);
#867=FACE_OUTER_BOUND('',#1444,.T.);
#868=FACE_OUTER_BOUND('',#1445,.T.);
#869=FACE_OUTER_BOUND('',#1446,.T.);
#870=FACE_OUTER_BOUND('',#1447,.T.);
#871=FACE_OUTER_BOUND('',#1448,.T.);
#872=FACE_OUTER_BOUND('',#1449,.T.);
#873=FACE_OUTER_BOUND('',#1450,.T.);
#874=FACE_OUTER_BOUND('',#1451,.T.);
#875=FACE_OUTER_BOUND('',#1452,.T.);
#876=FACE_OUTER_BOUND('',#1453,.T.);
#877=FACE_OUTER_BOUND('',#1454,.T.);
#878=FACE_OUTER_BOUND('',#1455,.T.);
#879=FACE_OUTER_BOUND('',#1456,.T.);
#880=FACE_OUTER_BOUND('',#1457,.T.);
#881=FACE_OUTER_BOUND('',#1458,.T.);
#882=FACE_OUTER_BOUND('',#1459,.T.);
#883=FACE_OUTER_BOUND('',#1460,.T.);
#884=FACE_OUTER_BOUND('',#1461,.T.);
#885=FACE_OUTER_BOUND('',#1462,.T.);
#886=FACE_OUTER_BOUND('',#1463,.T.);
#887=FACE_OUTER_BOUND('',#1464,.T.);
#888=FACE_OUTER_BOUND('',#1465,.T.);
#889=FACE_OUTER_BOUND('',#1466,.T.);
#890=FACE_OUTER_BOUND('',#1467,.T.);
#891=FACE_OUTER_BOUND('',#1468,.T.);
#892=FACE_OUTER_BOUND('',#1475,.T.);
#893=FACE_OUTER_BOUND('',#1476,.T.);
#894=FACE_OUTER_BOUND('',#1477,.T.);
#895=FACE_OUTER_BOUND('',#1478,.T.);
#896=FACE_OUTER_BOUND('',#1479,.T.);
#897=FACE_OUTER_BOUND('',#1480,.T.);
#898=FACE_OUTER_BOUND('',#1481,.T.);
#899=FACE_OUTER_BOUND('',#1482,.T.);
#900=FACE_OUTER_BOUND('',#1483,.T.);
#901=FACE_OUTER_BOUND('',#1484,.T.);
#902=FACE_OUTER_BOUND('',#1485,.T.);
#903=FACE_OUTER_BOUND('',#1486,.T.);
#904=FACE_OUTER_BOUND('',#1487,.T.);
#905=FACE_OUTER_BOUND('',#1488,.T.);
#906=FACE_OUTER_BOUND('',#1489,.T.);
#907=FACE_OUTER_BOUND('',#1490,.T.);
#908=FACE_OUTER_BOUND('',#1491,.T.);
#909=FACE_OUTER_BOUND('',#1492,.T.);
#910=FACE_OUTER_BOUND('',#1493,.T.);
#911=FACE_OUTER_BOUND('',#1494,.T.);
#912=FACE_OUTER_BOUND('',#1495,.T.);
#913=FACE_OUTER_BOUND('',#1496,.T.);
#914=FACE_OUTER_BOUND('',#1497,.T.);
#915=FACE_OUTER_BOUND('',#1498,.T.);
#916=FACE_OUTER_BOUND('',#1499,.T.);
#917=FACE_OUTER_BOUND('',#1500,.T.);
#918=FACE_OUTER_BOUND('',#1501,.T.);
#919=FACE_OUTER_BOUND('',#1502,.T.);
#920=FACE_OUTER_BOUND('',#1503,.T.);
#921=FACE_OUTER_BOUND('',#1504,.T.);
#922=FACE_OUTER_BOUND('',#1505,.T.);
#923=FACE_OUTER_BOUND('',#1506,.T.);
#924=FACE_OUTER_BOUND('',#1507,.T.);
#925=FACE_OUTER_BOUND('',#1508,.T.);
#926=FACE_OUTER_BOUND('',#1509,.T.);
#927=FACE_OUTER_BOUND('',#1510,.T.);
#928=FACE_OUTER_BOUND('',#1512,.T.);
#929=FACE_OUTER_BOUND('',#1513,.T.);
#930=FACE_OUTER_BOUND('',#1514,.T.);
#931=FACE_OUTER_BOUND('',#1515,.T.);
#932=FACE_OUTER_BOUND('',#1516,.T.);
#933=FACE_OUTER_BOUND('',#1517,.T.);
#934=FACE_OUTER_BOUND('',#1518,.T.);
#935=FACE_OUTER_BOUND('',#1519,.T.);
#936=FACE_OUTER_BOUND('',#1520,.T.);
#937=FACE_OUTER_BOUND('',#1521,.T.);
#938=FACE_OUTER_BOUND('',#1522,.T.);
#939=FACE_OUTER_BOUND('',#1524,.T.);
#940=FACE_OUTER_BOUND('',#1525,.T.);
#941=FACE_OUTER_BOUND('',#1526,.T.);
#942=FACE_OUTER_BOUND('',#1527,.T.);
#943=FACE_OUTER_BOUND('',#1528,.T.);
#944=FACE_OUTER_BOUND('',#1529,.T.);
#945=FACE_OUTER_BOUND('',#1530,.T.);
#946=FACE_OUTER_BOUND('',#1531,.T.);
#947=EDGE_LOOP('',(#4789,#4790,#4791,#4792));
#948=EDGE_LOOP('',(#4793));
#949=EDGE_LOOP('',(#4794));
#950=EDGE_LOOP('',(#4795,#4796,#4797,#4798));
#951=EDGE_LOOP('',(#4799,#4800,#4801,#4802));
#952=EDGE_LOOP('',(#4803));
#953=EDGE_LOOP('',(#4804));
#954=EDGE_LOOP('',(#4805,#4806,#4807,#4808));
#955=EDGE_LOOP('',(#4809,#4810,#4811,#4812));
#956=EDGE_LOOP('',(#4813));
#957=EDGE_LOOP('',(#4814));
#958=EDGE_LOOP('',(#4815,#4816,#4817,#4818));
#959=EDGE_LOOP('',(#4819,#4820,#4821,#4822));
#960=EDGE_LOOP('',(#4823));
#961=EDGE_LOOP('',(#4824));
#962=EDGE_LOOP('',(#4825,#4826,#4827,#4828));
#963=EDGE_LOOP('',(#4829,#4830,#4831,#4832));
#964=EDGE_LOOP('',(#4833,#4834,#4835,#4836));
#965=EDGE_LOOP('',(#4837,#4838,#4839,#4840));
#966=EDGE_LOOP('',(#4841,#4842,#4843,#4844));
#967=EDGE_LOOP('',(#4845,#4846,#4847,#4848));
#968=EDGE_LOOP('',(#4849,#4850,#4851,#4852));
#969=EDGE_LOOP('',(#4853,#4854,#4855,#4856));
#970=EDGE_LOOP('',(#4857,#4858,#4859,#4860));
#971=EDGE_LOOP('',(#4861,#4862,#4863,#4864,#4865));
#972=EDGE_LOOP('',(#4866,#4867,#4868,#4869,#4870,#4871,#4872,#4873,#4874,
#4875,#4876,#4877,#4878,#4879));
#973=EDGE_LOOP('',(#4880));
#974=EDGE_LOOP('',(#4881));
#975=EDGE_LOOP('',(#4882));
#976=EDGE_LOOP('',(#4883));
#977=EDGE_LOOP('',(#4884));
#978=EDGE_LOOP('',(#4885));
#979=EDGE_LOOP('',(#4886));
#980=EDGE_LOOP('',(#4887));
#981=EDGE_LOOP('',(#4888));
#982=EDGE_LOOP('',(#4889));
#983=EDGE_LOOP('',(#4890));
#984=EDGE_LOOP('',(#4891,#4892,#4893,#4894,#4895));
#985=EDGE_LOOP('',(#4896,#4897,#4898,#4899));
#986=EDGE_LOOP('',(#4900,#4901,#4902,#4903));
#987=EDGE_LOOP('',(#4904,#4905,#4906,#4907));
#988=EDGE_LOOP('',(#4908,#4909,#4910,#4911));
#989=EDGE_LOOP('',(#4912,#4913,#4914,#4915));
#990=EDGE_LOOP('',(#4916,#4917,#4918,#4919,#4920));
#991=EDGE_LOOP('',(#4921,#4922,#4923,#4924,#4925));
#992=EDGE_LOOP('',(#4926,#4927,#4928,#4929));
#993=EDGE_LOOP('',(#4930,#4931,#4932,#4933,#4934));
#994=EDGE_LOOP('',(#4935,#4936,#4937,#4938,#4939));
#995=EDGE_LOOP('',(#4940,#4941,#4942,#4943));
#996=EDGE_LOOP('',(#4944,#4945,#4946,#4947,#4948));
#997=EDGE_LOOP('',(#4949,#4950,#4951,#4952,#4953));
#998=EDGE_LOOP('',(#4954,#4955,#4956,#4957));
#999=EDGE_LOOP('',(#4958,#4959,#4960,#4961));
#1000=EDGE_LOOP('',(#4962));
#1001=EDGE_LOOP('',(#4963));
#1002=EDGE_LOOP('',(#4964,#4965,#4966,#4967));
#1003=EDGE_LOOP('',(#4968,#4969,#4970,#4971,#4972,#4973,#4974,#4975,#4976,
#4977,#4978,#4979,#4980,#4981,#4982,#4983,#4984));
#1004=EDGE_LOOP('',(#4985));
#1005=EDGE_LOOP('',(#4986));
#1006=EDGE_LOOP('',(#4987));
#1007=EDGE_LOOP('',(#4988));
#1008=EDGE_LOOP('',(#4989));
#1009=EDGE_LOOP('',(#4990));
#1010=EDGE_LOOP('',(#4991));
#1011=EDGE_LOOP('',(#4992));
#1012=EDGE_LOOP('',(#4993));
#1013=EDGE_LOOP('',(#4994));
#1014=EDGE_LOOP('',(#4995,#4996,#4997,#4998));
#1015=EDGE_LOOP('',(#4999,#5000,#5001,#5002));
#1016=EDGE_LOOP('',(#5003,#5004,#5005,#5006));
#1017=EDGE_LOOP('',(#5007,#5008,#5009,#5010));
#1018=EDGE_LOOP('',(#5011,#5012,#5013,#5014));
#1019=EDGE_LOOP('',(#5015,#5016,#5017,#5018));
#1020=EDGE_LOOP('',(#5019,#5020,#5021,#5022));
#1021=EDGE_LOOP('',(#5023,#5024,#5025,#5026));
#1022=EDGE_LOOP('',(#5027,#5028,#5029,#5030,#5031,#5032));
#1023=EDGE_LOOP('',(#5033,#5034,#5035,#5036,#5037,#5038));
#1024=EDGE_LOOP('',(#5039,#5040,#5041,#5042));
#1025=EDGE_LOOP('',(#5043,#5044,#5045,#5046));
#1026=EDGE_LOOP('',(#5047,#5048,#5049,#5050));
#1027=EDGE_LOOP('',(#5051,#5052,#5053,#5054));
#1028=EDGE_LOOP('',(#5055,#5056,#5057,#5058));
#1029=EDGE_LOOP('',(#5059,#5060,#5061,#5062));
#1030=EDGE_LOOP('',(#5063,#5064,#5065,#5066));
#1031=EDGE_LOOP('',(#5067,#5068,#5069,#5070));
#1032=EDGE_LOOP('',(#5071,#5072,#5073,#5074));
#1033=EDGE_LOOP('',(#5075,#5076,#5077,#5078));
#1034=EDGE_LOOP('',(#5079,#5080,#5081,#5082));
#1035=EDGE_LOOP('',(#5083,#5084,#5085,#5086));
#1036=EDGE_LOOP('',(#5087,#5088,#5089,#5090));
#1037=EDGE_LOOP('',(#5091,#5092,#5093,#5094));
#1038=EDGE_LOOP('',(#5095,#5096,#5097,#5098));
#1039=EDGE_LOOP('',(#5099,#5100,#5101,#5102));
#1040=EDGE_LOOP('',(#5103,#5104,#5105,#5106));
#1041=EDGE_LOOP('',(#5107,#5108,#5109,#5110));
#1042=EDGE_LOOP('',(#5111,#5112,#5113,#5114));
#1043=EDGE_LOOP('',(#5115,#5116,#5117,#5118));
#1044=EDGE_LOOP('',(#5119,#5120,#5121,#5122));
#1045=EDGE_LOOP('',(#5123,#5124,#5125,#5126));
#1046=EDGE_LOOP('',(#5127,#5128,#5129,#5130));
#1047=EDGE_LOOP('',(#5131,#5132,#5133,#5134));
#1048=EDGE_LOOP('',(#5135,#5136,#5137,#5138));
#1049=EDGE_LOOP('',(#5139,#5140,#5141,#5142));
#1050=EDGE_LOOP('',(#5143,#5144,#5145,#5146));
#1051=EDGE_LOOP('',(#5147,#5148,#5149,#5150));
#1052=EDGE_LOOP('',(#5151,#5152,#5153,#5154));
#1053=EDGE_LOOP('',(#5155,#5156,#5157,#5158));
#1054=EDGE_LOOP('',(#5159,#5160,#5161,#5162));
#1055=EDGE_LOOP('',(#5163,#5164,#5165,#5166));
#1056=EDGE_LOOP('',(#5167,#5168,#5169,#5170));
#1057=EDGE_LOOP('',(#5171,#5172,#5173,#5174));
#1058=EDGE_LOOP('',(#5175,#5176,#5177,#5178));
#1059=EDGE_LOOP('',(#5179,#5180,#5181,#5182));
#1060=EDGE_LOOP('',(#5183,#5184,#5185,#5186));
#1061=EDGE_LOOP('',(#5187,#5188,#5189,#5190));
#1062=EDGE_LOOP('',(#5191,#5192,#5193,#5194));
#1063=EDGE_LOOP('',(#5195,#5196,#5197,#5198));
#1064=EDGE_LOOP('',(#5199,#5200,#5201,#5202));
#1065=EDGE_LOOP('',(#5203,#5204,#5205,#5206));
#1066=EDGE_LOOP('',(#5207,#5208,#5209,#5210));
#1067=EDGE_LOOP('',(#5211,#5212,#5213,#5214));
#1068=EDGE_LOOP('',(#5215,#5216,#5217,#5218));
#1069=EDGE_LOOP('',(#5219,#5220,#5221,#5222));
#1070=EDGE_LOOP('',(#5223,#5224,#5225,#5226));
#1071=EDGE_LOOP('',(#5227,#5228,#5229,#5230));
#1072=EDGE_LOOP('',(#5231));
#1073=EDGE_LOOP('',(#5232));
#1074=EDGE_LOOP('',(#5233));
#1075=EDGE_LOOP('',(#5234));
#1076=EDGE_LOOP('',(#5235));
#1077=EDGE_LOOP('',(#5236));
#1078=EDGE_LOOP('',(#5237));
#1079=EDGE_LOOP('',(#5238));
#1080=EDGE_LOOP('',(#5239,#5240,#5241,#5242));
#1081=EDGE_LOOP('',(#5243,#5244,#5245,#5246));
#1082=EDGE_LOOP('',(#5247));
#1083=EDGE_LOOP('',(#5248));
#1084=EDGE_LOOP('',(#5249,#5250,#5251,#5252));
#1085=EDGE_LOOP('',(#5253,#5254,#5255,#5256));
#1086=EDGE_LOOP('',(#5257));
#1087=EDGE_LOOP('',(#5258));
#1088=EDGE_LOOP('',(#5259,#5260,#5261,#5262));
#1089=EDGE_LOOP('',(#5263,#5264,#5265,#5266));
#1090=EDGE_LOOP('',(#5267));
#1091=EDGE_LOOP('',(#5268));
#1092=EDGE_LOOP('',(#5269,#5270,#5271,#5272));
#1093=EDGE_LOOP('',(#5273,#5274,#5275,#5276));
#1094=EDGE_LOOP('',(#5277));
#1095=EDGE_LOOP('',(#5278));
#1096=EDGE_LOOP('',(#5279,#5280,#5281,#5282));
#1097=EDGE_LOOP('',(#5283,#5284,#5285,#5286));
#1098=EDGE_LOOP('',(#5287,#5288,#5289,#5290));
#1099=EDGE_LOOP('',(#5291,#5292,#5293,#5294));
#1100=EDGE_LOOP('',(#5295,#5296,#5297,#5298));
#1101=EDGE_LOOP('',(#5299,#5300,#5301,#5302));
#1102=EDGE_LOOP('',(#5303,#5304,#5305,#5306));
#1103=EDGE_LOOP('',(#5307,#5308,#5309,#5310));
#1104=EDGE_LOOP('',(#5311,#5312,#5313,#5314));
#1105=EDGE_LOOP('',(#5315,#5316,#5317,#5318,#5319));
#1106=EDGE_LOOP('',(#5320,#5321,#5322,#5323,#5324,#5325,#5326,#5327,#5328,
#5329,#5330,#5331,#5332,#5333));
#1107=EDGE_LOOP('',(#5334));
#1108=EDGE_LOOP('',(#5335));
#1109=EDGE_LOOP('',(#5336));
#1110=EDGE_LOOP('',(#5337));
#1111=EDGE_LOOP('',(#5338));
#1112=EDGE_LOOP('',(#5339));
#1113=EDGE_LOOP('',(#5340));
#1114=EDGE_LOOP('',(#5341));
#1115=EDGE_LOOP('',(#5342));
#1116=EDGE_LOOP('',(#5343));
#1117=EDGE_LOOP('',(#5344));
#1118=EDGE_LOOP('',(#5345,#5346,#5347,#5348,#5349));
#1119=EDGE_LOOP('',(#5350,#5351,#5352,#5353));
#1120=EDGE_LOOP('',(#5354,#5355,#5356,#5357));
#1121=EDGE_LOOP('',(#5358,#5359,#5360,#5361));
#1122=EDGE_LOOP('',(#5362,#5363,#5364,#5365));
#1123=EDGE_LOOP('',(#5366,#5367,#5368,#5369));
#1124=EDGE_LOOP('',(#5370,#5371,#5372,#5373,#5374));
#1125=EDGE_LOOP('',(#5375,#5376,#5377,#5378,#5379));
#1126=EDGE_LOOP('',(#5380,#5381,#5382,#5383));
#1127=EDGE_LOOP('',(#5384,#5385,#5386,#5387,#5388));
#1128=EDGE_LOOP('',(#5389,#5390,#5391,#5392,#5393));
#1129=EDGE_LOOP('',(#5394,#5395,#5396,#5397));
#1130=EDGE_LOOP('',(#5398,#5399,#5400,#5401,#5402));
#1131=EDGE_LOOP('',(#5403,#5404,#5405,#5406,#5407));
#1132=EDGE_LOOP('',(#5408,#5409,#5410,#5411));
#1133=EDGE_LOOP('',(#5412,#5413,#5414,#5415));
#1134=EDGE_LOOP('',(#5416));
#1135=EDGE_LOOP('',(#5417));
#1136=EDGE_LOOP('',(#5418,#5419,#5420,#5421));
#1137=EDGE_LOOP('',(#5422,#5423,#5424,#5425,#5426,#5427,#5428,#5429,#5430,
#5431,#5432,#5433,#5434,#5435,#5436,#5437,#5438));
#1138=EDGE_LOOP('',(#5439));
#1139=EDGE_LOOP('',(#5440));
#1140=EDGE_LOOP('',(#5441));
#1141=EDGE_LOOP('',(#5442));
#1142=EDGE_LOOP('',(#5443));
#1143=EDGE_LOOP('',(#5444));
#1144=EDGE_LOOP('',(#5445));
#1145=EDGE_LOOP('',(#5446));
#1146=EDGE_LOOP('',(#5447));
#1147=EDGE_LOOP('',(#5448));
#1148=EDGE_LOOP('',(#5449,#5450,#5451,#5452));
#1149=EDGE_LOOP('',(#5453,#5454,#5455,#5456));
#1150=EDGE_LOOP('',(#5457,#5458,#5459,#5460));
#1151=EDGE_LOOP('',(#5461,#5462,#5463,#5464));
#1152=EDGE_LOOP('',(#5465,#5466,#5467,#5468));
#1153=EDGE_LOOP('',(#5469,#5470,#5471,#5472));
#1154=EDGE_LOOP('',(#5473,#5474,#5475,#5476));
#1155=EDGE_LOOP('',(#5477,#5478,#5479,#5480));
#1156=EDGE_LOOP('',(#5481,#5482,#5483,#5484,#5485,#5486));
#1157=EDGE_LOOP('',(#5487,#5488,#5489,#5490,#5491,#5492));
#1158=EDGE_LOOP('',(#5493,#5494,#5495,#5496));
#1159=EDGE_LOOP('',(#5497,#5498,#5499,#5500));
#1160=EDGE_LOOP('',(#5501,#5502,#5503,#5504));
#1161=EDGE_LOOP('',(#5505,#5506,#5507,#5508));
#1162=EDGE_LOOP('',(#5509,#5510,#5511,#5512));
#1163=EDGE_LOOP('',(#5513,#5514,#5515,#5516));
#1164=EDGE_LOOP('',(#5517,#5518,#5519,#5520));
#1165=EDGE_LOOP('',(#5521,#5522,#5523,#5524));
#1166=EDGE_LOOP('',(#5525,#5526,#5527,#5528));
#1167=EDGE_LOOP('',(#5529,#5530,#5531,#5532));
#1168=EDGE_LOOP('',(#5533,#5534,#5535,#5536));
#1169=EDGE_LOOP('',(#5537,#5538,#5539,#5540));
#1170=EDGE_LOOP('',(#5541,#5542,#5543,#5544));
#1171=EDGE_LOOP('',(#5545,#5546,#5547,#5548));
#1172=EDGE_LOOP('',(#5549,#5550,#5551,#5552));
#1173=EDGE_LOOP('',(#5553,#5554,#5555,#5556));
#1174=EDGE_LOOP('',(#5557,#5558,#5559,#5560));
#1175=EDGE_LOOP('',(#5561,#5562,#5563,#5564));
#1176=EDGE_LOOP('',(#5565,#5566,#5567,#5568));
#1177=EDGE_LOOP('',(#5569,#5570,#5571,#5572));
#1178=EDGE_LOOP('',(#5573,#5574,#5575,#5576));
#1179=EDGE_LOOP('',(#5577,#5578,#5579,#5580));
#1180=EDGE_LOOP('',(#5581,#5582,#5583,#5584));
#1181=EDGE_LOOP('',(#5585,#5586,#5587,#5588));
#1182=EDGE_LOOP('',(#5589,#5590,#5591,#5592));
#1183=EDGE_LOOP('',(#5593,#5594,#5595,#5596));
#1184=EDGE_LOOP('',(#5597,#5598,#5599,#5600));
#1185=EDGE_LOOP('',(#5601,#5602,#5603,#5604));
#1186=EDGE_LOOP('',(#5605,#5606,#5607,#5608));
#1187=EDGE_LOOP('',(#5609,#5610,#5611,#5612));
#1188=EDGE_LOOP('',(#5613,#5614,#5615,#5616));
#1189=EDGE_LOOP('',(#5617,#5618,#5619,#5620));
#1190=EDGE_LOOP('',(#5621,#5622,#5623,#5624));
#1191=EDGE_LOOP('',(#5625,#5626,#5627,#5628));
#1192=EDGE_LOOP('',(#5629,#5630,#5631,#5632));
#1193=EDGE_LOOP('',(#5633,#5634,#5635,#5636));
#1194=EDGE_LOOP('',(#5637,#5638,#5639,#5640));
#1195=EDGE_LOOP('',(#5641,#5642,#5643,#5644));
#1196=EDGE_LOOP('',(#5645,#5646,#5647,#5648));
#1197=EDGE_LOOP('',(#5649,#5650,#5651,#5652));
#1198=EDGE_LOOP('',(#5653,#5654,#5655,#5656));
#1199=EDGE_LOOP('',(#5657,#5658,#5659,#5660));
#1200=EDGE_LOOP('',(#5661,#5662,#5663,#5664));
#1201=EDGE_LOOP('',(#5665,#5666,#5667,#5668));
#1202=EDGE_LOOP('',(#5669,#5670,#5671,#5672));
#1203=EDGE_LOOP('',(#5673,#5674,#5675,#5676));
#1204=EDGE_LOOP('',(#5677,#5678,#5679,#5680));
#1205=EDGE_LOOP('',(#5681,#5682,#5683,#5684));
#1206=EDGE_LOOP('',(#5685));
#1207=EDGE_LOOP('',(#5686));
#1208=EDGE_LOOP('',(#5687));
#1209=EDGE_LOOP('',(#5688));
#1210=EDGE_LOOP('',(#5689));
#1211=EDGE_LOOP('',(#5690));
#1212=EDGE_LOOP('',(#5691));
#1213=EDGE_LOOP('',(#5692));
#1214=EDGE_LOOP('',(#5693,#5694,#5695,#5696));
#1215=EDGE_LOOP('',(#5697,#5698,#5699,#5700,#5701));
#1216=EDGE_LOOP('',(#5702,#5703,#5704,#5705,#5706,#5707,#5708,#5709));
#1217=EDGE_LOOP('',(#5710));
#1218=EDGE_LOOP('',(#5711));
#1219=EDGE_LOOP('',(#5712,#5713,#5714,#5715,#5716,#5717));
#1220=EDGE_LOOP('',(#5718,#5719));
#1221=EDGE_LOOP('',(#5720,#5721,#5722,#5723));
#1222=EDGE_LOOP('',(#5724,#5725,#5726,#5727,#5728,#5729,#5730,#5731,#5732,
#5733,#5734,#5735,#5736,#5737,#5738,#5739,#5740));
#1223=EDGE_LOOP('',(#5741));
#1224=EDGE_LOOP('',(#5742));
#1225=EDGE_LOOP('',(#5743));
#1226=EDGE_LOOP('',(#5744));
#1227=EDGE_LOOP('',(#5745));
#1228=EDGE_LOOP('',(#5746));
#1229=EDGE_LOOP('',(#5747));
#1230=EDGE_LOOP('',(#5748));
#1231=EDGE_LOOP('',(#5749));
#1232=EDGE_LOOP('',(#5750));
#1233=EDGE_LOOP('',(#5751,#5752,#5753,#5754));
#1234=EDGE_LOOP('',(#5755,#5756,#5757,#5758));
#1235=EDGE_LOOP('',(#5759,#5760,#5761,#5762));
#1236=EDGE_LOOP('',(#5763,#5764,#5765,#5766));
#1237=EDGE_LOOP('',(#5767,#5768,#5769,#5770));
#1238=EDGE_LOOP('',(#5771,#5772,#5773,#5774));
#1239=EDGE_LOOP('',(#5775,#5776,#5777,#5778));
#1240=EDGE_LOOP('',(#5779,#5780,#5781,#5782,#5783));
#1241=EDGE_LOOP('',(#5784,#5785,#5786,#5787,#5788));
#1242=EDGE_LOOP('',(#5789,#5790,#5791,#5792));
#1243=EDGE_LOOP('',(#5793,#5794,#5795,#5796));
#1244=EDGE_LOOP('',(#5797,#5798,#5799,#5800));
#1245=EDGE_LOOP('',(#5801));
#1246=EDGE_LOOP('',(#5802,#5803,#5804,#5805));
#1247=EDGE_LOOP('',(#5806));
#1248=EDGE_LOOP('',(#5807));
#1249=EDGE_LOOP('',(#5808,#5809,#5810,#5811));
#1250=EDGE_LOOP('',(#5812,#5813,#5814,#5815));
#1251=EDGE_LOOP('',(#5816,#5817,#5818,#5819));
#1252=EDGE_LOOP('',(#5820,#5821,#5822,#5823));
#1253=EDGE_LOOP('',(#5824,#5825,#5826,#5827));
#1254=EDGE_LOOP('',(#5828,#5829,#5830,#5831));
#1255=EDGE_LOOP('',(#5832,#5833,#5834,#5835));
#1256=EDGE_LOOP('',(#5836,#5837,#5838,#5839));
#1257=EDGE_LOOP('',(#5840,#5841,#5842,#5843));
#1258=EDGE_LOOP('',(#5844,#5845,#5846,#5847));
#1259=EDGE_LOOP('',(#5848,#5849,#5850,#5851));
#1260=EDGE_LOOP('',(#5852));
#1261=EDGE_LOOP('',(#5853));
#1262=EDGE_LOOP('',(#5854,#5855,#5856,#5857));
#1263=EDGE_LOOP('',(#5858));
#1264=EDGE_LOOP('',(#5859));
#1265=EDGE_LOOP('',(#5860,#5861,#5862,#5863));
#1266=EDGE_LOOP('',(#5864));
#1267=EDGE_LOOP('',(#5865));
#1268=EDGE_LOOP('',(#5866,#5867,#5868,#5869));
#1269=EDGE_LOOP('',(#5870));
#1270=EDGE_LOOP('',(#5871));
#1271=EDGE_LOOP('',(#5872,#5873,#5874,#5875));
#1272=EDGE_LOOP('',(#5876));
#1273=EDGE_LOOP('',(#5877));
#1274=EDGE_LOOP('',(#5878,#5879,#5880,#5881));
#1275=EDGE_LOOP('',(#5882));
#1276=EDGE_LOOP('',(#5883));
#1277=EDGE_LOOP('',(#5884,#5885,#5886,#5887));
#1278=EDGE_LOOP('',(#5888));
#1279=EDGE_LOOP('',(#5889));
#1280=EDGE_LOOP('',(#5890,#5891,#5892,#5893));
#1281=EDGE_LOOP('',(#5894));
#1282=EDGE_LOOP('',(#5895));
#1283=EDGE_LOOP('',(#5896,#5897,#5898,#5899));
#1284=EDGE_LOOP('',(#5900,#5901,#5902,#5903));
#1285=EDGE_LOOP('',(#5904,#5905,#5906,#5907));
#1286=EDGE_LOOP('',(#5908,#5909,#5910,#5911));
#1287=EDGE_LOOP('',(#5912,#5913,#5914,#5915));
#1288=EDGE_LOOP('',(#5916,#5917,#5918,#5919,#5920,#5921));
#1289=EDGE_LOOP('',(#5922,#5923,#5924,#5925));
#1290=EDGE_LOOP('',(#5926,#5927,#5928,#5929));
#1291=EDGE_LOOP('',(#5930,#5931,#5932,#5933));
#1292=EDGE_LOOP('',(#5934,#5935,#5936,#5937));
#1293=EDGE_LOOP('',(#5938,#5939,#5940,#5941));
#1294=EDGE_LOOP('',(#5942,#5943,#5944,#5945));
#1295=EDGE_LOOP('',(#5946,#5947,#5948,#5949));
#1296=EDGE_LOOP('',(#5950,#5951,#5952,#5953));
#1297=EDGE_LOOP('',(#5954,#5955,#5956,#5957));
#1298=EDGE_LOOP('',(#5958,#5959,#5960,#5961));
#1299=EDGE_LOOP('',(#5962,#5963,#5964,#5965,#5966,#5967));
#1300=EDGE_LOOP('',(#5968,#5969,#5970,#5971));
#1301=EDGE_LOOP('',(#5972,#5973,#5974,#5975));
#1302=EDGE_LOOP('',(#5976,#5977,#5978,#5979));
#1303=EDGE_LOOP('',(#5980,#5981,#5982,#5983));
#1304=EDGE_LOOP('',(#5984,#5985,#5986,#5987));
#1305=EDGE_LOOP('',(#5988,#5989,#5990,#5991));
#1306=EDGE_LOOP('',(#5992,#5993,#5994,#5995));
#1307=EDGE_LOOP('',(#5996,#5997,#5998,#5999,#6000));
#1308=EDGE_LOOP('',(#6001,#6002,#6003,#6004,#6005));
#1309=EDGE_LOOP('',(#6006,#6007,#6008,#6009,#6010,#6011,#6012,#6013,#6014,
#6015,#6016,#6017,#6018,#6019,#6020,#6021,#6022,#6023,#6024,#6025,#6026));
#1310=EDGE_LOOP('',(#6027));
#1311=EDGE_LOOP('',(#6028,#6029,#6030,#6031,#6032,#6033));
#1312=EDGE_LOOP('',(#6034));
#1313=EDGE_LOOP('',(#6035));
#1314=EDGE_LOOP('',(#6036));
#1315=EDGE_LOOP('',(#6037));
#1316=EDGE_LOOP('',(#6038,#6039,#6040,#6041));
#1317=EDGE_LOOP('',(#6042,#6043,#6044,#6045));
#1318=EDGE_LOOP('',(#6046,#6047,#6048,#6049));
#1319=EDGE_LOOP('',(#6050,#6051,#6052,#6053));
#1320=EDGE_LOOP('',(#6054,#6055,#6056,#6057,#6058));
#1321=EDGE_LOOP('',(#6059,#6060,#6061,#6062));
#1322=EDGE_LOOP('',(#6063,#6064,#6065,#6066));
#1323=EDGE_LOOP('',(#6067,#6068,#6069,#6070));
#1324=EDGE_LOOP('',(#6071,#6072,#6073,#6074,#6075));
#1325=EDGE_LOOP('',(#6076,#6077,#6078,#6079));
#1326=EDGE_LOOP('',(#6080,#6081,#6082,#6083,#6084,#6085,#6086));
#1327=EDGE_LOOP('',(#6087,#6088,#6089,#6090,#6091,#6092,#6093));
#1328=EDGE_LOOP('',(#6094,#6095,#6096,#6097));
#1329=EDGE_LOOP('',(#6098,#6099,#6100,#6101));
#1330=EDGE_LOOP('',(#6102,#6103,#6104,#6105));
#1331=EDGE_LOOP('',(#6106,#6107,#6108,#6109));
#1332=EDGE_LOOP('',(#6110,#6111,#6112,#6113));
#1333=EDGE_LOOP('',(#6114,#6115,#6116,#6117));
#1334=EDGE_LOOP('',(#6118,#6119,#6120,#6121));
#1335=EDGE_LOOP('',(#6122,#6123,#6124,#6125));
#1336=EDGE_LOOP('',(#6126,#6127,#6128,#6129));
#1337=EDGE_LOOP('',(#6130,#6131,#6132,#6133));
#1338=EDGE_LOOP('',(#6134,#6135,#6136,#6137));
#1339=EDGE_LOOP('',(#6138,#6139,#6140,#6141));
#1340=EDGE_LOOP('',(#6142,#6143,#6144,#6145));
#1341=EDGE_LOOP('',(#6146,#6147,#6148,#6149));
#1342=EDGE_LOOP('',(#6150,#6151,#6152,#6153,#6154,#6155,#6156));
#1343=EDGE_LOOP('',(#6157,#6158,#6159,#6160));
#1344=EDGE_LOOP('',(#6161,#6162,#6163,#6164));
#1345=EDGE_LOOP('',(#6165,#6166,#6167,#6168));
#1346=EDGE_LOOP('',(#6169,#6170,#6171));
#1347=EDGE_LOOP('',(#6172,#6173,#6174,#6175));
#1348=EDGE_LOOP('',(#6176,#6177,#6178,#6179,#6180,#6181));
#1349=EDGE_LOOP('',(#6182,#6183,#6184,#6185));
#1350=EDGE_LOOP('',(#6186,#6187,#6188,#6189));
#1351=EDGE_LOOP('',(#6190,#6191,#6192,#6193,#6194,#6195));
#1352=EDGE_LOOP('',(#6196,#6197));
#1353=EDGE_LOOP('',(#6198,#6199,#6200,#6201));
#1354=EDGE_LOOP('',(#6202,#6203,#6204,#6205));
#1355=EDGE_LOOP('',(#6206,#6207,#6208,#6209));
#1356=EDGE_LOOP('',(#6210,#6211,#6212,#6213));
#1357=EDGE_LOOP('',(#6214,#6215,#6216,#6217));
#1358=EDGE_LOOP('',(#6218,#6219,#6220,#6221));
#1359=EDGE_LOOP('',(#6222,#6223,#6224,#6225));
#1360=EDGE_LOOP('',(#6226,#6227,#6228,#6229));
#1361=EDGE_LOOP('',(#6230,#6231,#6232,#6233,#6234));
#1362=EDGE_LOOP('',(#6235,#6236,#6237,#6238));
#1363=EDGE_LOOP('',(#6239,#6240,#6241,#6242,#6243,#6244,#6245,#6246));
#1364=EDGE_LOOP('',(#6247));
#1365=EDGE_LOOP('',(#6248,#6249,#6250,#6251));
#1366=EDGE_LOOP('',(#6252,#6253,#6254,#6255,#6256));
#1367=EDGE_LOOP('',(#6257,#6258,#6259,#6260));
#1368=EDGE_LOOP('',(#6261,#6262,#6263,#6264));
#1369=EDGE_LOOP('',(#6265,#6266,#6267,#6268,#6269,#6270));
#1370=EDGE_LOOP('',(#6271,#6272,#6273,#6274,#6275));
#1371=EDGE_LOOP('',(#6276,#6277,#6278,#6279,#6280));
#1372=EDGE_LOOP('',(#6281));
#1373=EDGE_LOOP('',(#6282));
#1374=EDGE_LOOP('',(#6283,#6284,#6285,#6286,#6287));
#1375=EDGE_LOOP('',(#6288,#6289,#6290,#6291,#6292,#6293,#6294,#6295));
#1376=EDGE_LOOP('',(#6296));
#1377=EDGE_LOOP('',(#6297));
#1378=EDGE_LOOP('',(#6298,#6299,#6300,#6301,#6302,#6303));
#1379=EDGE_LOOP('',(#6304,#6305));
#1380=EDGE_LOOP('',(#6306,#6307,#6308,#6309));
#1381=EDGE_LOOP('',(#6310,#6311,#6312,#6313,#6314,#6315,#6316,#6317,#6318,
#6319,#6320,#6321,#6322,#6323,#6324,#6325,#6326));
#1382=EDGE_LOOP('',(#6327));
#1383=EDGE_LOOP('',(#6328));
#1384=EDGE_LOOP('',(#6329));
#1385=EDGE_LOOP('',(#6330));
#1386=EDGE_LOOP('',(#6331));
#1387=EDGE_LOOP('',(#6332));
#1388=EDGE_LOOP('',(#6333));
#1389=EDGE_LOOP('',(#6334));
#1390=EDGE_LOOP('',(#6335));
#1391=EDGE_LOOP('',(#6336));
#1392=EDGE_LOOP('',(#6337,#6338,#6339,#6340));
#1393=EDGE_LOOP('',(#6341,#6342,#6343,#6344));
#1394=EDGE_LOOP('',(#6345,#6346,#6347,#6348));
#1395=EDGE_LOOP('',(#6349,#6350,#6351,#6352));
#1396=EDGE_LOOP('',(#6353,#6354,#6355,#6356));
#1397=EDGE_LOOP('',(#6357,#6358,#6359,#6360));
#1398=EDGE_LOOP('',(#6361,#6362,#6363,#6364));
#1399=EDGE_LOOP('',(#6365,#6366,#6367,#6368,#6369));
#1400=EDGE_LOOP('',(#6370,#6371,#6372,#6373,#6374));
#1401=EDGE_LOOP('',(#6375,#6376,#6377,#6378));
#1402=EDGE_LOOP('',(#6379,#6380,#6381,#6382));
#1403=EDGE_LOOP('',(#6383,#6384,#6385,#6386));
#1404=EDGE_LOOP('',(#6387));
#1405=EDGE_LOOP('',(#6388,#6389,#6390,#6391));
#1406=EDGE_LOOP('',(#6392));
#1407=EDGE_LOOP('',(#6393));
#1408=EDGE_LOOP('',(#6394,#6395,#6396,#6397));
#1409=EDGE_LOOP('',(#6398,#6399,#6400,#6401));
#1410=EDGE_LOOP('',(#6402,#6403,#6404,#6405));
#1411=EDGE_LOOP('',(#6406,#6407,#6408,#6409));
#1412=EDGE_LOOP('',(#6410,#6411,#6412,#6413));
#1413=EDGE_LOOP('',(#6414,#6415,#6416,#6417));
#1414=EDGE_LOOP('',(#6418,#6419,#6420,#6421));
#1415=EDGE_LOOP('',(#6422,#6423,#6424,#6425));
#1416=EDGE_LOOP('',(#6426,#6427,#6428,#6429));
#1417=EDGE_LOOP('',(#6430,#6431,#6432,#6433));
#1418=EDGE_LOOP('',(#6434,#6435,#6436,#6437));
#1419=EDGE_LOOP('',(#6438));
#1420=EDGE_LOOP('',(#6439));
#1421=EDGE_LOOP('',(#6440,#6441,#6442,#6443));
#1422=EDGE_LOOP('',(#6444));
#1423=EDGE_LOOP('',(#6445));
#1424=EDGE_LOOP('',(#6446,#6447,#6448,#6449));
#1425=EDGE_LOOP('',(#6450));
#1426=EDGE_LOOP('',(#6451));
#1427=EDGE_LOOP('',(#6452,#6453,#6454,#6455));
#1428=EDGE_LOOP('',(#6456));
#1429=EDGE_LOOP('',(#6457));
#1430=EDGE_LOOP('',(#6458,#6459,#6460,#6461));
#1431=EDGE_LOOP('',(#6462));
#1432=EDGE_LOOP('',(#6463));
#1433=EDGE_LOOP('',(#6464,#6465,#6466,#6467));
#1434=EDGE_LOOP('',(#6468));
#1435=EDGE_LOOP('',(#6469));
#1436=EDGE_LOOP('',(#6470,#6471,#6472,#6473));
#1437=EDGE_LOOP('',(#6474));
#1438=EDGE_LOOP('',(#6475));
#1439=EDGE_LOOP('',(#6476,#6477,#6478,#6479));
#1440=EDGE_LOOP('',(#6480));
#1441=EDGE_LOOP('',(#6481));
#1442=EDGE_LOOP('',(#6482,#6483,#6484,#6485));
#1443=EDGE_LOOP('',(#6486,#6487,#6488,#6489));
#1444=EDGE_LOOP('',(#6490,#6491,#6492,#6493));
#1445=EDGE_LOOP('',(#6494,#6495,#6496,#6497));
#1446=EDGE_LOOP('',(#6498,#6499,#6500,#6501));
#1447=EDGE_LOOP('',(#6502,#6503,#6504,#6505,#6506,#6507));
#1448=EDGE_LOOP('',(#6508,#6509,#6510,#6511));
#1449=EDGE_LOOP('',(#6512,#6513,#6514,#6515));
#1450=EDGE_LOOP('',(#6516,#6517,#6518,#6519));
#1451=EDGE_LOOP('',(#6520,#6521,#6522,#6523));
#1452=EDGE_LOOP('',(#6524,#6525,#6526,#6527));
#1453=EDGE_LOOP('',(#6528,#6529,#6530,#6531));
#1454=EDGE_LOOP('',(#6532,#6533,#6534,#6535));
#1455=EDGE_LOOP('',(#6536,#6537,#6538,#6539));
#1456=EDGE_LOOP('',(#6540,#6541,#6542,#6543));
#1457=EDGE_LOOP('',(#6544,#6545,#6546,#6547));
#1458=EDGE_LOOP('',(#6548,#6549,#6550,#6551,#6552,#6553));
#1459=EDGE_LOOP('',(#6554,#6555,#6556,#6557));
#1460=EDGE_LOOP('',(#6558,#6559,#6560,#6561));
#1461=EDGE_LOOP('',(#6562,#6563,#6564,#6565));
#1462=EDGE_LOOP('',(#6566,#6567,#6568,#6569));
#1463=EDGE_LOOP('',(#6570,#6571,#6572,#6573));
#1464=EDGE_LOOP('',(#6574,#6575,#6576,#6577));
#1465=EDGE_LOOP('',(#6578,#6579,#6580,#6581));
#1466=EDGE_LOOP('',(#6582,#6583,#6584,#6585,#6586));
#1467=EDGE_LOOP('',(#6587,#6588,#6589,#6590,#6591));
#1468=EDGE_LOOP('',(#6592,#6593,#6594,#6595,#6596,#6597,#6598,#6599,#6600,
#6601,#6602,#6603,#6604,#6605,#6606,#6607,#6608,#6609,#6610,#6611,#6612));
#1469=EDGE_LOOP('',(#6613));
#1470=EDGE_LOOP('',(#6614,#6615,#6616,#6617,#6618,#6619));
#1471=EDGE_LOOP('',(#6620));
#1472=EDGE_LOOP('',(#6621));
#1473=EDGE_LOOP('',(#6622));
#1474=EDGE_LOOP('',(#6623));
#1475=EDGE_LOOP('',(#6624,#6625,#6626,#6627));
#1476=EDGE_LOOP('',(#6628,#6629,#6630,#6631));
#1477=EDGE_LOOP('',(#6632,#6633,#6634,#6635));
#1478=EDGE_LOOP('',(#6636,#6637,#6638,#6639));
#1479=EDGE_LOOP('',(#6640,#6641,#6642,#6643,#6644));
#1480=EDGE_LOOP('',(#6645,#6646,#6647,#6648));
#1481=EDGE_LOOP('',(#6649,#6650,#6651,#6652));
#1482=EDGE_LOOP('',(#6653,#6654,#6655,#6656));
#1483=EDGE_LOOP('',(#6657,#6658,#6659,#6660,#6661));
#1484=EDGE_LOOP('',(#6662,#6663,#6664,#6665));
#1485=EDGE_LOOP('',(#6666,#6667,#6668,#6669,#6670,#6671,#6672));
#1486=EDGE_LOOP('',(#6673,#6674,#6675,#6676,#6677,#6678,#6679));
#1487=EDGE_LOOP('',(#6680,#6681,#6682,#6683));
#1488=EDGE_LOOP('',(#6684,#6685,#6686,#6687));
#1489=EDGE_LOOP('',(#6688,#6689,#6690,#6691));
#1490=EDGE_LOOP('',(#6692,#6693,#6694,#6695));
#1491=EDGE_LOOP('',(#6696,#6697,#6698,#6699));
#1492=EDGE_LOOP('',(#6700,#6701,#6702,#6703));
#1493=EDGE_LOOP('',(#6704,#6705,#6706,#6707));
#1494=EDGE_LOOP('',(#6708,#6709,#6710,#6711));
#1495=EDGE_LOOP('',(#6712,#6713,#6714,#6715));
#1496=EDGE_LOOP('',(#6716,#6717,#6718,#6719));
#1497=EDGE_LOOP('',(#6720,#6721,#6722,#6723));
#1498=EDGE_LOOP('',(#6724,#6725,#6726,#6727));
#1499=EDGE_LOOP('',(#6728,#6729,#6730,#6731));
#1500=EDGE_LOOP('',(#6732,#6733,#6734,#6735));
#1501=EDGE_LOOP('',(#6736,#6737,#6738,#6739,#6740,#6741,#6742));
#1502=EDGE_LOOP('',(#6743,#6744,#6745,#6746));
#1503=EDGE_LOOP('',(#6747,#6748,#6749,#6750));
#1504=EDGE_LOOP('',(#6751,#6752,#6753,#6754));
#1505=EDGE_LOOP('',(#6755,#6756,#6757));
#1506=EDGE_LOOP('',(#6758,#6759,#6760,#6761));
#1507=EDGE_LOOP('',(#6762,#6763,#6764,#6765,#6766,#6767));
#1508=EDGE_LOOP('',(#6768,#6769,#6770,#6771));
#1509=EDGE_LOOP('',(#6772,#6773,#6774,#6775));
#1510=EDGE_LOOP('',(#6776,#6777,#6778,#6779,#6780,#6781));
#1511=EDGE_LOOP('',(#6782,#6783));
#1512=EDGE_LOOP('',(#6784,#6785,#6786,#6787));
#1513=EDGE_LOOP('',(#6788,#6789,#6790,#6791));
#1514=EDGE_LOOP('',(#6792,#6793,#6794,#6795));
#1515=EDGE_LOOP('',(#6796,#6797,#6798,#6799));
#1516=EDGE_LOOP('',(#6800,#6801,#6802,#6803));
#1517=EDGE_LOOP('',(#6804,#6805,#6806,#6807));
#1518=EDGE_LOOP('',(#6808,#6809,#6810,#6811));
#1519=EDGE_LOOP('',(#6812,#6813,#6814,#6815));
#1520=EDGE_LOOP('',(#6816,#6817,#6818,#6819,#6820));
#1521=EDGE_LOOP('',(#6821,#6822,#6823,#6824));
#1522=EDGE_LOOP('',(#6825,#6826,#6827,#6828,#6829,#6830,#6831,#6832));
#1523=EDGE_LOOP('',(#6833));
#1524=EDGE_LOOP('',(#6834,#6835,#6836,#6837));
#1525=EDGE_LOOP('',(#6838,#6839,#6840,#6841,#6842));
#1526=EDGE_LOOP('',(#6843,#6844,#6845,#6846));
#1527=EDGE_LOOP('',(#6847,#6848,#6849,#6850));
#1528=EDGE_LOOP('',(#6851,#6852,#6853,#6854,#6855,#6856));
#1529=EDGE_LOOP('',(#6857,#6858,#6859,#6860,#6861));
#1530=EDGE_LOOP('',(#6862,#6863,#6864,#6865,#6866));
#1531=EDGE_LOOP('',(#6867));
#1532=EDGE_LOOP('',(#6868));
#1533=LINE('',#10732,#2135);
#1534=LINE('',#10739,#2136);
#1535=LINE('',#10745,#2137);
#1536=LINE('',#10752,#2138);
#1537=LINE('',#10758,#2139);
#1538=LINE('',#10765,#2140);
#1539=LINE('',#10771,#2141);
#1540=LINE('',#10778,#2142);
#1541=LINE('',#10782,#2143);
#1542=LINE('',#10787,#2144);
#1543=LINE('',#10790,#2145);
#1544=LINE('',#10795,#2146);
#1545=LINE('',#10798,#2147);
#1546=LINE('',#10803,#2148);
#1547=LINE('',#10806,#2149);
#1548=LINE('',#10811,#2150);
#1549=LINE('',#10816,#2151);
#1550=LINE('',#10823,#2152);
#1551=LINE('',#10825,#2153);
#1552=LINE('',#10827,#2154);
#1553=LINE('',#10829,#2155);
#1554=LINE('',#10831,#2156);
#1555=LINE('',#10835,#2157);
#1556=LINE('',#10839,#2158);
#1557=LINE('',#10843,#2159);
#1558=LINE('',#10847,#2160);
#1559=LINE('',#10848,#2161);
#1560=LINE('',#10871,#2162);
#1561=LINE('',#10875,#2163);
#1562=LINE('',#10880,#2164);
#1563=LINE('',#10882,#2165);
#1564=LINE('',#10885,#2166);
#1565=LINE('',#10890,#2167);
#1566=LINE('',#10893,#2168);
#1567=LINE('',#10899,#2169);
#1568=LINE('',#10902,#2170);
#1569=LINE('',#10905,#2171);
#1570=LINE('',#10911,#2172);
#1571=LINE('',#10914,#2173);
#1572=LINE('',#10917,#2174);
#1573=LINE('',#10923,#2175);
#1574=LINE('',#10926,#2176);
#1575=LINE('',#10929,#2177);
#1576=LINE('',#10938,#2178);
#1577=LINE('',#10945,#2179);
#1578=LINE('',#10949,#2180);
#1579=LINE('',#10953,#2181);
#1580=LINE('',#10957,#2182);
#1581=LINE('',#10961,#2183);
#1582=LINE('',#10963,#2184);
#1583=LINE('',#10965,#2185);
#1584=LINE('',#10967,#2186);
#1585=LINE('',#10969,#2187);
#1586=LINE('',#10971,#2188);
#1587=LINE('',#10973,#2189);
#1588=LINE('',#10995,#2190);
#1589=LINE('',#11000,#2191);
#1590=LINE('',#11003,#2192);
#1591=LINE('',#11006,#2193);
#1592=LINE('',#11010,#2194);
#1593=LINE('',#11013,#2195);
#1594=LINE('',#11018,#2196);
#1595=LINE('',#11021,#2197);
#1596=LINE('',#11026,#2198);
#1597=LINE('',#11032,#2199);
#1598=LINE('',#11034,#2200);
#1599=LINE('',#11035,#2201);
#1600=LINE('',#11037,#2202);
#1601=LINE('',#11040,#2203);
#1602=LINE('',#11045,#2204);
#1603=LINE('',#11048,#2205);
#1604=LINE('',#11050,#2206);
#1605=LINE('',#11051,#2207);
#1606=LINE('',#11055,#2208);
#1607=LINE('',#11056,#2209);
#1608=LINE('',#11057,#2210);
#1609=LINE('',#11059,#2211);
#1610=LINE('',#11062,#2212);
#1611=LINE('',#11063,#2213);
#1612=LINE('',#11066,#2214);
#1613=LINE('',#11067,#2215);
#1614=LINE('',#11070,#2216);
#1615=LINE('',#11074,#2217);
#1616=LINE('',#11075,#2218);
#1617=LINE('',#11078,#2219);
#1618=LINE('',#11082,#2220);
#1619=LINE('',#11083,#2221);
#1620=LINE('',#11086,#2222);
#1621=LINE('',#11090,#2223);
#1622=LINE('',#11091,#2224);
#1623=LINE('',#11094,#2225);
#1624=LINE('',#11098,#2226);
#1625=LINE('',#11099,#2227);
#1626=LINE('',#11101,#2228);
#1627=LINE('',#11104,#2229);
#1628=LINE('',#11106,#2230);
#1629=LINE('',#11107,#2231);
#1630=LINE('',#11110,#2232);
#1631=LINE('',#11114,#2233);
#1632=LINE('',#11115,#2234);
#1633=LINE('',#11118,#2235);
#1634=LINE('',#11119,#2236);
#1635=LINE('',#11122,#2237);
#1636=LINE('',#11123,#2238);
#1637=LINE('',#11126,#2239);
#1638=LINE('',#11127,#2240);
#1639=LINE('',#11130,#2241);
#1640=LINE('',#11131,#2242);
#1641=LINE('',#11133,#2243);
#1642=LINE('',#11134,#2244);
#1643=LINE('',#11136,#2245);
#1644=LINE('',#11139,#2246);
#1645=LINE('',#11143,#2247);
#1646=LINE('',#11144,#2248);
#1647=LINE('',#11148,#2249);
#1648=LINE('',#11151,#2250);
#1649=LINE('',#11152,#2251);
#1650=LINE('',#11154,#2252);
#1651=LINE('',#11157,#2253);
#1652=LINE('',#11159,#2254);
#1653=LINE('',#11162,#2255);
#1654=LINE('',#11163,#2256);
#1655=LINE('',#11165,#2257);
#1656=LINE('',#11168,#2258);
#1657=LINE('',#11170,#2259);
#1658=LINE('',#11172,#2260);
#1659=LINE('',#11174,#2261);
#1660=LINE('',#11176,#2262);
#1661=LINE('',#11178,#2263);
#1662=LINE('',#11180,#2264);
#1663=LINE('',#11182,#2265);
#1664=LINE('',#11184,#2266);
#1665=LINE('',#11186,#2267);
#1666=LINE('',#11188,#2268);
#1667=LINE('',#11198,#2269);
#1668=LINE('',#11205,#2270);
#1669=LINE('',#11211,#2271);
#1670=LINE('',#11218,#2272);
#1671=LINE('',#11224,#2273);
#1672=LINE('',#11231,#2274);
#1673=LINE('',#11237,#2275);
#1674=LINE('',#11244,#2276);
#1675=LINE('',#11248,#2277);
#1676=LINE('',#11253,#2278);
#1677=LINE('',#11256,#2279);
#1678=LINE('',#11261,#2280);
#1679=LINE('',#11264,#2281);
#1680=LINE('',#11269,#2282);
#1681=LINE('',#11272,#2283);
#1682=LINE('',#11277,#2284);
#1683=LINE('',#11282,#2285);
#1684=LINE('',#11289,#2286);
#1685=LINE('',#11291,#2287);
#1686=LINE('',#11293,#2288);
#1687=LINE('',#11297,#2289);
#1688=LINE('',#11301,#2290);
#1689=LINE('',#11305,#2291);
#1690=LINE('',#11309,#2292);
#1691=LINE('',#11311,#2293);
#1692=LINE('',#11313,#2294);
#1693=LINE('',#11314,#2295);
#1694=LINE('',#11337,#2296);
#1695=LINE('',#11341,#2297);
#1696=LINE('',#11346,#2298);
#1697=LINE('',#11348,#2299);
#1698=LINE('',#11351,#2300);
#1699=LINE('',#11356,#2301);
#1700=LINE('',#11359,#2302);
#1701=LINE('',#11365,#2303);
#1702=LINE('',#11368,#2304);
#1703=LINE('',#11371,#2305);
#1704=LINE('',#11377,#2306);
#1705=LINE('',#11380,#2307);
#1706=LINE('',#11383,#2308);
#1707=LINE('',#11389,#2309);
#1708=LINE('',#11392,#2310);
#1709=LINE('',#11395,#2311);
#1710=LINE('',#11404,#2312);
#1711=LINE('',#11413,#2313);
#1712=LINE('',#11415,#2314);
#1713=LINE('',#11417,#2315);
#1714=LINE('',#11419,#2316);
#1715=LINE('',#11421,#2317);
#1716=LINE('',#11423,#2318);
#1717=LINE('',#11425,#2319);
#1718=LINE('',#11429,#2320);
#1719=LINE('',#11433,#2321);
#1720=LINE('',#11437,#2322);
#1721=LINE('',#11440,#2323);
#1722=LINE('',#11461,#2324);
#1723=LINE('',#11466,#2325);
#1724=LINE('',#11469,#2326);
#1725=LINE('',#11472,#2327);
#1726=LINE('',#11476,#2328);
#1727=LINE('',#11479,#2329);
#1728=LINE('',#11484,#2330);
#1729=LINE('',#11487,#2331);
#1730=LINE('',#11492,#2332);
#1731=LINE('',#11498,#2333);
#1732=LINE('',#11500,#2334);
#1733=LINE('',#11501,#2335);
#1734=LINE('',#11503,#2336);
#1735=LINE('',#11506,#2337);
#1736=LINE('',#11511,#2338);
#1737=LINE('',#11514,#2339);
#1738=LINE('',#11516,#2340);
#1739=LINE('',#11517,#2341);
#1740=LINE('',#11521,#2342);
#1741=LINE('',#11522,#2343);
#1742=LINE('',#11523,#2344);
#1743=LINE('',#11525,#2345);
#1744=LINE('',#11528,#2346);
#1745=LINE('',#11529,#2347);
#1746=LINE('',#11532,#2348);
#1747=LINE('',#11533,#2349);
#1748=LINE('',#11537,#2350);
#1749=LINE('',#11540,#2351);
#1750=LINE('',#11541,#2352);
#1751=LINE('',#11545,#2353);
#1752=LINE('',#11548,#2354);
#1753=LINE('',#11549,#2355);
#1754=LINE('',#11552,#2356);
#1755=LINE('',#11556,#2357);
#1756=LINE('',#11557,#2358);
#1757=LINE('',#11560,#2359);
#1758=LINE('',#11564,#2360);
#1759=LINE('',#11565,#2361);
#1760=LINE('',#11567,#2362);
#1761=LINE('',#11570,#2363);
#1762=LINE('',#11572,#2364);
#1763=LINE('',#11573,#2365);
#1764=LINE('',#11577,#2366);
#1765=LINE('',#11580,#2367);
#1766=LINE('',#11581,#2368);
#1767=LINE('',#11584,#2369);
#1768=LINE('',#11585,#2370);
#1769=LINE('',#11588,#2371);
#1770=LINE('',#11589,#2372);
#1771=LINE('',#11592,#2373);
#1772=LINE('',#11593,#2374);
#1773=LINE('',#11596,#2375);
#1774=LINE('',#11597,#2376);
#1775=LINE('',#11599,#2377);
#1776=LINE('',#11600,#2378);
#1777=LINE('',#11602,#2379);
#1778=LINE('',#11605,#2380);
#1779=LINE('',#11609,#2381);
#1780=LINE('',#11610,#2382);
#1781=LINE('',#11613,#2383);
#1782=LINE('',#11617,#2384);
#1783=LINE('',#11618,#2385);
#1784=LINE('',#11620,#2386);
#1785=LINE('',#11623,#2387);
#1786=LINE('',#11625,#2388);
#1787=LINE('',#11628,#2389);
#1788=LINE('',#11629,#2390);
#1789=LINE('',#11631,#2391);
#1790=LINE('',#11634,#2392);
#1791=LINE('',#11636,#2393);
#1792=LINE('',#11638,#2394);
#1793=LINE('',#11640,#2395);
#1794=LINE('',#11642,#2396);
#1795=LINE('',#11644,#2397);
#1796=LINE('',#11646,#2398);
#1797=LINE('',#11648,#2399);
#1798=LINE('',#11650,#2400);
#1799=LINE('',#11652,#2401);
#1800=LINE('',#11654,#2402);
#1801=LINE('',#11677,#2403);
#1802=LINE('',#11680,#2404);
#1803=LINE('',#11682,#2405);
#1804=LINE('',#11745,#2406);
#1805=LINE('',#11746,#2407);
#1806=LINE('',#11752,#2408);
#1807=LINE('',#11757,#2409);
#1808=LINE('',#11763,#2410);
#1809=LINE('',#11765,#2411);
#1810=LINE('',#11767,#2412);
#1811=LINE('',#11769,#2413);
#1812=LINE('',#11771,#2414);
#1813=LINE('',#11773,#2415);
#1814=LINE('',#11775,#2416);
#1815=LINE('',#11779,#2417);
#1816=LINE('',#11783,#2418);
#1817=LINE('',#11787,#2419);
#1818=LINE('',#11809,#2420);
#1819=LINE('',#11813,#2421);
#1820=LINE('',#11818,#2422);
#1821=LINE('',#11821,#2423);
#1822=LINE('',#11826,#2424);
#1823=LINE('',#11829,#2425);
#1824=LINE('',#11834,#2426);
#1825=LINE('',#11956,#2427);
#1826=LINE('',#11994,#2428);
#1827=LINE('',#12000,#2429);
#1828=LINE('',#12005,#2430);
#1829=LINE('',#12009,#2431);
#1830=LINE('',#12011,#2432);
#1831=LINE('',#12013,#2433);
#1832=LINE('',#12014,#2434);
#1833=LINE('',#12018,#2435);
#1834=LINE('',#12022,#2436);
#1835=LINE('',#12027,#2437);
#1836=LINE('',#12030,#2438);
#1837=LINE('',#12035,#2439);
#1838=LINE('',#12038,#2440);
#1839=LINE('',#12043,#2441);
#1840=LINE('',#12046,#2442);
#1841=LINE('',#12051,#2443);
#1842=LINE('',#12055,#2444);
#1843=LINE('',#12060,#2445);
#1844=LINE('',#12063,#2446);
#1845=LINE('',#12069,#2447);
#1846=LINE('',#12076,#2448);
#1847=LINE('',#12083,#2449);
#1848=LINE('',#12090,#2450);
#1849=LINE('',#12097,#2451);
#1850=LINE('',#12104,#2452);
#1851=LINE('',#12111,#2453);
#1852=LINE('',#12118,#2454);
#1853=LINE('',#12123,#2455);
#1854=LINE('',#12126,#2456);
#1855=LINE('',#12128,#2457);
#1856=LINE('',#12129,#2458);
#1857=LINE('',#12132,#2459);
#1858=LINE('',#12133,#2460);
#1859=LINE('',#12136,#2461);
#1860=LINE('',#12137,#2462);
#1861=LINE('',#12143,#2463);
#1862=LINE('',#12145,#2464);
#1863=LINE('',#12146,#2465);
#1864=LINE('',#12149,#2466);
#1865=LINE('',#12153,#2467);
#1866=LINE('',#12154,#2468);
#1867=LINE('',#12157,#2469);
#1868=LINE('',#12161,#2470);
#1869=LINE('',#12162,#2471);
#1870=LINE('',#12165,#2472);
#1871=LINE('',#12169,#2473);
#1872=LINE('',#12170,#2474);
#1873=LINE('',#12173,#2475);
#1874=LINE('',#12177,#2476);
#1875=LINE('',#12178,#2477);
#1876=LINE('',#12180,#2478);
#1877=LINE('',#12182,#2479);
#1878=LINE('',#12185,#2480);
#1879=LINE('',#12189,#2481);
#1880=LINE('',#12191,#2482);
#1881=LINE('',#12192,#2483);
#1882=LINE('',#12195,#2484);
#1883=LINE('',#12196,#2485);
#1884=LINE('',#12199,#2486);
#1885=LINE('',#12200,#2487);
#1886=LINE('',#12203,#2488);
#1887=LINE('',#12204,#2489);
#1888=LINE('',#12207,#2490);
#1889=LINE('',#12208,#2491);
#1890=LINE('',#12211,#2492);
#1891=LINE('',#12212,#2493);
#1892=LINE('',#12215,#2494);
#1893=LINE('',#12216,#2495);
#1894=LINE('',#12222,#2496);
#1895=LINE('',#12225,#2497);
#1896=LINE('',#12234,#2498);
#1897=LINE('',#12240,#2499);
#1898=LINE('',#12249,#2500);
#1899=LINE('',#12253,#2501);
#1900=LINE('',#12257,#2502);
#1901=LINE('',#12259,#2503);
#1902=LINE('',#12261,#2504);
#1903=LINE('',#12263,#2505);
#1904=LINE('',#12265,#2506);
#1905=LINE('',#12267,#2507);
#1906=LINE('',#12268,#2508);
#1907=LINE('',#12288,#2509);
#1908=LINE('',#12290,#2510);
#1909=LINE('',#12294,#2511);
#1910=LINE('',#12296,#2512);
#1911=LINE('',#12300,#2513);
#1912=LINE('',#12302,#2514);
#1913=LINE('',#12306,#2515);
#1914=LINE('',#12308,#2516);
#1915=LINE('',#12312,#2517);
#1916=LINE('',#12314,#2518);
#1917=LINE('',#12320,#2519);
#1918=LINE('',#12327,#2520);
#1919=LINE('',#12341,#2521);
#1920=LINE('',#12345,#2522);
#1921=LINE('',#12347,#2523);
#1922=LINE('',#12351,#2524);
#1923=LINE('',#12353,#2525);
#1924=LINE('',#12358,#2526);
#1925=LINE('',#12359,#2527);
#1926=LINE('',#12362,#2528);
#1927=LINE('',#12366,#2529);
#1928=LINE('',#12367,#2530);
#1929=LINE('',#12369,#2531);
#1930=LINE('',#12372,#2532);
#1931=LINE('',#12374,#2533);
#1932=LINE('',#12376,#2534);
#1933=LINE('',#12378,#2535);
#1934=LINE('',#12380,#2536);
#1935=LINE('',#12382,#2537);
#1936=LINE('',#12383,#2538);
#1937=LINE('',#12386,#2539);
#1938=LINE('',#12419,#2540);
#1939=LINE('',#12423,#2541);
#1940=LINE('',#12425,#2542);
#1941=LINE('',#12426,#2543);
#1942=LINE('',#12429,#2544);
#1943=LINE('',#12431,#2545);
#1944=LINE('',#12432,#2546);
#1945=LINE('',#12546,#2547);
#1946=LINE('',#12578,#2548);
#1947=LINE('',#12581,#2549);
#1948=LINE('',#12583,#2550);
#1949=LINE('',#12584,#2551);
#1950=LINE('',#12585,#2552);
#1951=LINE('',#12588,#2553);
#1952=LINE('',#12590,#2554);
#1953=LINE('',#12591,#2555);
#1954=LINE('',#12595,#2556);
#1955=LINE('',#12601,#2557);
#1956=LINE('',#12602,#2558);
#1957=LINE('',#12603,#2559);
#1958=LINE('',#12607,#2560);
#1959=LINE('',#12611,#2561);
#1960=LINE('',#12612,#2562);
#1961=LINE('',#12616,#2563);
#1962=LINE('',#12620,#2564);
#1963=LINE('',#12621,#2565);
#1964=LINE('',#12631,#2566);
#1965=LINE('',#12634,#2567);
#1966=LINE('',#12637,#2568);
#1967=LINE('',#12639,#2569);
#1968=LINE('',#12659,#2570);
#1969=LINE('',#12662,#2571);
#1970=LINE('',#12665,#2572);
#1971=LINE('',#12727,#2573);
#1972=LINE('',#12728,#2574);
#1973=LINE('',#12734,#2575);
#1974=LINE('',#12739,#2576);
#1975=LINE('',#12743,#2577);
#1976=LINE('',#12747,#2578);
#1977=LINE('',#12751,#2579);
#1978=LINE('',#12755,#2580);
#1979=LINE('',#12757,#2581);
#1980=LINE('',#12759,#2582);
#1981=LINE('',#12761,#2583);
#1982=LINE('',#12763,#2584);
#1983=LINE('',#12765,#2585);
#1984=LINE('',#12767,#2586);
#1985=LINE('',#12791,#2587);
#1986=LINE('',#12795,#2588);
#1987=LINE('',#12800,#2589);
#1988=LINE('',#12803,#2590);
#1989=LINE('',#12808,#2591);
#1990=LINE('',#12811,#2592);
#1991=LINE('',#12816,#2593);
#1992=LINE('',#12938,#2594);
#1993=LINE('',#12976,#2595);
#1994=LINE('',#12982,#2596);
#1995=LINE('',#12987,#2597);
#1996=LINE('',#12991,#2598);
#1997=LINE('',#12993,#2599);
#1998=LINE('',#12995,#2600);
#1999=LINE('',#12996,#2601);
#2000=LINE('',#13000,#2602);
#2001=LINE('',#13004,#2603);
#2002=LINE('',#13009,#2604);
#2003=LINE('',#13012,#2605);
#2004=LINE('',#13017,#2606);
#2005=LINE('',#13020,#2607);
#2006=LINE('',#13025,#2608);
#2007=LINE('',#13028,#2609);
#2008=LINE('',#13033,#2610);
#2009=LINE('',#13037,#2611);
#2010=LINE('',#13042,#2612);
#2011=LINE('',#13045,#2613);
#2012=LINE('',#13051,#2614);
#2013=LINE('',#13058,#2615);
#2014=LINE('',#13065,#2616);
#2015=LINE('',#13072,#2617);
#2016=LINE('',#13079,#2618);
#2017=LINE('',#13086,#2619);
#2018=LINE('',#13093,#2620);
#2019=LINE('',#13100,#2621);
#2020=LINE('',#13105,#2622);
#2021=LINE('',#13108,#2623);
#2022=LINE('',#13110,#2624);
#2023=LINE('',#13111,#2625);
#2024=LINE('',#13114,#2626);
#2025=LINE('',#13115,#2627);
#2026=LINE('',#13118,#2628);
#2027=LINE('',#13119,#2629);
#2028=LINE('',#13125,#2630);
#2029=LINE('',#13127,#2631);
#2030=LINE('',#13128,#2632);
#2031=LINE('',#13132,#2633);
#2032=LINE('',#13135,#2634);
#2033=LINE('',#13136,#2635);
#2034=LINE('',#13140,#2636);
#2035=LINE('',#13143,#2637);
#2036=LINE('',#13144,#2638);
#2037=LINE('',#13147,#2639);
#2038=LINE('',#13151,#2640);
#2039=LINE('',#13152,#2641);
#2040=LINE('',#13155,#2642);
#2041=LINE('',#13159,#2643);
#2042=LINE('',#13160,#2644);
#2043=LINE('',#13162,#2645);
#2044=LINE('',#13164,#2646);
#2045=LINE('',#13167,#2647);
#2046=LINE('',#13171,#2648);
#2047=LINE('',#13173,#2649);
#2048=LINE('',#13174,#2650);
#2049=LINE('',#13177,#2651);
#2050=LINE('',#13178,#2652);
#2051=LINE('',#13181,#2653);
#2052=LINE('',#13182,#2654);
#2053=LINE('',#13185,#2655);
#2054=LINE('',#13186,#2656);
#2055=LINE('',#13189,#2657);
#2056=LINE('',#13190,#2658);
#2057=LINE('',#13193,#2659);
#2058=LINE('',#13194,#2660);
#2059=LINE('',#13197,#2661);
#2060=LINE('',#13198,#2662);
#2061=LINE('',#13203,#2663);
#2062=LINE('',#13207,#2664);
#2063=LINE('',#13216,#2665);
#2064=LINE('',#13218,#2666);
#2065=LINE('',#13220,#2667);
#2066=LINE('',#13222,#2668);
#2067=LINE('',#13224,#2669);
#2068=LINE('',#13226,#2670);
#2069=LINE('',#13228,#2671);
#2070=LINE('',#13232,#2672);
#2071=LINE('',#13236,#2673);
#2072=LINE('',#13245,#2674);
#2073=LINE('',#13250,#2675);
#2074=LINE('',#13270,#2676);
#2075=LINE('',#13272,#2677);
#2076=LINE('',#13276,#2678);
#2077=LINE('',#13278,#2679);
#2078=LINE('',#13282,#2680);
#2079=LINE('',#13284,#2681);
#2080=LINE('',#13288,#2682);
#2081=LINE('',#13290,#2683);
#2082=LINE('',#13294,#2684);
#2083=LINE('',#13296,#2685);
#2084=LINE('',#13305,#2686);
#2085=LINE('',#13309,#2687);
#2086=LINE('',#13323,#2688);
#2087=LINE('',#13327,#2689);
#2088=LINE('',#13329,#2690);
#2089=LINE('',#13333,#2691);
#2090=LINE('',#13335,#2692);
#2091=LINE('',#13340,#2693);
#2092=LINE('',#13341,#2694);
#2093=LINE('',#13344,#2695);
#2094=LINE('',#13348,#2696);
#2095=LINE('',#13349,#2697);
#2096=LINE('',#13351,#2698);
#2097=LINE('',#13354,#2699);
#2098=LINE('',#13356,#2700);
#2099=LINE('',#13358,#2701);
#2100=LINE('',#13360,#2702);
#2101=LINE('',#13362,#2703);
#2102=LINE('',#13364,#2704);
#2103=LINE('',#13365,#2705);
#2104=LINE('',#13368,#2706);
#2105=LINE('',#13397,#2707);
#2106=LINE('',#13405,#2708);
#2107=LINE('',#13407,#2709);
#2108=LINE('',#13408,#2710);
#2109=LINE('',#13411,#2711);
#2110=LINE('',#13413,#2712);
#2111=LINE('',#13414,#2713);
#2112=LINE('',#13528,#2714);
#2113=LINE('',#13560,#2715);
#2114=LINE('',#13562,#2716);
#2115=LINE('',#13564,#2717);
#2116=LINE('',#13566,#2718);
#2117=LINE('',#13567,#2719);
#2118=LINE('',#13570,#2720);
#2119=LINE('',#13572,#2721);
#2120=LINE('',#13573,#2722);
#2121=LINE('',#13577,#2723);
#2122=LINE('',#13583,#2724);
#2123=LINE('',#13584,#2725);
#2124=LINE('',#13585,#2726);
#2125=LINE('',#13589,#2727);
#2126=LINE('',#13593,#2728);
#2127=LINE('',#13594,#2729);
#2128=LINE('',#13598,#2730);
#2129=LINE('',#13602,#2731);
#2130=LINE('',#13603,#2732);
#2131=LINE('',#13613,#2733);
#2132=LINE('',#13616,#2734);
#2133=LINE('',#13619,#2735);
#2134=LINE('',#13621,#2736);
#2135=VECTOR('',#8397,1.85);
#2136=VECTOR('',#8406,1.65);
#2137=VECTOR('',#8413,1.85);
#2138=VECTOR('',#8422,1.65);
#2139=VECTOR('',#8429,1.85);
#2140=VECTOR('',#8438,1.65);
#2141=VECTOR('',#8445,1.85);
#2142=VECTOR('',#8454,1.65);
#2143=VECTOR('',#8459,3.9);
#2144=VECTOR('',#8466,4.);
#2145=VECTOR('',#8469,3.9);
#2146=VECTOR('',#8476,4.);
#2147=VECTOR('',#8479,3.9);
#2148=VECTOR('',#8486,4.);
#2149=VECTOR('',#8489,3.9);
#2150=VECTOR('',#8496,4.);
#2151=VECTOR('',#8501,2.1);
#2152=VECTOR('',#8508,10.);
#2153=VECTOR('',#8509,10.);
#2154=VECTOR('',#8510,10.);
#2155=VECTOR('',#8511,10.);
#2156=VECTOR('',#8512,10.);
#2157=VECTOR('',#8515,10.);
#2158=VECTOR('',#8518,10.);
#2159=VECTOR('',#8521,10.);
#2160=VECTOR('',#8524,10.);
#2161=VECTOR('',#8525,10.);
#2162=VECTOR('',#8548,2.);
#2163=VECTOR('',#8553,1.85);
#2164=VECTOR('',#8560,1.65);
#2165=VECTOR('',#8563,1.85);
#2166=VECTOR('',#8566,1.85);
#2167=VECTOR('',#8573,1.65);
#2168=VECTOR('',#8576,2.1);
#2169=VECTOR('',#8583,2.);
#2170=VECTOR('',#8588,1.85);
#2171=VECTOR('',#8591,2.1);
#2172=VECTOR('',#8598,2.);
#2173=VECTOR('',#8603,1.85);
#2174=VECTOR('',#8606,2.1);
#2175=VECTOR('',#8613,2.);
#2176=VECTOR('',#8618,1.85);
#2177=VECTOR('',#8621,1.85);
#2178=VECTOR('',#8632,1.85);
#2179=VECTOR('',#8639,10.);
#2180=VECTOR('',#8642,10.);
#2181=VECTOR('',#8645,10.);
#2182=VECTOR('',#8648,10.);
#2183=VECTOR('',#8651,10.);
#2184=VECTOR('',#8652,10.);
#2185=VECTOR('',#8653,10.);
#2186=VECTOR('',#8654,10.);
#2187=VECTOR('',#8655,10.);
#2188=VECTOR('',#8656,10.);
#2189=VECTOR('',#8657,10.);
#2190=VECTOR('',#8680,1.4);
#2191=VECTOR('',#8687,1.85);
#2192=VECTOR('',#8690,1.4);
#2193=VECTOR('',#8695,1.85);
#2194=VECTOR('',#8700,1.85);
#2195=VECTOR('',#8703,1.4);
#2196=VECTOR('',#8710,1.85);
#2197=VECTOR('',#8713,1.4);
#2198=VECTOR('',#8720,3.75);
#2199=VECTOR('',#8723,10.);
#2200=VECTOR('',#8724,10.);
#2201=VECTOR('',#8725,10.);
#2202=VECTOR('',#8728,3.5);
#2203=VECTOR('',#8731,11.75);
#2204=VECTOR('',#8738,11.5);
#2205=VECTOR('',#8741,10.);
#2206=VECTOR('',#8742,10.);
#2207=VECTOR('',#8743,10.);
#2208=VECTOR('',#8746,10.);
#2209=VECTOR('',#8747,10.);
#2210=VECTOR('',#8748,10.);
#2211=VECTOR('',#8751,10.);
#2212=VECTOR('',#8754,10.);
#2213=VECTOR('',#8755,10.);
#2214=VECTOR('',#8758,10.);
#2215=VECTOR('',#8759,10.);
#2216=VECTOR('',#8762,10.);
#2217=VECTOR('',#8767,10.);
#2218=VECTOR('',#8768,10.);
#2219=VECTOR('',#8771,10.);
#2220=VECTOR('',#8776,10.);
#2221=VECTOR('',#8777,10.);
#2222=VECTOR('',#8780,10.);
#2223=VECTOR('',#8785,10.);
#2224=VECTOR('',#8786,10.);
#2225=VECTOR('',#8789,10.);
#2226=VECTOR('',#8794,10.);
#2227=VECTOR('',#8795,10.);
#2228=VECTOR('',#8798,10.);
#2229=VECTOR('',#8801,1.);
#2230=VECTOR('',#8802,10.);
#2231=VECTOR('',#8803,1.);
#2232=VECTOR('',#8806,1.);
#2233=VECTOR('',#8811,1.);
#2234=VECTOR('',#8812,10.);
#2235=VECTOR('',#8815,1.);
#2236=VECTOR('',#8816,10.);
#2237=VECTOR('',#8819,1.);
#2238=VECTOR('',#8820,10.);
#2239=VECTOR('',#8823,1.);
#2240=VECTOR('',#8824,10.);
#2241=VECTOR('',#8827,1.);
#2242=VECTOR('',#8828,10.);
#2243=VECTOR('',#8831,10.);
#2244=VECTOR('',#8832,10.);
#2245=VECTOR('',#8835,10.);
#2246=VECTOR('',#8838,10.);
#2247=VECTOR('',#8843,10.);
#2248=VECTOR('',#8844,10.);
#2249=VECTOR('',#8849,10.);
#2250=VECTOR('',#8852,10.);
#2251=VECTOR('',#8853,10.);
#2252=VECTOR('',#8856,10.);
#2253=VECTOR('',#8861,10.);
#2254=VECTOR('',#8864,10.);
#2255=VECTOR('',#8869,10.);
#2256=VECTOR('',#8870,10.);
#2257=VECTOR('',#8873,10.);
#2258=VECTOR('',#8878,1.);
#2259=VECTOR('',#8881,1.);
#2260=VECTOR('',#8884,1.);
#2261=VECTOR('',#8887,10.);
#2262=VECTOR('',#8890,10.);
#2263=VECTOR('',#8893,10.);
#2264=VECTOR('',#8896,11.75);
#2265=VECTOR('',#8899,4.25);
#2266=VECTOR('',#8902,4.25);
#2267=VECTOR('',#8905,4.25);
#2268=VECTOR('',#8908,4.25);
#2269=VECTOR('',#8923,1.85);
#2270=VECTOR('',#8932,1.65);
#2271=VECTOR('',#8939,1.85);
#2272=VECTOR('',#8948,1.65);
#2273=VECTOR('',#8955,1.85);
#2274=VECTOR('',#8964,1.65);
#2275=VECTOR('',#8971,1.85);
#2276=VECTOR('',#8980,1.65);
#2277=VECTOR('',#8985,3.9);
#2278=VECTOR('',#8992,4.);
#2279=VECTOR('',#8995,3.9);
#2280=VECTOR('',#9002,4.);
#2281=VECTOR('',#9005,3.9);
#2282=VECTOR('',#9012,4.);
#2283=VECTOR('',#9015,3.9);
#2284=VECTOR('',#9022,4.);
#2285=VECTOR('',#9027,2.1);
#2286=VECTOR('',#9034,10.);
#2287=VECTOR('',#9035,10.);
#2288=VECTOR('',#9036,10.);
#2289=VECTOR('',#9039,10.);
#2290=VECTOR('',#9042,10.);
#2291=VECTOR('',#9045,10.);
#2292=VECTOR('',#9048,10.);
#2293=VECTOR('',#9049,10.);
#2294=VECTOR('',#9050,10.);
#2295=VECTOR('',#9051,10.);
#2296=VECTOR('',#9074,2.);
#2297=VECTOR('',#9079,1.85);
#2298=VECTOR('',#9086,1.65);
#2299=VECTOR('',#9089,1.85);
#2300=VECTOR('',#9092,1.85);
#2301=VECTOR('',#9099,1.65);
#2302=VECTOR('',#9102,2.1);
#2303=VECTOR('',#9109,2.);
#2304=VECTOR('',#9114,1.85);
#2305=VECTOR('',#9117,2.1);
#2306=VECTOR('',#9124,2.);
#2307=VECTOR('',#9129,1.85);
#2308=VECTOR('',#9132,2.1);
#2309=VECTOR('',#9139,2.);
#2310=VECTOR('',#9144,1.85);
#2311=VECTOR('',#9147,1.85);
#2312=VECTOR('',#9158,1.85);
#2313=VECTOR('',#9167,10.);
#2314=VECTOR('',#9168,10.);
#2315=VECTOR('',#9169,10.);
#2316=VECTOR('',#9170,10.);
#2317=VECTOR('',#9171,10.);
#2318=VECTOR('',#9172,10.);
#2319=VECTOR('',#9173,10.);
#2320=VECTOR('',#9176,10.);
#2321=VECTOR('',#9179,10.);
#2322=VECTOR('',#9182,10.);
#2323=VECTOR('',#9185,10.);
#2324=VECTOR('',#9206,1.4);
#2325=VECTOR('',#9213,1.85);
#2326=VECTOR('',#9216,1.4);
#2327=VECTOR('',#9221,1.85);
#2328=VECTOR('',#9226,1.85);
#2329=VECTOR('',#9229,1.4);
#2330=VECTOR('',#9236,1.85);
#2331=VECTOR('',#9239,1.4);
#2332=VECTOR('',#9246,3.75);
#2333=VECTOR('',#9249,10.);
#2334=VECTOR('',#9250,10.);
#2335=VECTOR('',#9251,10.);
#2336=VECTOR('',#9254,3.5);
#2337=VECTOR('',#9257,11.75);
#2338=VECTOR('',#9264,11.5);
#2339=VECTOR('',#9267,10.);
#2340=VECTOR('',#9268,10.);
#2341=VECTOR('',#9269,10.);
#2342=VECTOR('',#9272,10.);
#2343=VECTOR('',#9273,10.);
#2344=VECTOR('',#9274,10.);
#2345=VECTOR('',#9277,10.);
#2346=VECTOR('',#9280,10.);
#2347=VECTOR('',#9281,10.);
#2348=VECTOR('',#9284,10.);
#2349=VECTOR('',#9285,10.);
#2350=VECTOR('',#9290,10.);
#2351=VECTOR('',#9293,10.);
#2352=VECTOR('',#9294,10.);
#2353=VECTOR('',#9299,10.);
#2354=VECTOR('',#9302,10.);
#2355=VECTOR('',#9303,10.);
#2356=VECTOR('',#9306,10.);
#2357=VECTOR('',#9311,10.);
#2358=VECTOR('',#9312,10.);
#2359=VECTOR('',#9315,10.);
#2360=VECTOR('',#9320,10.);
#2361=VECTOR('',#9321,10.);
#2362=VECTOR('',#9324,10.);
#2363=VECTOR('',#9327,1.);
#2364=VECTOR('',#9328,10.);
#2365=VECTOR('',#9329,1.);
#2366=VECTOR('',#9334,1.);
#2367=VECTOR('',#9337,10.);
#2368=VECTOR('',#9338,1.);
#2369=VECTOR('',#9341,10.);
#2370=VECTOR('',#9342,1.);
#2371=VECTOR('',#9345,10.);
#2372=VECTOR('',#9346,1.);
#2373=VECTOR('',#9349,10.);
#2374=VECTOR('',#9350,1.);
#2375=VECTOR('',#9353,10.);
#2376=VECTOR('',#9354,1.);
#2377=VECTOR('',#9357,10.);
#2378=VECTOR('',#9358,10.);
#2379=VECTOR('',#9361,10.);
#2380=VECTOR('',#9364,10.);
#2381=VECTOR('',#9369,10.);
#2382=VECTOR('',#9370,10.);
#2383=VECTOR('',#9373,10.);
#2384=VECTOR('',#9378,10.);
#2385=VECTOR('',#9379,10.);
#2386=VECTOR('',#9382,10.);
#2387=VECTOR('',#9387,10.);
#2388=VECTOR('',#9390,10.);
#2389=VECTOR('',#9395,10.);
#2390=VECTOR('',#9396,10.);
#2391=VECTOR('',#9399,10.);
#2392=VECTOR('',#9404,1.);
#2393=VECTOR('',#9407,1.);
#2394=VECTOR('',#9410,1.);
#2395=VECTOR('',#9413,10.);
#2396=VECTOR('',#9416,10.);
#2397=VECTOR('',#9419,10.);
#2398=VECTOR('',#9422,11.75);
#2399=VECTOR('',#9425,4.25);
#2400=VECTOR('',#9428,4.25);
#2401=VECTOR('',#9431,4.25);
#2402=VECTOR('',#9434,4.25);
#2403=VECTOR('',#9455,10.);
#2404=VECTOR('',#9458,10.);
#2405=VECTOR('',#9459,5.75);
#2406=VECTOR('',#9464,10.);
#2407=VECTOR('',#9465,10.);
#2408=VECTOR('',#9472,1.97928932188136);
#2409=VECTOR('',#9477,10.);
#2410=VECTOR('',#9482,10.);
#2411=VECTOR('',#9483,10.);
#2412=VECTOR('',#9484,10.);
#2413=VECTOR('',#9485,10.);
#2414=VECTOR('',#9486,10.);
#2415=VECTOR('',#9487,10.);
#2416=VECTOR('',#9488,10.);
#2417=VECTOR('',#9491,10.);
#2418=VECTOR('',#9494,10.);
#2419=VECTOR('',#9497,10.);
#2420=VECTOR('',#9520,1.85);
#2421=VECTOR('',#9525,1.85);
#2422=VECTOR('',#9532,1.65);
#2423=VECTOR('',#9535,1.85);
#2424=VECTOR('',#9542,1.65);
#2425=VECTOR('',#9545,1.85);
#2426=VECTOR('',#9552,1.65);
#2427=VECTOR('',#9553,10.);
#2428=VECTOR('',#9556,3.5);
#2429=VECTOR('',#9563,1.85);
#2430=VECTOR('',#9570,1.65);
#2431=VECTOR('',#9573,10.);
#2432=VECTOR('',#9574,1.);
#2433=VECTOR('',#9575,1.);
#2434=VECTOR('',#9576,1.);
#2435=VECTOR('',#9581,1.85);
#2436=VECTOR('',#9586,1.85);
#2437=VECTOR('',#9593,1.65);
#2438=VECTOR('',#9596,1.85);
#2439=VECTOR('',#9603,1.65);
#2440=VECTOR('',#9606,1.75);
#2441=VECTOR('',#9613,1.65);
#2442=VECTOR('',#9616,1.85);
#2443=VECTOR('',#9623,1.65);
#2444=VECTOR('',#9628,1.65);
#2445=VECTOR('',#9633,1.85);
#2446=VECTOR('',#9638,1.65);
#2447=VECTOR('',#9645,1.85);
#2448=VECTOR('',#9654,1.85);
#2449=VECTOR('',#9663,1.85);
#2450=VECTOR('',#9672,1.85);
#2451=VECTOR('',#9681,1.85);
#2452=VECTOR('',#9690,1.85);
#2453=VECTOR('',#9699,1.85);
#2454=VECTOR('',#9708,10.25);
#2455=VECTOR('',#9715,10.);
#2456=VECTOR('',#9718,10.);
#2457=VECTOR('',#9719,10.);
#2458=VECTOR('',#9720,10.);
#2459=VECTOR('',#9723,10.);
#2460=VECTOR('',#9724,10.);
#2461=VECTOR('',#9727,10.);
#2462=VECTOR('',#9728,10.);
#2463=VECTOR('',#9731,10.);
#2464=VECTOR('',#9732,10.);
#2465=VECTOR('',#9733,10.);
#2466=VECTOR('',#9736,10.);
#2467=VECTOR('',#9741,10.);
#2468=VECTOR('',#9742,10.);
#2469=VECTOR('',#9745,10.);
#2470=VECTOR('',#9750,10.);
#2471=VECTOR('',#9751,10.);
#2472=VECTOR('',#9754,10.);
#2473=VECTOR('',#9759,10.);
#2474=VECTOR('',#9760,10.);
#2475=VECTOR('',#9763,10.);
#2476=VECTOR('',#9768,10.);
#2477=VECTOR('',#9769,10.);
#2478=VECTOR('',#9772,10.);
#2479=VECTOR('',#9775,10.);
#2480=VECTOR('',#9778,3.75);
#2481=VECTOR('',#9783,1.);
#2482=VECTOR('',#9784,10.);
#2483=VECTOR('',#9785,1.);
#2484=VECTOR('',#9788,1.);
#2485=VECTOR('',#9789,10.);
#2486=VECTOR('',#9792,1.);
#2487=VECTOR('',#9793,10.);
#2488=VECTOR('',#9796,1.);
#2489=VECTOR('',#9797,10.);
#2490=VECTOR('',#9800,1.);
#2491=VECTOR('',#9801,10.);
#2492=VECTOR('',#9804,10.);
#2493=VECTOR('',#9805,10.);
#2494=VECTOR('',#9808,10.);
#2495=VECTOR('',#9809,10.);
#2496=VECTOR('',#9816,3.5);
#2497=VECTOR('',#9819,10.25);
#2498=VECTOR('',#9828,10.);
#2499=VECTOR('',#9833,1.);
#2500=VECTOR('',#9842,10.);
#2501=VECTOR('',#9845,10.);
#2502=VECTOR('',#9848,10.);
#2503=VECTOR('',#9849,10.);
#2504=VECTOR('',#9850,10.);
#2505=VECTOR('',#9851,10.);
#2506=VECTOR('',#9852,10.);
#2507=VECTOR('',#9853,10.);
#2508=VECTOR('',#9854,10.);
#2509=VECTOR('',#9877,3.75);
#2510=VECTOR('',#9880,3.5);
#2511=VECTOR('',#9885,3.75);
#2512=VECTOR('',#9888,3.5);
#2513=VECTOR('',#9893,3.75);
#2514=VECTOR('',#9896,3.5);
#2515=VECTOR('',#9901,3.75);
#2516=VECTOR('',#9904,3.5);
#2517=VECTOR('',#9909,3.75);
#2518=VECTOR('',#9912,3.5);
#2519=VECTOR('',#9915,3.75);
#2520=VECTOR('',#9920,3.75);
#2521=VECTOR('',#9923,3.5);
#2522=VECTOR('',#9928,3.75);
#2523=VECTOR('',#9931,3.5);
#2524=VECTOR('',#9936,3.75);
#2525=VECTOR('',#9939,3.5);
#2526=VECTOR('',#9944,10.);
#2527=VECTOR('',#9945,10.);
#2528=VECTOR('',#9948,10.);
#2529=VECTOR('',#9953,10.);
#2530=VECTOR('',#9954,10.);
#2531=VECTOR('',#9957,10.);
#2532=VECTOR('',#9962,10.);
#2533=VECTOR('',#9965,10.);
#2534=VECTOR('',#9968,10.);
#2535=VECTOR('',#9971,10.);
#2536=VECTOR('',#9974,10.);
#2537=VECTOR('',#9977,10.);
#2538=VECTOR('',#9978,10.);
#2539=VECTOR('',#9981,10.);
#2540=VECTOR('',#9986,10.);
#2541=VECTOR('',#9991,10.);
#2542=VECTOR('',#9994,1.);
#2543=VECTOR('',#9995,1.);
#2544=VECTOR('',#9998,1.);
#2545=VECTOR('',#9999,10.);
#2546=VECTOR('',#10000,1.);
#2547=VECTOR('',#10001,10.);
#2548=VECTOR('',#10006,3.5);
#2549=VECTOR('',#10009,1.);
#2550=VECTOR('',#10010,10.);
#2551=VECTOR('',#10011,10.);
#2552=VECTOR('',#10012,10.);
#2553=VECTOR('',#10015,10.);
#2554=VECTOR('',#10016,10.);
#2555=VECTOR('',#10017,10.);
#2556=VECTOR('',#10020,10.);
#2557=VECTOR('',#10027,10.);
#2558=VECTOR('',#10028,10.);
#2559=VECTOR('',#10029,10.);
#2560=VECTOR('',#10034,10.);
#2561=VECTOR('',#10039,10.);
#2562=VECTOR('',#10040,10.);
#2563=VECTOR('',#10045,10.);
#2564=VECTOR('',#10050,10.);
#2565=VECTOR('',#10051,10.);
#2566=VECTOR('',#10068,3.75);
#2567=VECTOR('',#10073,1.);
#2568=VECTOR('',#10078,1.);
#2569=VECTOR('',#10081,10.);
#2570=VECTOR('',#10096,5.75);
#2571=VECTOR('',#10099,10.);
#2572=VECTOR('',#10102,10.);
#2573=VECTOR('',#10105,10.);
#2574=VECTOR('',#10106,10.);
#2575=VECTOR('',#10113,1.97928932188136);
#2576=VECTOR('',#10118,10.);
#2577=VECTOR('',#10121,10.);
#2578=VECTOR('',#10124,10.);
#2579=VECTOR('',#10127,10.);
#2580=VECTOR('',#10130,10.);
#2581=VECTOR('',#10131,10.);
#2582=VECTOR('',#10132,10.);
#2583=VECTOR('',#10133,10.);
#2584=VECTOR('',#10134,10.);
#2585=VECTOR('',#10135,10.);
#2586=VECTOR('',#10136,10.);
#2587=VECTOR('',#10161,1.85);
#2588=VECTOR('',#10166,1.85);
#2589=VECTOR('',#10173,1.65);
#2590=VECTOR('',#10176,1.85);
#2591=VECTOR('',#10183,1.65);
#2592=VECTOR('',#10186,1.85);
#2593=VECTOR('',#10193,1.65);
#2594=VECTOR('',#10194,10.);
#2595=VECTOR('',#10197,3.5);
#2596=VECTOR('',#10204,1.85);
#2597=VECTOR('',#10211,1.65);
#2598=VECTOR('',#10214,10.);
#2599=VECTOR('',#10215,1.);
#2600=VECTOR('',#10216,1.);
#2601=VECTOR('',#10217,1.);
#2602=VECTOR('',#10222,1.85);
#2603=VECTOR('',#10227,1.85);
#2604=VECTOR('',#10234,1.65);
#2605=VECTOR('',#10237,1.85);
#2606=VECTOR('',#10244,1.65);
#2607=VECTOR('',#10247,1.75);
#2608=VECTOR('',#10254,1.65);
#2609=VECTOR('',#10257,1.85);
#2610=VECTOR('',#10264,1.65);
#2611=VECTOR('',#10269,1.65);
#2612=VECTOR('',#10274,1.85);
#2613=VECTOR('',#10279,1.65);
#2614=VECTOR('',#10286,1.85);
#2615=VECTOR('',#10295,1.85);
#2616=VECTOR('',#10304,1.85);
#2617=VECTOR('',#10313,1.85);
#2618=VECTOR('',#10322,1.85);
#2619=VECTOR('',#10331,1.85);
#2620=VECTOR('',#10340,1.85);
#2621=VECTOR('',#10349,10.25);
#2622=VECTOR('',#10356,10.);
#2623=VECTOR('',#10359,10.);
#2624=VECTOR('',#10360,10.);
#2625=VECTOR('',#10361,10.);
#2626=VECTOR('',#10364,10.);
#2627=VECTOR('',#10365,10.);
#2628=VECTOR('',#10368,10.);
#2629=VECTOR('',#10369,10.);
#2630=VECTOR('',#10372,10.);
#2631=VECTOR('',#10373,10.);
#2632=VECTOR('',#10374,10.);
#2633=VECTOR('',#10379,10.);
#2634=VECTOR('',#10382,10.);
#2635=VECTOR('',#10383,10.);
#2636=VECTOR('',#10388,10.);
#2637=VECTOR('',#10391,10.);
#2638=VECTOR('',#10392,10.);
#2639=VECTOR('',#10395,10.);
#2640=VECTOR('',#10400,10.);
#2641=VECTOR('',#10401,10.);
#2642=VECTOR('',#10404,10.);
#2643=VECTOR('',#10409,10.);
#2644=VECTOR('',#10410,10.);
#2645=VECTOR('',#10413,10.);
#2646=VECTOR('',#10416,10.);
#2647=VECTOR('',#10419,3.75);
#2648=VECTOR('',#10424,1.);
#2649=VECTOR('',#10425,10.);
#2650=VECTOR('',#10426,1.);
#2651=VECTOR('',#10429,10.);
#2652=VECTOR('',#10430,1.);
#2653=VECTOR('',#10433,10.);
#2654=VECTOR('',#10434,1.);
#2655=VECTOR('',#10437,10.);
#2656=VECTOR('',#10438,1.);
#2657=VECTOR('',#10441,10.);
#2658=VECTOR('',#10442,1.);
#2659=VECTOR('',#10445,10.);
#2660=VECTOR('',#10446,10.);
#2661=VECTOR('',#10449,10.);
#2662=VECTOR('',#10450,10.);
#2663=VECTOR('',#10455,3.5);
#2664=VECTOR('',#10460,10.25);
#2665=VECTOR('',#10469,10.);
#2666=VECTOR('',#10470,10.);
#2667=VECTOR('',#10471,10.);
#2668=VECTOR('',#10472,10.);
#2669=VECTOR('',#10473,10.);
#2670=VECTOR('',#10474,10.);
#2671=VECTOR('',#10475,10.);
#2672=VECTOR('',#10478,10.);
#2673=VECTOR('',#10481,10.);
#2674=VECTOR('',#10490,1.);
#2675=VECTOR('',#10495,10.);
#2676=VECTOR('',#10518,3.75);
#2677=VECTOR('',#10521,3.5);
#2678=VECTOR('',#10526,3.75);
#2679=VECTOR('',#10529,3.5);
#2680=VECTOR('',#10534,3.75);
#2681=VECTOR('',#10537,3.5);
#2682=VECTOR('',#10542,3.75);
#2683=VECTOR('',#10545,3.5);
#2684=VECTOR('',#10550,3.75);
#2685=VECTOR('',#10553,3.5);
#2686=VECTOR('',#10556,3.75);
#2687=VECTOR('',#10561,3.75);
#2688=VECTOR('',#10564,3.5);
#2689=VECTOR('',#10569,3.75);
#2690=VECTOR('',#10572,3.5);
#2691=VECTOR('',#10577,3.75);
#2692=VECTOR('',#10580,3.5);
#2693=VECTOR('',#10585,10.);
#2694=VECTOR('',#10586,10.);
#2695=VECTOR('',#10589,10.);
#2696=VECTOR('',#10594,10.);
#2697=VECTOR('',#10595,10.);
#2698=VECTOR('',#10598,10.);
#2699=VECTOR('',#10603,10.);
#2700=VECTOR('',#10606,10.);
#2701=VECTOR('',#10609,10.);
#2702=VECTOR('',#10612,10.);
#2703=VECTOR('',#10615,10.);
#2704=VECTOR('',#10618,10.);
#2705=VECTOR('',#10619,10.);
#2706=VECTOR('',#10622,10.);
#2707=VECTOR('',#10627,10.);
#2708=VECTOR('',#10632,10.);
#2709=VECTOR('',#10635,1.);
#2710=VECTOR('',#10636,1.);
#2711=VECTOR('',#10639,1.);
#2712=VECTOR('',#10640,10.);
#2713=VECTOR('',#10641,1.);
#2714=VECTOR('',#10642,10.);
#2715=VECTOR('',#10647,3.5);
#2716=VECTOR('',#10650,10.);
#2717=VECTOR('',#10651,10.);
#2718=VECTOR('',#10652,10.);
#2719=VECTOR('',#10653,1.);
#2720=VECTOR('',#10656,10.);
#2721=VECTOR('',#10657,10.);
#2722=VECTOR('',#10658,10.);
#2723=VECTOR('',#10661,10.);
#2724=VECTOR('',#10668,10.);
#2725=VECTOR('',#10669,10.);
#2726=VECTOR('',#10670,10.);
#2727=VECTOR('',#10675,10.);
#2728=VECTOR('',#10680,10.);
#2729=VECTOR('',#10681,10.);
#2730=VECTOR('',#10686,10.);
#2731=VECTOR('',#10691,10.);
#2732=VECTOR('',#10692,10.);
#2733=VECTOR('',#10709,3.75);
#2734=VECTOR('',#10714,1.);
#2735=VECTOR('',#10719,1.);
#2736=VECTOR('',#10722,10.);
#2737=CIRCLE('',#7526,1.75);
#2738=CIRCLE('',#7527,1.95);
#2739=CIRCLE('',#7529,3.8);
#2740=CIRCLE('',#7531,1.75);
#2741=CIRCLE('',#7533,1.75);
#2742=CIRCLE('',#7534,1.95);
#2743=CIRCLE('',#7536,3.8);
#2744=CIRCLE('',#7538,1.75);
#2745=CIRCLE('',#7540,1.75);
#2746=CIRCLE('',#7541,1.95);
#2747=CIRCLE('',#7543,3.8);
#2748=CIRCLE('',#7545,1.75);
#2749=CIRCLE('',#7547,1.75);
#2750=CIRCLE('',#7548,1.95);
#2751=CIRCLE('',#7550,3.8);
#2752=CIRCLE('',#7552,1.75);
#2753=CIRCLE('',#7554,4.);
#2754=CIRCLE('',#7556,4.);
#2755=CIRCLE('',#7558,4.);
#2756=CIRCLE('',#7560,4.);
#2757=CIRCLE('',#7562,4.);
#2758=CIRCLE('',#7564,4.);
#2759=CIRCLE('',#7566,4.);
#2760=CIRCLE('',#7568,4.);
#2761=CIRCLE('',#7570,2.2);
#2762=CIRCLE('',#7571,2.);
#2763=CIRCLE('',#7572,2.);
#2764=CIRCLE('',#7574,0.5);
#2765=CIRCLE('',#7575,1.3);
#2766=CIRCLE('',#7576,0.500000000000001);
#2767=CIRCLE('',#7577,2.5);
#2768=CIRCLE('',#7578,1.95);
#2769=CIRCLE('',#7579,1.95);
#2770=CIRCLE('',#7580,1.95);
#2771=CIRCLE('',#7581,1.95);
#2772=CIRCLE('',#7582,1.95);
#2773=CIRCLE('',#7583,12.);
#2774=CIRCLE('',#7584,2.19999999999999);
#2775=CIRCLE('',#7585,2.2);
#2776=CIRCLE('',#7586,2.2);
#2777=CIRCLE('',#7587,1.95);
#2778=CIRCLE('',#7589,2.);
#2779=CIRCLE('',#7591,1.75);
#2780=CIRCLE('',#7593,1.75);
#2781=CIRCLE('',#7596,1.75);
#2782=CIRCLE('',#7598,1.75);
#2783=CIRCLE('',#7600,2.);
#2784=CIRCLE('',#7601,2.);
#2785=CIRCLE('',#7603,2.);
#2786=CIRCLE('',#7606,2.);
#2787=CIRCLE('',#7607,2.);
#2788=CIRCLE('',#7609,2.);
#2789=CIRCLE('',#7612,2.);
#2790=CIRCLE('',#7613,2.);
#2791=CIRCLE('',#7615,2.);
#2792=CIRCLE('',#7618,1.95);
#2793=CIRCLE('',#7620,3.5);
#2794=CIRCLE('',#7622,1.75);
#2795=CIRCLE('',#7623,1.95);
#2796=CIRCLE('',#7625,4.00000000000001);
#2797=CIRCLE('',#7626,2.5);
#2798=CIRCLE('',#7627,0.500000000000001);
#2799=CIRCLE('',#7628,1.3);
#2800=CIRCLE('',#7629,0.5);
#2801=CIRCLE('',#7630,4.00000000000001);
#2802=CIRCLE('',#7631,1.95);
#2803=CIRCLE('',#7632,1.95);
#2804=CIRCLE('',#7633,4.50000000000001);
#2805=CIRCLE('',#7634,4.50000000000001);
#2806=CIRCLE('',#7635,4.50000000000001);
#2807=CIRCLE('',#7636,4.50000000000001);
#2808=CIRCLE('',#7637,12.);
#2809=CIRCLE('',#7638,1.95);
#2810=CIRCLE('',#7639,1.95);
#2811=CIRCLE('',#7641,1.75);
#2812=CIRCLE('',#7643,1.75);
#2813=CIRCLE('',#7645,1.75);
#2814=CIRCLE('',#7648,1.75);
#2815=CIRCLE('',#7650,1.75);
#2816=CIRCLE('',#7652,1.75);
#2817=CIRCLE('',#7654,1.75);
#2818=CIRCLE('',#7656,3.5);
#2819=CIRCLE('',#7660,11.5);
#2820=CIRCLE('',#7662,11.5);
#2821=CIRCLE('',#7669,2.00000000000001);
#2822=CIRCLE('',#7672,1.);
#2823=CIRCLE('',#7675,1.8);
#2824=CIRCLE('',#7678,1.);
#2825=CIRCLE('',#7683,1.);
#2826=CIRCLE('',#7692,2.00000000000001);
#2827=CIRCLE('',#7695,1.);
#2828=CIRCLE('',#7698,1.8);
#2829=CIRCLE('',#7722,1.75);
#2830=CIRCLE('',#7723,1.95);
#2831=CIRCLE('',#7725,3.8);
#2832=CIRCLE('',#7727,1.75);
#2833=CIRCLE('',#7729,1.75);
#2834=CIRCLE('',#7730,1.95);
#2835=CIRCLE('',#7732,3.8);
#2836=CIRCLE('',#7734,1.75);
#2837=CIRCLE('',#7736,1.75);
#2838=CIRCLE('',#7737,1.95);
#2839=CIRCLE('',#7739,3.8);
#2840=CIRCLE('',#7741,1.75);
#2841=CIRCLE('',#7743,1.75);
#2842=CIRCLE('',#7744,1.95);
#2843=CIRCLE('',#7746,3.8);
#2844=CIRCLE('',#7748,1.75);
#2845=CIRCLE('',#7750,4.);
#2846=CIRCLE('',#7752,4.);
#2847=CIRCLE('',#7754,4.);
#2848=CIRCLE('',#7756,4.);
#2849=CIRCLE('',#7758,4.);
#2850=CIRCLE('',#7760,4.);
#2851=CIRCLE('',#7762,4.);
#2852=CIRCLE('',#7764,4.);
#2853=CIRCLE('',#7766,2.2);
#2854=CIRCLE('',#7767,2.);
#2855=CIRCLE('',#7768,2.);
#2856=CIRCLE('',#7770,2.5);
#2857=CIRCLE('',#7771,0.500000000000001);
#2858=CIRCLE('',#7772,1.3);
#2859=CIRCLE('',#7773,0.5);
#2860=CIRCLE('',#7774,1.95);
#2861=CIRCLE('',#7775,1.95);
#2862=CIRCLE('',#7776,1.95);
#2863=CIRCLE('',#7777,1.95);
#2864=CIRCLE('',#7778,1.95);
#2865=CIRCLE('',#7779,12.);
#2866=CIRCLE('',#7780,2.19999999999999);
#2867=CIRCLE('',#7781,2.2);
#2868=CIRCLE('',#7782,2.2);
#2869=CIRCLE('',#7783,1.95);
#2870=CIRCLE('',#7785,2.);
#2871=CIRCLE('',#7787,1.75);
#2872=CIRCLE('',#7789,1.75);
#2873=CIRCLE('',#7792,1.75);
#2874=CIRCLE('',#7794,1.75);
#2875=CIRCLE('',#7796,2.);
#2876=CIRCLE('',#7797,2.);
#2877=CIRCLE('',#7799,2.);
#2878=CIRCLE('',#7802,2.);
#2879=CIRCLE('',#7803,2.);
#2880=CIRCLE('',#7805,2.);
#2881=CIRCLE('',#7808,2.);
#2882=CIRCLE('',#7809,2.);
#2883=CIRCLE('',#7811,2.);
#2884=CIRCLE('',#7814,1.95);
#2885=CIRCLE('',#7816,3.5);
#2886=CIRCLE('',#7818,1.75);
#2887=CIRCLE('',#7819,1.95);
#2888=CIRCLE('',#7821,4.00000000000001);
#2889=CIRCLE('',#7822,4.00000000000001);
#2890=CIRCLE('',#7823,0.5);
#2891=CIRCLE('',#7824,1.3);
#2892=CIRCLE('',#7825,0.500000000000001);
#2893=CIRCLE('',#7826,2.5);
#2894=CIRCLE('',#7827,1.95);
#2895=CIRCLE('',#7828,1.95);
#2896=CIRCLE('',#7829,4.50000000000001);
#2897=CIRCLE('',#7830,4.50000000000001);
#2898=CIRCLE('',#7831,4.50000000000001);
#2899=CIRCLE('',#7832,4.50000000000001);
#2900=CIRCLE('',#7833,12.);
#2901=CIRCLE('',#7834,1.95);
#2902=CIRCLE('',#7835,1.95);
#2903=CIRCLE('',#7837,1.75);
#2904=CIRCLE('',#7839,1.75);
#2905=CIRCLE('',#7841,1.75);
#2906=CIRCLE('',#7844,1.75);
#2907=CIRCLE('',#7846,1.75);
#2908=CIRCLE('',#7848,1.75);
#2909=CIRCLE('',#7850,1.75);
#2910=CIRCLE('',#7852,3.5);
#2911=CIRCLE('',#7856,11.5);
#2912=CIRCLE('',#7858,11.5);
#2913=CIRCLE('',#7865,2.00000000000001);
#2914=CIRCLE('',#7868,1.);
#2915=CIRCLE('',#7871,1.8);
#2916=CIRCLE('',#7874,1.);
#2917=CIRCLE('',#7879,1.);
#2918=CIRCLE('',#7888,2.00000000000001);
#2919=CIRCLE('',#7891,1.);
#2920=CIRCLE('',#7894,1.8);
#2921=CIRCLE('',#7918,5.75);
#2922=CIRCLE('',#7919,5.75);
#2923=CIRCLE('',#7920,6.25000000000001);
#2924=CIRCLE('',#7923,5.75);
#2925=CIRCLE('',#7927,1.80857864376271);
#2926=CIRCLE('',#7928,2.15000000000001);
#2927=CIRCLE('',#7930,4.00000000000001);
#2928=CIRCLE('',#7931,4.00000000000001);
#2929=CIRCLE('',#7932,0.5);
#2930=CIRCLE('',#7933,1.3);
#2931=CIRCLE('',#7934,0.500000000000001);
#2932=CIRCLE('',#7935,2.5);
#2933=CIRCLE('',#7936,1.95);
#2934=CIRCLE('',#7937,1.95);
#2935=CIRCLE('',#7938,1.95);
#2936=CIRCLE('',#7939,1.95);
#2937=CIRCLE('',#7940,10.5);
#2938=CIRCLE('',#7941,1.75);
#2939=CIRCLE('',#7942,1.85);
#2940=CIRCLE('',#7943,1.95);
#2941=CIRCLE('',#7944,1.95);
#2942=CIRCLE('',#7946,1.75);
#2943=CIRCLE('',#7948,1.75);
#2944=CIRCLE('',#7950,1.75);
#2945=CIRCLE('',#7952,1.75);
#2946=CIRCLE('',#7954,1.75);
#2947=CIRCLE('',#7956,1.75);
#2948=CIRCLE('',#7958,1.75);
#2949=CIRCLE('',#7960,3.5);
#2950=CIRCLE('',#7962,1.95);
#2951=CIRCLE('',#7963,1.75);
#2952=CIRCLE('',#7965,1.75);
#2953=CIRCLE('',#7968,1.95);
#2954=CIRCLE('',#7971,1.75);
#2955=CIRCLE('',#7973,1.75);
#2956=CIRCLE('',#7975,1.75);
#2957=CIRCLE('',#7977,1.75);
#2958=CIRCLE('',#7979,1.65);
#2959=CIRCLE('',#7981,1.65);
#2960=CIRCLE('',#7983,1.75);
#2961=CIRCLE('',#7985,1.75);
#2962=CIRCLE('',#7987,1.75);
#2963=CIRCLE('',#7989,1.75);
#2964=CIRCLE('',#7990,1.95);
#2965=CIRCLE('',#7993,3.5);
#2966=CIRCLE('',#7995,1.95);
#2967=CIRCLE('',#7997,3.5);
#2968=CIRCLE('',#7999,1.95);
#2969=CIRCLE('',#8001,3.5);
#2970=CIRCLE('',#8003,1.95);
#2971=CIRCLE('',#8005,3.5);
#2972=CIRCLE('',#8007,1.95);
#2973=CIRCLE('',#8009,3.5);
#2974=CIRCLE('',#8011,1.95);
#2975=CIRCLE('',#8013,3.5);
#2976=CIRCLE('',#8015,1.95);
#2977=CIRCLE('',#8017,3.5);
#2978=CIRCLE('',#8019,1.95);
#2979=CIRCLE('',#8021,3.5);
#2980=CIRCLE('',#8023,10.);
#2981=CIRCLE('',#8025,10.);
#2982=CIRCLE('',#8031,2.00000000000001);
#2983=CIRCLE('',#8034,1.);
#2984=CIRCLE('',#8037,1.8);
#2985=CIRCLE('',#8040,1.);
#2986=CIRCLE('',#8045,3.5);
#2987=CIRCLE('',#8054,3.5);
#2988=CIRCLE('',#8055,3.5);
#2989=CIRCLE('',#8057,10.5);
#2990=CIRCLE('',#8058,10.5);
#2991=CIRCLE('',#8060,4.00000000000001);
#2992=CIRCLE('',#8061,2.5);
#2993=CIRCLE('',#8062,1.);
#2994=CIRCLE('',#8063,4.00000000000001);
#2995=CIRCLE('',#8064,4.00000000000001);
#2996=CIRCLE('',#8065,1.);
#2997=CIRCLE('',#8066,1.);
#2998=CIRCLE('',#8067,1.3);
#2999=CIRCLE('',#8068,0.5);
#3000=CIRCLE('',#8069,4.00000000000001);
#3001=CIRCLE('',#8070,4.00000000000001);
#3002=CIRCLE('',#8071,4.00000000000001);
#3003=CIRCLE('',#8072,4.00000000000001);
#3004=CIRCLE('',#8073,4.00000000000001);
#3005=CIRCLE('',#8074,4.00000000000001);
#3006=CIRCLE('',#8075,4.00000000000001);
#3007=CIRCLE('',#8076,4.00000000000001);
#3008=CIRCLE('',#8077,4.00000000000001);
#3009=CIRCLE('',#8079,3.5);
#3010=CIRCLE('',#8082,3.5);
#3011=CIRCLE('',#8085,3.5);
#3012=CIRCLE('',#8088,3.5);
#3013=CIRCLE('',#8091,3.5);
#3014=CIRCLE('',#8095,3.5);
#3015=CIRCLE('',#8098,3.5);
#3016=CIRCLE('',#8101,3.5);
#3017=CIRCLE('',#8106,1.8);
#3018=CIRCLE('',#8109,1.);
#3019=CIRCLE('',#8117,2.00000000000001);
#3020=CIRCLE('',#8124,3.5);
#3021=CIRCLE('',#8128,1.);
#3022=CIRCLE('',#8129,0.500000000000001);
#3023=CIRCLE('',#8132,0.500000000000001);
#3024=CIRCLE('',#8133,1.);
#3025=CIRCLE('',#8136,0.500000000000001);
#3026=CIRCLE('',#8137,1.);
#3027=CIRCLE('',#8140,1.);
#3028=CIRCLE('',#8141,0.500000000000001);
#3029=CIRCLE('',#8145,4.00000000000001);
#3030=CIRCLE('',#8155,6.25000000000001);
#3031=CIRCLE('',#8156,5.75);
#3032=CIRCLE('',#8157,5.75);
#3033=CIRCLE('',#8159,5.75);
#3034=CIRCLE('',#8164,1.80857864376271);
#3035=CIRCLE('',#8165,2.15000000000001);
#3036=CIRCLE('',#8167,2.5);
#3037=CIRCLE('',#8168,0.500000000000001);
#3038=CIRCLE('',#8169,1.3);
#3039=CIRCLE('',#8170,0.5);
#3040=CIRCLE('',#8171,4.00000000000001);
#3041=CIRCLE('',#8172,4.00000000000001);
#3042=CIRCLE('',#8173,1.95);
#3043=CIRCLE('',#8174,1.95);
#3044=CIRCLE('',#8175,1.95);
#3045=CIRCLE('',#8176,1.95);
#3046=CIRCLE('',#8177,10.5);
#3047=CIRCLE('',#8178,1.75);
#3048=CIRCLE('',#8179,1.85);
#3049=CIRCLE('',#8180,1.95);
#3050=CIRCLE('',#8181,1.95);
#3051=CIRCLE('',#8183,1.75);
#3052=CIRCLE('',#8185,1.75);
#3053=CIRCLE('',#8187,1.75);
#3054=CIRCLE('',#8189,1.75);
#3055=CIRCLE('',#8191,1.75);
#3056=CIRCLE('',#8193,1.75);
#3057=CIRCLE('',#8195,1.75);
#3058=CIRCLE('',#8197,3.5);
#3059=CIRCLE('',#8199,1.95);
#3060=CIRCLE('',#8200,1.75);
#3061=CIRCLE('',#8202,1.75);
#3062=CIRCLE('',#8205,1.95);
#3063=CIRCLE('',#8208,1.75);
#3064=CIRCLE('',#8210,1.75);
#3065=CIRCLE('',#8212,1.75);
#3066=CIRCLE('',#8214,1.75);
#3067=CIRCLE('',#8216,1.65);
#3068=CIRCLE('',#8218,1.65);
#3069=CIRCLE('',#8220,1.75);
#3070=CIRCLE('',#8222,1.75);
#3071=CIRCLE('',#8224,1.75);
#3072=CIRCLE('',#8226,1.75);
#3073=CIRCLE('',#8227,1.95);
#3074=CIRCLE('',#8230,3.5);
#3075=CIRCLE('',#8232,1.95);
#3076=CIRCLE('',#8234,3.5);
#3077=CIRCLE('',#8236,1.95);
#3078=CIRCLE('',#8238,3.5);
#3079=CIRCLE('',#8240,1.95);
#3080=CIRCLE('',#8242,3.5);
#3081=CIRCLE('',#8244,1.95);
#3082=CIRCLE('',#8246,3.5);
#3083=CIRCLE('',#8248,1.95);
#3084=CIRCLE('',#8250,3.5);
#3085=CIRCLE('',#8252,1.95);
#3086=CIRCLE('',#8254,3.5);
#3087=CIRCLE('',#8256,1.95);
#3088=CIRCLE('',#8258,3.5);
#3089=CIRCLE('',#8260,10.);
#3090=CIRCLE('',#8262,10.);
#3091=CIRCLE('',#8268,2.00000000000001);
#3092=CIRCLE('',#8271,1.);
#3093=CIRCLE('',#8274,1.8);
#3094=CIRCLE('',#8277,1.);
#3095=CIRCLE('',#8282,3.5);
#3096=CIRCLE('',#8291,3.5);
#3097=CIRCLE('',#8292,3.5);
#3098=CIRCLE('',#8294,10.5);
#3099=CIRCLE('',#8295,10.5);
#3100=CIRCLE('',#8297,4.00000000000001);
#3101=CIRCLE('',#8298,0.5);
#3102=CIRCLE('',#8299,1.3);
#3103=CIRCLE('',#8300,1.);
#3104=CIRCLE('',#8301,1.);
#3105=CIRCLE('',#8302,4.00000000000001);
#3106=CIRCLE('',#8303,4.00000000000001);
#3107=CIRCLE('',#8304,1.);
#3108=CIRCLE('',#8305,2.5);
#3109=CIRCLE('',#8306,4.00000000000001);
#3110=CIRCLE('',#8307,4.00000000000001);
#3111=CIRCLE('',#8308,4.00000000000001);
#3112=CIRCLE('',#8309,4.00000000000001);
#3113=CIRCLE('',#8310,4.00000000000001);
#3114=CIRCLE('',#8311,4.00000000000001);
#3115=CIRCLE('',#8312,4.00000000000001);
#3116=CIRCLE('',#8313,4.00000000000001);
#3117=CIRCLE('',#8314,4.00000000000001);
#3118=CIRCLE('',#8316,3.5);
#3119=CIRCLE('',#8319,3.5);
#3120=CIRCLE('',#8322,3.5);
#3121=CIRCLE('',#8325,3.5);
#3122=CIRCLE('',#8328,3.5);
#3123=CIRCLE('',#8332,3.5);
#3124=CIRCLE('',#8335,3.5);
#3125=CIRCLE('',#8338,3.5);
#3126=CIRCLE('',#8343,1.8);
#3127=CIRCLE('',#8346,1.);
#3128=CIRCLE('',#8354,2.00000000000001);
#3129=CIRCLE('',#8361,3.5);
#3130=CIRCLE('',#8365,0.500000000000001);
#3131=CIRCLE('',#8366,1.);
#3132=CIRCLE('',#8369,1.);
#3133=CIRCLE('',#8370,0.500000000000001);
#3134=CIRCLE('',#8373,1.);
#3135=CIRCLE('',#8374,0.500000000000001);
#3136=CIRCLE('',#8377,0.500000000000001);
#3137=CIRCLE('',#8378,1.);
#3138=CIRCLE('',#8382,4.00000000000001);
#3139=VERTEX_POINT('',#10729);
#3140=VERTEX_POINT('',#10731);
#3141=VERTEX_POINT('',#10735);
#3142=VERTEX_POINT('',#10738);
#3143=VERTEX_POINT('',#10742);
#3144=VERTEX_POINT('',#10744);
#3145=VERTEX_POINT('',#10748);
#3146=VERTEX_POINT('',#10751);
#3147=VERTEX_POINT('',#10755);
#3148=VERTEX_POINT('',#10757);
#3149=VERTEX_POINT('',#10761);
#3150=VERTEX_POINT('',#10764);
#3151=VERTEX_POINT('',#10768);
#3152=VERTEX_POINT('',#10770);
#3153=VERTEX_POINT('',#10774);
#3154=VERTEX_POINT('',#10777);
#3155=VERTEX_POINT('',#10781);
#3156=VERTEX_POINT('',#10785);
#3157=VERTEX_POINT('',#10789);
#3158=VERTEX_POINT('',#10793);
#3159=VERTEX_POINT('',#10797);
#3160=VERTEX_POINT('',#10801);
#3161=VERTEX_POINT('',#10805);
#3162=VERTEX_POINT('',#10809);
#3163=VERTEX_POINT('',#10813);
#3164=VERTEX_POINT('',#10815);
#3165=VERTEX_POINT('',#10817);
#3166=VERTEX_POINT('',#10821);
#3167=VERTEX_POINT('',#10822);
#3168=VERTEX_POINT('',#10824);
#3169=VERTEX_POINT('',#10826);
#3170=VERTEX_POINT('',#10828);
#3171=VERTEX_POINT('',#10830);
#3172=VERTEX_POINT('',#10832);
#3173=VERTEX_POINT('',#10834);
#3174=VERTEX_POINT('',#10836);
#3175=VERTEX_POINT('',#10838);
#3176=VERTEX_POINT('',#10840);
#3177=VERTEX_POINT('',#10842);
#3178=VERTEX_POINT('',#10844);
#3179=VERTEX_POINT('',#10846);
#3180=VERTEX_POINT('',#10849);
#3181=VERTEX_POINT('',#10851);
#3182=VERTEX_POINT('',#10853);
#3183=VERTEX_POINT('',#10855);
#3184=VERTEX_POINT('',#10857);
#3185=VERTEX_POINT('',#10859);
#3186=VERTEX_POINT('',#10861);
#3187=VERTEX_POINT('',#10863);
#3188=VERTEX_POINT('',#10865);
#3189=VERTEX_POINT('',#10867);
#3190=VERTEX_POINT('',#10870);
#3191=VERTEX_POINT('',#10874);
#3192=VERTEX_POINT('',#10878);
#3193=VERTEX_POINT('',#10884);
#3194=VERTEX_POINT('',#10888);
#3195=VERTEX_POINT('',#10892);
#3196=VERTEX_POINT('',#10894);
#3197=VERTEX_POINT('',#10898);
#3198=VERTEX_POINT('',#10904);
#3199=VERTEX_POINT('',#10906);
#3200=VERTEX_POINT('',#10910);
#3201=VERTEX_POINT('',#10916);
#3202=VERTEX_POINT('',#10918);
#3203=VERTEX_POINT('',#10922);
#3204=VERTEX_POINT('',#10928);
#3205=VERTEX_POINT('',#10932);
#3206=VERTEX_POINT('',#10935);
#3207=VERTEX_POINT('',#10937);
#3208=VERTEX_POINT('',#10941);
#3209=VERTEX_POINT('',#10942);
#3210=VERTEX_POINT('',#10944);
#3211=VERTEX_POINT('',#10946);
#3212=VERTEX_POINT('',#10948);
#3213=VERTEX_POINT('',#10950);
#3214=VERTEX_POINT('',#10952);
#3215=VERTEX_POINT('',#10954);
#3216=VERTEX_POINT('',#10956);
#3217=VERTEX_POINT('',#10958);
#3218=VERTEX_POINT('',#10960);
#3219=VERTEX_POINT('',#10962);
#3220=VERTEX_POINT('',#10964);
#3221=VERTEX_POINT('',#10966);
#3222=VERTEX_POINT('',#10968);
#3223=VERTEX_POINT('',#10970);
#3224=VERTEX_POINT('',#10972);
#3225=VERTEX_POINT('',#10975);
#3226=VERTEX_POINT('',#10977);
#3227=VERTEX_POINT('',#10979);
#3228=VERTEX_POINT('',#10981);
#3229=VERTEX_POINT('',#10983);
#3230=VERTEX_POINT('',#10985);
#3231=VERTEX_POINT('',#10987);
#3232=VERTEX_POINT('',#10989);
#3233=VERTEX_POINT('',#10991);
#3234=VERTEX_POINT('',#10994);
#3235=VERTEX_POINT('',#10998);
#3236=VERTEX_POINT('',#11002);
#3237=VERTEX_POINT('',#11008);
#3238=VERTEX_POINT('',#11012);
#3239=VERTEX_POINT('',#11016);
#3240=VERTEX_POINT('',#11020);
#3241=VERTEX_POINT('',#11024);
#3242=VERTEX_POINT('',#11031);
#3243=VERTEX_POINT('',#11033);
#3244=VERTEX_POINT('',#11039);
#3245=VERTEX_POINT('',#11043);
#3246=VERTEX_POINT('',#11047);
#3247=VERTEX_POINT('',#11049);
#3248=VERTEX_POINT('',#11053);
#3249=VERTEX_POINT('',#11054);
#3250=VERTEX_POINT('',#11061);
#3251=VERTEX_POINT('',#11065);
#3252=VERTEX_POINT('',#11069);
#3253=VERTEX_POINT('',#11073);
#3254=VERTEX_POINT('',#11077);
#3255=VERTEX_POINT('',#11081);
#3256=VERTEX_POINT('',#11085);
#3257=VERTEX_POINT('',#11089);
#3258=VERTEX_POINT('',#11093);
#3259=VERTEX_POINT('',#11097);
#3260=VERTEX_POINT('',#11103);
#3261=VERTEX_POINT('',#11105);
#3262=VERTEX_POINT('',#11109);
#3263=VERTEX_POINT('',#11113);
#3264=VERTEX_POINT('',#11117);
#3265=VERTEX_POINT('',#11121);
#3266=VERTEX_POINT('',#11125);
#3267=VERTEX_POINT('',#11129);
#3268=VERTEX_POINT('',#11138);
#3269=VERTEX_POINT('',#11142);
#3270=VERTEX_POINT('',#11146);
#3271=VERTEX_POINT('',#11150);
#3272=VERTEX_POINT('',#11195);
#3273=VERTEX_POINT('',#11197);
#3274=VERTEX_POINT('',#11201);
#3275=VERTEX_POINT('',#11204);
#3276=VERTEX_POINT('',#11208);
#3277=VERTEX_POINT('',#11210);
#3278=VERTEX_POINT('',#11214);
#3279=VERTEX_POINT('',#11217);
#3280=VERTEX_POINT('',#11221);
#3281=VERTEX_POINT('',#11223);
#3282=VERTEX_POINT('',#11227);
#3283=VERTEX_POINT('',#11230);
#3284=VERTEX_POINT('',#11234);
#3285=VERTEX_POINT('',#11236);
#3286=VERTEX_POINT('',#11240);
#3287=VERTEX_POINT('',#11243);
#3288=VERTEX_POINT('',#11247);
#3289=VERTEX_POINT('',#11251);
#3290=VERTEX_POINT('',#11255);
#3291=VERTEX_POINT('',#11259);
#3292=VERTEX_POINT('',#11263);
#3293=VERTEX_POINT('',#11267);
#3294=VERTEX_POINT('',#11271);
#3295=VERTEX_POINT('',#11275);
#3296=VERTEX_POINT('',#11279);
#3297=VERTEX_POINT('',#11281);
#3298=VERTEX_POINT('',#11283);
#3299=VERTEX_POINT('',#11287);
#3300=VERTEX_POINT('',#11288);
#3301=VERTEX_POINT('',#11290);
#3302=VERTEX_POINT('',#11292);
#3303=VERTEX_POINT('',#11294);
#3304=VERTEX_POINT('',#11296);
#3305=VERTEX_POINT('',#11298);
#3306=VERTEX_POINT('',#11300);
#3307=VERTEX_POINT('',#11302);
#3308=VERTEX_POINT('',#11304);
#3309=VERTEX_POINT('',#11306);
#3310=VERTEX_POINT('',#11308);
#3311=VERTEX_POINT('',#11310);
#3312=VERTEX_POINT('',#11312);
#3313=VERTEX_POINT('',#11315);
#3314=VERTEX_POINT('',#11317);
#3315=VERTEX_POINT('',#11319);
#3316=VERTEX_POINT('',#11321);
#3317=VERTEX_POINT('',#11323);
#3318=VERTEX_POINT('',#11325);
#3319=VERTEX_POINT('',#11327);
#3320=VERTEX_POINT('',#11329);
#3321=VERTEX_POINT('',#11331);
#3322=VERTEX_POINT('',#11333);
#3323=VERTEX_POINT('',#11336);
#3324=VERTEX_POINT('',#11340);
#3325=VERTEX_POINT('',#11344);
#3326=VERTEX_POINT('',#11350);
#3327=VERTEX_POINT('',#11354);
#3328=VERTEX_POINT('',#11358);
#3329=VERTEX_POINT('',#11360);
#3330=VERTEX_POINT('',#11364);
#3331=VERTEX_POINT('',#11370);
#3332=VERTEX_POINT('',#11372);
#3333=VERTEX_POINT('',#11376);
#3334=VERTEX_POINT('',#11382);
#3335=VERTEX_POINT('',#11384);
#3336=VERTEX_POINT('',#11388);
#3337=VERTEX_POINT('',#11394);
#3338=VERTEX_POINT('',#11398);
#3339=VERTEX_POINT('',#11401);
#3340=VERTEX_POINT('',#11403);
#3341=VERTEX_POINT('',#11407);
#3342=VERTEX_POINT('',#11408);
#3343=VERTEX_POINT('',#11410);
#3344=VERTEX_POINT('',#11412);
#3345=VERTEX_POINT('',#11414);
#3346=VERTEX_POINT('',#11416);
#3347=VERTEX_POINT('',#11418);
#3348=VERTEX_POINT('',#11420);
#3349=VERTEX_POINT('',#11422);
#3350=VERTEX_POINT('',#11424);
#3351=VERTEX_POINT('',#11426);
#3352=VERTEX_POINT('',#11428);
#3353=VERTEX_POINT('',#11430);
#3354=VERTEX_POINT('',#11432);
#3355=VERTEX_POINT('',#11434);
#3356=VERTEX_POINT('',#11436);
#3357=VERTEX_POINT('',#11438);
#3358=VERTEX_POINT('',#11441);
#3359=VERTEX_POINT('',#11443);
#3360=VERTEX_POINT('',#11445);
#3361=VERTEX_POINT('',#11447);
#3362=VERTEX_POINT('',#11449);
#3363=VERTEX_POINT('',#11451);
#3364=VERTEX_POINT('',#11453);
#3365=VERTEX_POINT('',#11455);
#3366=VERTEX_POINT('',#11457);
#3367=VERTEX_POINT('',#11460);
#3368=VERTEX_POINT('',#11464);
#3369=VERTEX_POINT('',#11468);
#3370=VERTEX_POINT('',#11474);
#3371=VERTEX_POINT('',#11478);
#3372=VERTEX_POINT('',#11482);
#3373=VERTEX_POINT('',#11486);
#3374=VERTEX_POINT('',#11490);
#3375=VERTEX_POINT('',#11497);
#3376=VERTEX_POINT('',#11499);
#3377=VERTEX_POINT('',#11505);
#3378=VERTEX_POINT('',#11509);
#3379=VERTEX_POINT('',#11513);
#3380=VERTEX_POINT('',#11515);
#3381=VERTEX_POINT('',#11519);
#3382=VERTEX_POINT('',#11520);
#3383=VERTEX_POINT('',#11527);
#3384=VERTEX_POINT('',#11531);
#3385=VERTEX_POINT('',#11535);
#3386=VERTEX_POINT('',#11539);
#3387=VERTEX_POINT('',#11543);
#3388=VERTEX_POINT('',#11547);
#3389=VERTEX_POINT('',#11551);
#3390=VERTEX_POINT('',#11555);
#3391=VERTEX_POINT('',#11559);
#3392=VERTEX_POINT('',#11563);
#3393=VERTEX_POINT('',#11569);
#3394=VERTEX_POINT('',#11571);
#3395=VERTEX_POINT('',#11575);
#3396=VERTEX_POINT('',#11579);
#3397=VERTEX_POINT('',#11583);
#3398=VERTEX_POINT('',#11587);
#3399=VERTEX_POINT('',#11591);
#3400=VERTEX_POINT('',#11595);
#3401=VERTEX_POINT('',#11604);
#3402=VERTEX_POINT('',#11608);
#3403=VERTEX_POINT('',#11612);
#3404=VERTEX_POINT('',#11616);
#3405=VERTEX_POINT('',#11661);
#3406=VERTEX_POINT('',#11662);
#3407=VERTEX_POINT('',#11666);
#3408=VERTEX_POINT('',#11668);
#3409=VERTEX_POINT('',#11670);
#3410=VERTEX_POINT('',#11676);
#3411=VERTEX_POINT('',#11678);
#3412=VERTEX_POINT('',#11681);
#3413=VERTEX_POINT('',#11684);
#3414=VERTEX_POINT('',#11715);
#3415=VERTEX_POINT('',#11749);
#3416=VERTEX_POINT('',#11751);
#3417=VERTEX_POINT('',#11755);
#3418=VERTEX_POINT('',#11756);
#3419=VERTEX_POINT('',#11758);
#3420=VERTEX_POINT('',#11760);
#3421=VERTEX_POINT('',#11762);
#3422=VERTEX_POINT('',#11764);
#3423=VERTEX_POINT('',#11766);
#3424=VERTEX_POINT('',#11768);
#3425=VERTEX_POINT('',#11770);
#3426=VERTEX_POINT('',#11772);
#3427=VERTEX_POINT('',#11774);
#3428=VERTEX_POINT('',#11776);
#3429=VERTEX_POINT('',#11778);
#3430=VERTEX_POINT('',#11780);
#3431=VERTEX_POINT('',#11782);
#3432=VERTEX_POINT('',#11784);
#3433=VERTEX_POINT('',#11786);
#3434=VERTEX_POINT('',#11789);
#3435=VERTEX_POINT('',#11791);
#3436=VERTEX_POINT('',#11793);
#3437=VERTEX_POINT('',#11795);
#3438=VERTEX_POINT('',#11797);
#3439=VERTEX_POINT('',#11799);
#3440=VERTEX_POINT('',#11801);
#3441=VERTEX_POINT('',#11803);
#3442=VERTEX_POINT('',#11805);
#3443=VERTEX_POINT('',#11808);
#3444=VERTEX_POINT('',#11812);
#3445=VERTEX_POINT('',#11816);
#3446=VERTEX_POINT('',#11820);
#3447=VERTEX_POINT('',#11824);
#3448=VERTEX_POINT('',#11828);
#3449=VERTEX_POINT('',#11832);
#3450=VERTEX_POINT('',#11955);
#3451=VERTEX_POINT('',#11957);
#3452=VERTEX_POINT('',#11993);
#3453=VERTEX_POINT('',#11997);
#3454=VERTEX_POINT('',#11999);
#3455=VERTEX_POINT('',#12003);
#3456=VERTEX_POINT('',#12007);
#3457=VERTEX_POINT('',#12008);
#3458=VERTEX_POINT('',#12010);
#3459=VERTEX_POINT('',#12012);
#3460=VERTEX_POINT('',#12016);
#3461=VERTEX_POINT('',#12021);
#3462=VERTEX_POINT('',#12025);
#3463=VERTEX_POINT('',#12029);
#3464=VERTEX_POINT('',#12033);
#3465=VERTEX_POINT('',#12037);
#3466=VERTEX_POINT('',#12041);
#3467=VERTEX_POINT('',#12045);
#3468=VERTEX_POINT('',#12049);
#3469=VERTEX_POINT('',#12053);
#3470=VERTEX_POINT('',#12057);
#3471=VERTEX_POINT('',#12059);
#3472=VERTEX_POINT('',#12065);
#3473=VERTEX_POINT('',#12068);
#3474=VERTEX_POINT('',#12072);
#3475=VERTEX_POINT('',#12075);
#3476=VERTEX_POINT('',#12079);
#3477=VERTEX_POINT('',#12082);
#3478=VERTEX_POINT('',#12086);
#3479=VERTEX_POINT('',#12089);
#3480=VERTEX_POINT('',#12093);
#3481=VERTEX_POINT('',#12096);
#3482=VERTEX_POINT('',#12100);
#3483=VERTEX_POINT('',#12103);
#3484=VERTEX_POINT('',#12107);
#3485=VERTEX_POINT('',#12110);
#3486=VERTEX_POINT('',#12114);
#3487=VERTEX_POINT('',#12117);
#3488=VERTEX_POINT('',#12121);
#3489=VERTEX_POINT('',#12125);
#3490=VERTEX_POINT('',#12127);
#3491=VERTEX_POINT('',#12131);
#3492=VERTEX_POINT('',#12135);
#3493=VERTEX_POINT('',#12142);
#3494=VERTEX_POINT('',#12144);
#3495=VERTEX_POINT('',#12148);
#3496=VERTEX_POINT('',#12152);
#3497=VERTEX_POINT('',#12156);
#3498=VERTEX_POINT('',#12160);
#3499=VERTEX_POINT('',#12164);
#3500=VERTEX_POINT('',#12168);
#3501=VERTEX_POINT('',#12172);
#3502=VERTEX_POINT('',#12176);
#3503=VERTEX_POINT('',#12184);
#3504=VERTEX_POINT('',#12188);
#3505=VERTEX_POINT('',#12190);
#3506=VERTEX_POINT('',#12194);
#3507=VERTEX_POINT('',#12198);
#3508=VERTEX_POINT('',#12202);
#3509=VERTEX_POINT('',#12206);
#3510=VERTEX_POINT('',#12210);
#3511=VERTEX_POINT('',#12214);
#3512=VERTEX_POINT('',#12218);
#3513=VERTEX_POINT('',#12219);
#3514=VERTEX_POINT('',#12224);
#3515=VERTEX_POINT('',#12226);
#3516=VERTEX_POINT('',#12230);
#3517=VERTEX_POINT('',#12231);
#3518=VERTEX_POINT('',#12233);
#3519=VERTEX_POINT('',#12235);
#3520=VERTEX_POINT('',#12237);
#3521=VERTEX_POINT('',#12239);
#3522=VERTEX_POINT('',#12241);
#3523=VERTEX_POINT('',#12243);
#3524=VERTEX_POINT('',#12246);
#3525=VERTEX_POINT('',#12248);
#3526=VERTEX_POINT('',#12250);
#3527=VERTEX_POINT('',#12252);
#3528=VERTEX_POINT('',#12254);
#3529=VERTEX_POINT('',#12256);
#3530=VERTEX_POINT('',#12258);
#3531=VERTEX_POINT('',#12260);
#3532=VERTEX_POINT('',#12262);
#3533=VERTEX_POINT('',#12264);
#3534=VERTEX_POINT('',#12266);
#3535=VERTEX_POINT('',#12269);
#3536=VERTEX_POINT('',#12271);
#3537=VERTEX_POINT('',#12273);
#3538=VERTEX_POINT('',#12277);
#3539=VERTEX_POINT('',#12279);
#3540=VERTEX_POINT('',#12281);
#3541=VERTEX_POINT('',#12283);
#3542=VERTEX_POINT('',#12286);
#3543=VERTEX_POINT('',#12292);
#3544=VERTEX_POINT('',#12298);
#3545=VERTEX_POINT('',#12304);
#3546=VERTEX_POINT('',#12310);
#3547=VERTEX_POINT('',#12316);
#3548=VERTEX_POINT('',#12325);
#3549=VERTEX_POINT('',#12328);
#3550=VERTEX_POINT('',#12343);
#3551=VERTEX_POINT('',#12349);
#3552=VERTEX_POINT('',#12355);
#3553=VERTEX_POINT('',#12357);
#3554=VERTEX_POINT('',#12361);
#3555=VERTEX_POINT('',#12365);
#3556=VERTEX_POINT('',#12385);
#3557=VERTEX_POINT('',#12405);
#3558=VERTEX_POINT('',#12414);
#3559=VERTEX_POINT('',#12421);
#3560=VERTEX_POINT('',#12428);
#3561=VERTEX_POINT('',#12430);
#3562=VERTEX_POINT('',#12545);
#3563=VERTEX_POINT('',#12576);
#3564=VERTEX_POINT('',#12580);
#3565=VERTEX_POINT('',#12582);
#3566=VERTEX_POINT('',#12587);
#3567=VERTEX_POINT('',#12589);
#3568=VERTEX_POINT('',#12593);
#3569=VERTEX_POINT('',#12594);
#3570=VERTEX_POINT('',#12599);
#3571=VERTEX_POINT('',#12600);
#3572=VERTEX_POINT('',#12605);
#3573=VERTEX_POINT('',#12610);
#3574=VERTEX_POINT('',#12614);
#3575=VERTEX_POINT('',#12619);
#3576=VERTEX_POINT('',#12628);
#3577=VERTEX_POINT('',#12643);
#3578=VERTEX_POINT('',#12644);
#3579=VERTEX_POINT('',#12648);
#3580=VERTEX_POINT('',#12650);
#3581=VERTEX_POINT('',#12654);
#3582=VERTEX_POINT('',#12658);
#3583=VERTEX_POINT('',#12661);
#3584=VERTEX_POINT('',#12663);
#3585=VERTEX_POINT('',#12666);
#3586=VERTEX_POINT('',#12697);
#3587=VERTEX_POINT('',#12731);
#3588=VERTEX_POINT('',#12733);
#3589=VERTEX_POINT('',#12737);
#3590=VERTEX_POINT('',#12738);
#3591=VERTEX_POINT('',#12740);
#3592=VERTEX_POINT('',#12742);
#3593=VERTEX_POINT('',#12744);
#3594=VERTEX_POINT('',#12746);
#3595=VERTEX_POINT('',#12748);
#3596=VERTEX_POINT('',#12750);
#3597=VERTEX_POINT('',#12752);
#3598=VERTEX_POINT('',#12754);
#3599=VERTEX_POINT('',#12756);
#3600=VERTEX_POINT('',#12758);
#3601=VERTEX_POINT('',#12760);
#3602=VERTEX_POINT('',#12762);
#3603=VERTEX_POINT('',#12764);
#3604=VERTEX_POINT('',#12766);
#3605=VERTEX_POINT('',#12768);
#3606=VERTEX_POINT('',#12771);
#3607=VERTEX_POINT('',#12773);
#3608=VERTEX_POINT('',#12775);
#3609=VERTEX_POINT('',#12777);
#3610=VERTEX_POINT('',#12779);
#3611=VERTEX_POINT('',#12781);
#3612=VERTEX_POINT('',#12783);
#3613=VERTEX_POINT('',#12785);
#3614=VERTEX_POINT('',#12787);
#3615=VERTEX_POINT('',#12790);
#3616=VERTEX_POINT('',#12794);
#3617=VERTEX_POINT('',#12798);
#3618=VERTEX_POINT('',#12802);
#3619=VERTEX_POINT('',#12806);
#3620=VERTEX_POINT('',#12810);
#3621=VERTEX_POINT('',#12814);
#3622=VERTEX_POINT('',#12937);
#3623=VERTEX_POINT('',#12939);
#3624=VERTEX_POINT('',#12975);
#3625=VERTEX_POINT('',#12979);
#3626=VERTEX_POINT('',#12981);
#3627=VERTEX_POINT('',#12985);
#3628=VERTEX_POINT('',#12989);
#3629=VERTEX_POINT('',#12990);
#3630=VERTEX_POINT('',#12992);
#3631=VERTEX_POINT('',#12994);
#3632=VERTEX_POINT('',#12998);
#3633=VERTEX_POINT('',#13003);
#3634=VERTEX_POINT('',#13007);
#3635=VERTEX_POINT('',#13011);
#3636=VERTEX_POINT('',#13015);
#3637=VERTEX_POINT('',#13019);
#3638=VERTEX_POINT('',#13023);
#3639=VERTEX_POINT('',#13027);
#3640=VERTEX_POINT('',#13031);
#3641=VERTEX_POINT('',#13035);
#3642=VERTEX_POINT('',#13039);
#3643=VERTEX_POINT('',#13041);
#3644=VERTEX_POINT('',#13047);
#3645=VERTEX_POINT('',#13050);
#3646=VERTEX_POINT('',#13054);
#3647=VERTEX_POINT('',#13057);
#3648=VERTEX_POINT('',#13061);
#3649=VERTEX_POINT('',#13064);
#3650=VERTEX_POINT('',#13068);
#3651=VERTEX_POINT('',#13071);
#3652=VERTEX_POINT('',#13075);
#3653=VERTEX_POINT('',#13078);
#3654=VERTEX_POINT('',#13082);
#3655=VERTEX_POINT('',#13085);
#3656=VERTEX_POINT('',#13089);
#3657=VERTEX_POINT('',#13092);
#3658=VERTEX_POINT('',#13096);
#3659=VERTEX_POINT('',#13099);
#3660=VERTEX_POINT('',#13103);
#3661=VERTEX_POINT('',#13107);
#3662=VERTEX_POINT('',#13109);
#3663=VERTEX_POINT('',#13113);
#3664=VERTEX_POINT('',#13117);
#3665=VERTEX_POINT('',#13124);
#3666=VERTEX_POINT('',#13126);
#3667=VERTEX_POINT('',#13130);
#3668=VERTEX_POINT('',#13134);
#3669=VERTEX_POINT('',#13138);
#3670=VERTEX_POINT('',#13142);
#3671=VERTEX_POINT('',#13146);
#3672=VERTEX_POINT('',#13150);
#3673=VERTEX_POINT('',#13154);
#3674=VERTEX_POINT('',#13158);
#3675=VERTEX_POINT('',#13166);
#3676=VERTEX_POINT('',#13170);
#3677=VERTEX_POINT('',#13172);
#3678=VERTEX_POINT('',#13176);
#3679=VERTEX_POINT('',#13180);
#3680=VERTEX_POINT('',#13184);
#3681=VERTEX_POINT('',#13188);
#3682=VERTEX_POINT('',#13192);
#3683=VERTEX_POINT('',#13196);
#3684=VERTEX_POINT('',#13200);
#3685=VERTEX_POINT('',#13201);
#3686=VERTEX_POINT('',#13206);
#3687=VERTEX_POINT('',#13208);
#3688=VERTEX_POINT('',#13212);
#3689=VERTEX_POINT('',#13213);
#3690=VERTEX_POINT('',#13215);
#3691=VERTEX_POINT('',#13217);
#3692=VERTEX_POINT('',#13219);
#3693=VERTEX_POINT('',#13221);
#3694=VERTEX_POINT('',#13223);
#3695=VERTEX_POINT('',#13225);
#3696=VERTEX_POINT('',#13227);
#3697=VERTEX_POINT('',#13229);
#3698=VERTEX_POINT('',#13231);
#3699=VERTEX_POINT('',#13233);
#3700=VERTEX_POINT('',#13235);
#3701=VERTEX_POINT('',#13238);
#3702=VERTEX_POINT('',#13240);
#3703=VERTEX_POINT('',#13242);
#3704=VERTEX_POINT('',#13244);
#3705=VERTEX_POINT('',#13246);
#3706=VERTEX_POINT('',#13248);
#3707=VERTEX_POINT('',#13251);
#3708=VERTEX_POINT('',#13253);
#3709=VERTEX_POINT('',#13256);
#3710=VERTEX_POINT('',#13259);
#3711=VERTEX_POINT('',#13261);
#3712=VERTEX_POINT('',#13263);
#3713=VERTEX_POINT('',#13265);
#3714=VERTEX_POINT('',#13268);
#3715=VERTEX_POINT('',#13274);
#3716=VERTEX_POINT('',#13280);
#3717=VERTEX_POINT('',#13286);
#3718=VERTEX_POINT('',#13292);
#3719=VERTEX_POINT('',#13298);
#3720=VERTEX_POINT('',#13307);
#3721=VERTEX_POINT('',#13310);
#3722=VERTEX_POINT('',#13325);
#3723=VERTEX_POINT('',#13331);
#3724=VERTEX_POINT('',#13337);
#3725=VERTEX_POINT('',#13339);
#3726=VERTEX_POINT('',#13343);
#3727=VERTEX_POINT('',#13347);
#3728=VERTEX_POINT('',#13367);
#3729=VERTEX_POINT('',#13387);
#3730=VERTEX_POINT('',#13396);
#3731=VERTEX_POINT('',#13403);
#3732=VERTEX_POINT('',#13410);
#3733=VERTEX_POINT('',#13412);
#3734=VERTEX_POINT('',#13527);
#3735=VERTEX_POINT('',#13558);
#3736=VERTEX_POINT('',#13563);
#3737=VERTEX_POINT('',#13565);
#3738=VERTEX_POINT('',#13569);
#3739=VERTEX_POINT('',#13571);
#3740=VERTEX_POINT('',#13575);
#3741=VERTEX_POINT('',#13576);
#3742=VERTEX_POINT('',#13581);
#3743=VERTEX_POINT('',#13582);
#3744=VERTEX_POINT('',#13588);
#3745=VERTEX_POINT('',#13592);
#3746=VERTEX_POINT('',#13597);
#3747=VERTEX_POINT('',#13601);
#3748=VERTEX_POINT('',#13610);
#3749=EDGE_CURVE('',#3139,#3139,#2737,.T.);
#3750=EDGE_CURVE('',#3139,#3140,#1533,.T.);
#3751=EDGE_CURVE('',#3140,#3140,#2738,.T.);
#3752=EDGE_CURVE('',#3141,#3141,#2739,.T.);
#3753=EDGE_CURVE('',#3139,#3142,#1534,.T.);
#3754=EDGE_CURVE('',#3142,#3142,#2740,.T.);
#3755=EDGE_CURVE('',#3143,#3143,#2741,.T.);
#3756=EDGE_CURVE('',#3143,#3144,#1535,.T.);
#3757=EDGE_CURVE('',#3144,#3144,#2742,.T.);
#3758=EDGE_CURVE('',#3145,#3145,#2743,.T.);
#3759=EDGE_CURVE('',#3143,#3146,#1536,.T.);
#3760=EDGE_CURVE('',#3146,#3146,#2744,.T.);
#3761=EDGE_CURVE('',#3147,#3147,#2745,.T.);
#3762=EDGE_CURVE('',#3147,#3148,#1537,.T.);
#3763=EDGE_CURVE('',#3148,#3148,#2746,.T.);
#3764=EDGE_CURVE('',#3149,#3149,#2747,.T.);
#3765=EDGE_CURVE('',#3147,#3150,#1538,.T.);
#3766=EDGE_CURVE('',#3150,#3150,#2748,.T.);
#3767=EDGE_CURVE('',#3151,#3151,#2749,.T.);
#3768=EDGE_CURVE('',#3151,#3152,#1539,.T.);
#3769=EDGE_CURVE('',#3152,#3152,#2750,.T.);
#3770=EDGE_CURVE('',#3153,#3153,#2751,.T.);
#3771=EDGE_CURVE('',#3151,#3154,#1540,.T.);
#3772=EDGE_CURVE('',#3154,#3154,#2752,.T.);
#3773=EDGE_CURVE('',#3149,#3155,#1541,.T.);
#3774=EDGE_CURVE('',#3155,#3155,#2753,.T.);
#3775=EDGE_CURVE('',#3156,#3156,#2754,.T.);
#3776=EDGE_CURVE('',#3156,#3155,#1542,.T.);
#3777=EDGE_CURVE('',#3141,#3157,#1543,.T.);
#3778=EDGE_CURVE('',#3157,#3157,#2755,.T.);
#3779=EDGE_CURVE('',#3158,#3158,#2756,.T.);
#3780=EDGE_CURVE('',#3158,#3157,#1544,.T.);
#3781=EDGE_CURVE('',#3145,#3159,#1545,.T.);
#3782=EDGE_CURVE('',#3159,#3159,#2757,.T.);
#3783=EDGE_CURVE('',#3160,#3160,#2758,.T.);
#3784=EDGE_CURVE('',#3160,#3159,#1546,.T.);
#3785=EDGE_CURVE('',#3153,#3161,#1547,.T.);
#3786=EDGE_CURVE('',#3161,#3161,#2759,.T.);
#3787=EDGE_CURVE('',#3162,#3162,#2760,.T.);
#3788=EDGE_CURVE('',#3162,#3161,#1548,.T.);
#3789=EDGE_CURVE('',#3163,#3163,#2761,.T.);
#3790=EDGE_CURVE('',#3163,#3164,#1549,.T.);
#3791=EDGE_CURVE('',#3164,#3165,#2762,.T.);
#3792=EDGE_CURVE('',#3165,#3164,#2763,.T.);
#3793=EDGE_CURVE('',#3166,#3167,#1550,.T.);
#3794=EDGE_CURVE('',#3168,#3166,#1551,.T.);
#3795=EDGE_CURVE('',#3169,#3168,#1552,.T.);
#3796=EDGE_CURVE('',#3170,#3169,#1553,.T.);
#3797=EDGE_CURVE('',#3171,#3170,#1554,.T.);
#3798=EDGE_CURVE('',#3172,#3171,#2764,.T.);
#3799=EDGE_CURVE('',#3173,#3172,#1555,.T.);
#3800=EDGE_CURVE('',#3174,#3173,#2765,.T.);
#3801=EDGE_CURVE('',#3175,#3174,#1556,.T.);
#3802=EDGE_CURVE('',#3176,#3175,#2766,.T.);
#3803=EDGE_CURVE('',#3177,#3176,#1557,.T.);
#3804=EDGE_CURVE('',#3178,#3177,#2767,.T.);
#3805=EDGE_CURVE('',#3179,#3178,#1558,.T.);
#3806=EDGE_CURVE('',#3167,#3179,#1559,.T.);
#3807=EDGE_CURVE('',#3180,#3180,#2768,.T.);
#3808=EDGE_CURVE('',#3181,#3181,#2769,.T.);
#3809=EDGE_CURVE('',#3182,#3182,#2770,.T.);
#3810=EDGE_CURVE('',#3183,#3183,#2771,.T.);
#3811=EDGE_CURVE('',#3184,#3184,#2772,.T.);
#3812=EDGE_CURVE('',#3185,#3185,#2773,.T.);
#3813=EDGE_CURVE('',#3186,#3186,#2774,.T.);
#3814=EDGE_CURVE('',#3187,#3187,#2775,.T.);
#3815=EDGE_CURVE('',#3188,#3188,#2776,.T.);
#3816=EDGE_CURVE('',#3189,#3189,#2777,.T.);
#3817=EDGE_CURVE('',#3165,#3190,#1560,.T.);
#3818=EDGE_CURVE('',#3190,#3190,#2778,.T.);
#3819=EDGE_CURVE('',#3180,#3191,#1561,.T.);
#3820=EDGE_CURVE('',#3191,#3191,#2779,.T.);
#3821=EDGE_CURVE('',#3192,#3192,#2780,.T.);
#3822=EDGE_CURVE('',#3192,#3191,#1562,.T.);
#3823=EDGE_CURVE('',#3189,#3142,#1563,.T.);
#3824=EDGE_CURVE('',#3181,#3193,#1564,.T.);
#3825=EDGE_CURVE('',#3193,#3193,#2781,.T.);
#3826=EDGE_CURVE('',#3194,#3194,#2782,.T.);
#3827=EDGE_CURVE('',#3194,#3193,#1565,.T.);
#3828=EDGE_CURVE('',#3188,#3195,#1566,.T.);
#3829=EDGE_CURVE('',#3195,#3196,#2783,.T.);
#3830=EDGE_CURVE('',#3196,#3195,#2784,.T.);
#3831=EDGE_CURVE('',#3196,#3197,#1567,.T.);
#3832=EDGE_CURVE('',#3197,#3197,#2785,.T.);
#3833=EDGE_CURVE('',#3182,#3146,#1568,.T.);
#3834=EDGE_CURVE('',#3187,#3198,#1569,.T.);
#3835=EDGE_CURVE('',#3198,#3199,#2786,.T.);
#3836=EDGE_CURVE('',#3199,#3198,#2787,.T.);
#3837=EDGE_CURVE('',#3199,#3200,#1570,.T.);
#3838=EDGE_CURVE('',#3200,#3200,#2788,.T.);
#3839=EDGE_CURVE('',#3183,#3150,#1571,.T.);
#3840=EDGE_CURVE('',#3186,#3201,#1572,.T.);
#3841=EDGE_CURVE('',#3201,#3202,#2789,.T.);
#3842=EDGE_CURVE('',#3202,#3201,#2790,.T.);
#3843=EDGE_CURVE('',#3202,#3203,#1573,.T.);
#3844=EDGE_CURVE('',#3203,#3203,#2791,.T.);
#3845=EDGE_CURVE('',#3184,#3154,#1574,.T.);
#3846=EDGE_CURVE('',#3192,#3204,#1575,.T.);
#3847=EDGE_CURVE('',#3204,#3204,#2792,.T.);
#3848=EDGE_CURVE('',#3205,#3205,#2793,.T.);
#3849=EDGE_CURVE('',#3206,#3206,#2794,.T.);
#3850=EDGE_CURVE('',#3206,#3207,#1576,.T.);
#3851=EDGE_CURVE('',#3207,#3207,#2795,.T.);
#3852=EDGE_CURVE('',#3208,#3209,#2796,.T.);
#3853=EDGE_CURVE('',#3210,#3208,#1577,.T.);
#3854=EDGE_CURVE('',#3211,#3210,#2797,.T.);
#3855=EDGE_CURVE('',#3212,#3211,#1578,.T.);
#3856=EDGE_CURVE('',#3213,#3212,#2798,.T.);
#3857=EDGE_CURVE('',#3214,#3213,#1579,.T.);
#3858=EDGE_CURVE('',#3215,#3214,#2799,.T.);
#3859=EDGE_CURVE('',#3216,#3215,#1580,.T.);
#3860=EDGE_CURVE('',#3217,#3216,#2800,.T.);
#3861=EDGE_CURVE('',#3218,#3217,#1581,.T.);
#3862=EDGE_CURVE('',#3219,#3218,#1582,.T.);
#3863=EDGE_CURVE('',#3220,#3219,#1583,.T.);
#3864=EDGE_CURVE('',#3221,#3220,#1584,.T.);
#3865=EDGE_CURVE('',#3222,#3221,#1585,.T.);
#3866=EDGE_CURVE('',#3223,#3222,#1586,.T.);
#3867=EDGE_CURVE('',#3224,#3223,#1587,.T.);
#3868=EDGE_CURVE('',#3209,#3224,#2801,.T.);
#3869=EDGE_CURVE('',#3225,#3225,#2802,.T.);
#3870=EDGE_CURVE('',#3226,#3226,#2803,.T.);
#3871=EDGE_CURVE('',#3227,#3227,#2804,.T.);
#3872=EDGE_CURVE('',#3228,#3228,#2805,.T.);
#3873=EDGE_CURVE('',#3229,#3229,#2806,.T.);
#3874=EDGE_CURVE('',#3230,#3230,#2807,.T.);
#3875=EDGE_CURVE('',#3231,#3231,#2808,.T.);
#3876=EDGE_CURVE('',#3232,#3232,#2809,.T.);
#3877=EDGE_CURVE('',#3233,#3233,#2810,.T.);
#3878=EDGE_CURVE('',#3206,#3234,#1588,.T.);
#3879=EDGE_CURVE('',#3234,#3234,#2811,.T.);
#3880=EDGE_CURVE('',#3235,#3235,#2812,.T.);
#3881=EDGE_CURVE('',#3235,#3225,#1589,.T.);
#3882=EDGE_CURVE('',#3235,#3236,#1590,.T.);
#3883=EDGE_CURVE('',#3236,#3236,#2813,.T.);
#3884=EDGE_CURVE('',#3194,#3233,#1591,.T.);
#3885=EDGE_CURVE('',#3237,#3237,#2814,.T.);
#3886=EDGE_CURVE('',#3237,#3226,#1592,.T.);
#3887=EDGE_CURVE('',#3237,#3238,#1593,.T.);
#3888=EDGE_CURVE('',#3238,#3238,#2815,.T.);
#3889=EDGE_CURVE('',#3239,#3239,#2816,.T.);
#3890=EDGE_CURVE('',#3239,#3232,#1594,.T.);
#3891=EDGE_CURVE('',#3239,#3240,#1595,.T.);
#3892=EDGE_CURVE('',#3240,#3240,#2817,.T.);
#3893=EDGE_CURVE('',#3241,#3241,#2818,.T.);
#3894=EDGE_CURVE('',#3241,#3209,#1596,.T.);
#3895=EDGE_CURVE('',#3224,#3208,#55,.T.);
#3896=EDGE_CURVE('',#3223,#3242,#1597,.T.);
#3897=EDGE_CURVE('',#3242,#3243,#1598,.T.);
#3898=EDGE_CURVE('',#3243,#3210,#1599,.T.);
#3899=EDGE_CURVE('',#3205,#3241,#1600,.T.);
#3900=EDGE_CURVE('',#3185,#3244,#1601,.T.);
#3901=EDGE_CURVE('',#3244,#3244,#2819,.T.);
#3902=EDGE_CURVE('',#3245,#3245,#2820,.T.);
#3903=EDGE_CURVE('',#3245,#3244,#1602,.T.);
#3904=EDGE_CURVE('',#3168,#3246,#1603,.T.);
#3905=EDGE_CURVE('',#3246,#3247,#1604,.T.);
#3906=EDGE_CURVE('',#3169,#3247,#1605,.T.);
#3907=EDGE_CURVE('',#3248,#3249,#1606,.T.);
#3908=EDGE_CURVE('',#3249,#3166,#1607,.T.);
#3909=EDGE_CURVE('',#3167,#3248,#1608,.T.);
#3910=EDGE_CURVE('',#3249,#3246,#1609,.T.);
#3911=EDGE_CURVE('',#3250,#3248,#1610,.T.);
#3912=EDGE_CURVE('',#3179,#3250,#1611,.T.);
#3913=EDGE_CURVE('',#3178,#3251,#1612,.T.);
#3914=EDGE_CURVE('',#3251,#3250,#1613,.T.);
#3915=EDGE_CURVE('',#3177,#3252,#1614,.T.);
#3916=EDGE_CURVE('',#3252,#3251,#2821,.T.);
#3917=EDGE_CURVE('',#3176,#3253,#1615,.T.);
#3918=EDGE_CURVE('',#3253,#3252,#1616,.T.);
#3919=EDGE_CURVE('',#3175,#3254,#1617,.T.);
#3920=EDGE_CURVE('',#3254,#3253,#2822,.T.);
#3921=EDGE_CURVE('',#3174,#3255,#1618,.T.);
#3922=EDGE_CURVE('',#3255,#3254,#1619,.T.);
#3923=EDGE_CURVE('',#3173,#3256,#1620,.T.);
#3924=EDGE_CURVE('',#3256,#3255,#2823,.T.);
#3925=EDGE_CURVE('',#3172,#3257,#1621,.T.);
#3926=EDGE_CURVE('',#3257,#3256,#1622,.T.);
#3927=EDGE_CURVE('',#3171,#3258,#1623,.T.);
#3928=EDGE_CURVE('',#3258,#3257,#2824,.T.);
#3929=EDGE_CURVE('',#3259,#3258,#1624,.T.);
#3930=EDGE_CURVE('',#3170,#3259,#1625,.T.);
#3931=EDGE_CURVE('',#3247,#3259,#1626,.T.);
#3932=EDGE_CURVE('',#3260,#3257,#1627,.T.);
#3933=EDGE_CURVE('',#3261,#3260,#1628,.T.);
#3934=EDGE_CURVE('',#3261,#3256,#1629,.T.);
#3935=EDGE_CURVE('',#3262,#3258,#1630,.T.);
#3936=EDGE_CURVE('',#3260,#3262,#2825,.T.);
#3937=EDGE_CURVE('',#3263,#3259,#1631,.T.);
#3938=EDGE_CURVE('',#3262,#3263,#1632,.T.);
#3939=EDGE_CURVE('',#3264,#3247,#1633,.T.);
#3940=EDGE_CURVE('',#3263,#3264,#1634,.T.);
#3941=EDGE_CURVE('',#3265,#3246,#1635,.T.);
#3942=EDGE_CURVE('',#3264,#3265,#1636,.T.);
#3943=EDGE_CURVE('',#3266,#3249,#1637,.T.);
#3944=EDGE_CURVE('',#3265,#3266,#1638,.T.);
#3945=EDGE_CURVE('',#3267,#3248,#1639,.T.);
#3946=EDGE_CURVE('',#3266,#3267,#1640,.T.);
#3947=EDGE_CURVE('',#3219,#3264,#1641,.T.);
#3948=EDGE_CURVE('',#3220,#3265,#1642,.T.);
#3949=EDGE_CURVE('',#3218,#3263,#1643,.T.);
#3950=EDGE_CURVE('',#3268,#3211,#1644,.T.);
#3951=EDGE_CURVE('',#3243,#3268,#2826,.T.);
#3952=EDGE_CURVE('',#3269,#3212,#1645,.T.);
#3953=EDGE_CURVE('',#3268,#3269,#1646,.T.);
#3954=EDGE_CURVE('',#3269,#3270,#2827,.T.);
#3955=EDGE_CURVE('',#3270,#3213,#1647,.T.);
#3956=EDGE_CURVE('',#3271,#3214,#1648,.T.);
#3957=EDGE_CURVE('',#3270,#3271,#1649,.T.);
#3958=EDGE_CURVE('',#3261,#3215,#1650,.T.);
#3959=EDGE_CURVE('',#3271,#3261,#2828,.T.);
#3960=EDGE_CURVE('',#3260,#3216,#1651,.T.);
#3961=EDGE_CURVE('',#3262,#3217,#1652,.T.);
#3962=EDGE_CURVE('',#3267,#3242,#1653,.T.);
#3963=EDGE_CURVE('',#3222,#3267,#1654,.T.);
#3964=EDGE_CURVE('',#3221,#3266,#1655,.T.);
#3965=EDGE_CURVE('',#3271,#3255,#1656,.T.);
#3966=EDGE_CURVE('',#3270,#3254,#1657,.T.);
#3967=EDGE_CURVE('',#3269,#3253,#1658,.T.);
#3968=EDGE_CURVE('',#3268,#3252,#1659,.T.);
#3969=EDGE_CURVE('',#3243,#3251,#1660,.T.);
#3970=EDGE_CURVE('',#3250,#3242,#1661,.T.);
#3971=EDGE_CURVE('',#3245,#3231,#1662,.T.);
#3972=EDGE_CURVE('',#3158,#3227,#1663,.T.);
#3973=EDGE_CURVE('',#3160,#3230,#1664,.T.);
#3974=EDGE_CURVE('',#3156,#3228,#1665,.T.);
#3975=EDGE_CURVE('',#3162,#3229,#1666,.T.);
#3976=EDGE_CURVE('',#3272,#3272,#2829,.T.);
#3977=EDGE_CURVE('',#3272,#3273,#1667,.T.);
#3978=EDGE_CURVE('',#3273,#3273,#2830,.T.);
#3979=EDGE_CURVE('',#3274,#3274,#2831,.T.);
#3980=EDGE_CURVE('',#3272,#3275,#1668,.T.);
#3981=EDGE_CURVE('',#3275,#3275,#2832,.T.);
#3982=EDGE_CURVE('',#3276,#3276,#2833,.T.);
#3983=EDGE_CURVE('',#3276,#3277,#1669,.T.);
#3984=EDGE_CURVE('',#3277,#3277,#2834,.T.);
#3985=EDGE_CURVE('',#3278,#3278,#2835,.T.);
#3986=EDGE_CURVE('',#3276,#3279,#1670,.T.);
#3987=EDGE_CURVE('',#3279,#3279,#2836,.T.);
#3988=EDGE_CURVE('',#3280,#3280,#2837,.T.);
#3989=EDGE_CURVE('',#3280,#3281,#1671,.T.);
#3990=EDGE_CURVE('',#3281,#3281,#2838,.T.);
#3991=EDGE_CURVE('',#3282,#3282,#2839,.T.);
#3992=EDGE_CURVE('',#3280,#3283,#1672,.T.);
#3993=EDGE_CURVE('',#3283,#3283,#2840,.T.);
#3994=EDGE_CURVE('',#3284,#3284,#2841,.T.);
#3995=EDGE_CURVE('',#3284,#3285,#1673,.T.);
#3996=EDGE_CURVE('',#3285,#3285,#2842,.T.);
#3997=EDGE_CURVE('',#3286,#3286,#2843,.T.);
#3998=EDGE_CURVE('',#3284,#3287,#1674,.T.);
#3999=EDGE_CURVE('',#3287,#3287,#2844,.T.);
#4000=EDGE_CURVE('',#3282,#3288,#1675,.T.);
#4001=EDGE_CURVE('',#3288,#3288,#2845,.T.);
#4002=EDGE_CURVE('',#3289,#3289,#2846,.T.);
#4003=EDGE_CURVE('',#3289,#3288,#1676,.T.);
#4004=EDGE_CURVE('',#3274,#3290,#1677,.T.);
#4005=EDGE_CURVE('',#3290,#3290,#2847,.T.);
#4006=EDGE_CURVE('',#3291,#3291,#2848,.T.);
#4007=EDGE_CURVE('',#3291,#3290,#1678,.T.);
#4008=EDGE_CURVE('',#3278,#3292,#1679,.T.);
#4009=EDGE_CURVE('',#3292,#3292,#2849,.T.);
#4010=EDGE_CURVE('',#3293,#3293,#2850,.T.);
#4011=EDGE_CURVE('',#3293,#3292,#1680,.T.);
#4012=EDGE_CURVE('',#3286,#3294,#1681,.T.);
#4013=EDGE_CURVE('',#3294,#3294,#2851,.T.);
#4014=EDGE_CURVE('',#3295,#3295,#2852,.T.);
#4015=EDGE_CURVE('',#3295,#3294,#1682,.T.);
#4016=EDGE_CURVE('',#3296,#3296,#2853,.T.);
#4017=EDGE_CURVE('',#3296,#3297,#1683,.T.);
#4018=EDGE_CURVE('',#3298,#3297,#2854,.T.);
#4019=EDGE_CURVE('',#3297,#3298,#2855,.T.);
#4020=EDGE_CURVE('',#3299,#3300,#1684,.T.);
#4021=EDGE_CURVE('',#3300,#3301,#1685,.T.);
#4022=EDGE_CURVE('',#3301,#3302,#1686,.T.);
#4023=EDGE_CURVE('',#3302,#3303,#2856,.T.);
#4024=EDGE_CURVE('',#3303,#3304,#1687,.T.);
#4025=EDGE_CURVE('',#3304,#3305,#2857,.T.);
#4026=EDGE_CURVE('',#3305,#3306,#1688,.T.);
#4027=EDGE_CURVE('',#3306,#3307,#2858,.T.);
#4028=EDGE_CURVE('',#3307,#3308,#1689,.T.);
#4029=EDGE_CURVE('',#3308,#3309,#2859,.T.);
#4030=EDGE_CURVE('',#3309,#3310,#1690,.T.);
#4031=EDGE_CURVE('',#3310,#3311,#1691,.T.);
#4032=EDGE_CURVE('',#3311,#3312,#1692,.T.);
#4033=EDGE_CURVE('',#3312,#3299,#1693,.T.);
#4034=EDGE_CURVE('',#3313,#3313,#2860,.T.);
#4035=EDGE_CURVE('',#3314,#3314,#2861,.T.);
#4036=EDGE_CURVE('',#3315,#3315,#2862,.T.);
#4037=EDGE_CURVE('',#3316,#3316,#2863,.T.);
#4038=EDGE_CURVE('',#3317,#3317,#2864,.T.);
#4039=EDGE_CURVE('',#3318,#3318,#2865,.T.);
#4040=EDGE_CURVE('',#3319,#3319,#2866,.T.);
#4041=EDGE_CURVE('',#3320,#3320,#2867,.T.);
#4042=EDGE_CURVE('',#3321,#3321,#2868,.T.);
#4043=EDGE_CURVE('',#3322,#3322,#2869,.T.);
#4044=EDGE_CURVE('',#3298,#3323,#1694,.T.);
#4045=EDGE_CURVE('',#3323,#3323,#2870,.T.);
#4046=EDGE_CURVE('',#3313,#3324,#1695,.T.);
#4047=EDGE_CURVE('',#3324,#3324,#2871,.T.);
#4048=EDGE_CURVE('',#3325,#3325,#2872,.T.);
#4049=EDGE_CURVE('',#3325,#3324,#1696,.T.);
#4050=EDGE_CURVE('',#3322,#3275,#1697,.T.);
#4051=EDGE_CURVE('',#3314,#3326,#1698,.T.);
#4052=EDGE_CURVE('',#3326,#3326,#2873,.T.);
#4053=EDGE_CURVE('',#3327,#3327,#2874,.T.);
#4054=EDGE_CURVE('',#3327,#3326,#1699,.T.);
#4055=EDGE_CURVE('',#3321,#3328,#1700,.T.);
#4056=EDGE_CURVE('',#3329,#3328,#2875,.T.);
#4057=EDGE_CURVE('',#3328,#3329,#2876,.T.);
#4058=EDGE_CURVE('',#3329,#3330,#1701,.T.);
#4059=EDGE_CURVE('',#3330,#3330,#2877,.T.);
#4060=EDGE_CURVE('',#3315,#3279,#1702,.T.);
#4061=EDGE_CURVE('',#3320,#3331,#1703,.T.);
#4062=EDGE_CURVE('',#3332,#3331,#2878,.T.);
#4063=EDGE_CURVE('',#3331,#3332,#2879,.T.);
#4064=EDGE_CURVE('',#3332,#3333,#1704,.T.);
#4065=EDGE_CURVE('',#3333,#3333,#2880,.T.);
#4066=EDGE_CURVE('',#3316,#3283,#1705,.T.);
#4067=EDGE_CURVE('',#3319,#3334,#1706,.T.);
#4068=EDGE_CURVE('',#3335,#3334,#2881,.T.);
#4069=EDGE_CURVE('',#3334,#3335,#2882,.T.);
#4070=EDGE_CURVE('',#3335,#3336,#1707,.T.);
#4071=EDGE_CURVE('',#3336,#3336,#2883,.T.);
#4072=EDGE_CURVE('',#3317,#3287,#1708,.T.);
#4073=EDGE_CURVE('',#3325,#3337,#1709,.T.);
#4074=EDGE_CURVE('',#3337,#3337,#2884,.T.);
#4075=EDGE_CURVE('',#3338,#3338,#2885,.T.);
#4076=EDGE_CURVE('',#3339,#3339,#2886,.T.);
#4077=EDGE_CURVE('',#3339,#3340,#1710,.T.);
#4078=EDGE_CURVE('',#3340,#3340,#2887,.T.);
#4079=EDGE_CURVE('',#3341,#3342,#2888,.T.);
#4080=EDGE_CURVE('',#3342,#3343,#2889,.T.);
#4081=EDGE_CURVE('',#3343,#3344,#1711,.T.);
#4082=EDGE_CURVE('',#3344,#3345,#1712,.T.);
#4083=EDGE_CURVE('',#3345,#3346,#1713,.T.);
#4084=EDGE_CURVE('',#3346,#3347,#1714,.T.);
#4085=EDGE_CURVE('',#3347,#3348,#1715,.T.);
#4086=EDGE_CURVE('',#3348,#3349,#1716,.T.);
#4087=EDGE_CURVE('',#3349,#3350,#1717,.T.);
#4088=EDGE_CURVE('',#3350,#3351,#2890,.T.);
#4089=EDGE_CURVE('',#3351,#3352,#1718,.T.);
#4090=EDGE_CURVE('',#3352,#3353,#2891,.T.);
#4091=EDGE_CURVE('',#3353,#3354,#1719,.T.);
#4092=EDGE_CURVE('',#3354,#3355,#2892,.T.);
#4093=EDGE_CURVE('',#3355,#3356,#1720,.T.);
#4094=EDGE_CURVE('',#3356,#3357,#2893,.T.);
#4095=EDGE_CURVE('',#3357,#3341,#1721,.T.);
#4096=EDGE_CURVE('',#3358,#3358,#2894,.T.);
#4097=EDGE_CURVE('',#3359,#3359,#2895,.T.);
#4098=EDGE_CURVE('',#3360,#3360,#2896,.T.);
#4099=EDGE_CURVE('',#3361,#3361,#2897,.T.);
#4100=EDGE_CURVE('',#3362,#3362,#2898,.T.);
#4101=EDGE_CURVE('',#3363,#3363,#2899,.T.);
#4102=EDGE_CURVE('',#3364,#3364,#2900,.T.);
#4103=EDGE_CURVE('',#3365,#3365,#2901,.T.);
#4104=EDGE_CURVE('',#3366,#3366,#2902,.T.);
#4105=EDGE_CURVE('',#3339,#3367,#1722,.T.);
#4106=EDGE_CURVE('',#3367,#3367,#2903,.T.);
#4107=EDGE_CURVE('',#3368,#3368,#2904,.T.);
#4108=EDGE_CURVE('',#3368,#3358,#1723,.T.);
#4109=EDGE_CURVE('',#3368,#3369,#1724,.T.);
#4110=EDGE_CURVE('',#3369,#3369,#2905,.T.);
#4111=EDGE_CURVE('',#3327,#3366,#1725,.T.);
#4112=EDGE_CURVE('',#3370,#3370,#2906,.T.);
#4113=EDGE_CURVE('',#3370,#3359,#1726,.T.);
#4114=EDGE_CURVE('',#3370,#3371,#1727,.T.);
#4115=EDGE_CURVE('',#3371,#3371,#2907,.T.);
#4116=EDGE_CURVE('',#3372,#3372,#2908,.T.);
#4117=EDGE_CURVE('',#3372,#3365,#1728,.T.);
#4118=EDGE_CURVE('',#3372,#3373,#1729,.T.);
#4119=EDGE_CURVE('',#3373,#3373,#2909,.T.);
#4120=EDGE_CURVE('',#3374,#3374,#2910,.T.);
#4121=EDGE_CURVE('',#3374,#3342,#1730,.T.);
#4122=EDGE_CURVE('',#3343,#3341,#56,.T.);
#4123=EDGE_CURVE('',#3375,#3357,#1731,.T.);
#4124=EDGE_CURVE('',#3376,#3375,#1732,.T.);
#4125=EDGE_CURVE('',#3344,#3376,#1733,.T.);
#4126=EDGE_CURVE('',#3338,#3374,#1734,.T.);
#4127=EDGE_CURVE('',#3318,#3377,#1735,.T.);
#4128=EDGE_CURVE('',#3377,#3377,#2911,.T.);
#4129=EDGE_CURVE('',#3378,#3378,#2912,.T.);
#4130=EDGE_CURVE('',#3378,#3377,#1736,.T.);
#4131=EDGE_CURVE('',#3311,#3379,#1737,.T.);
#4132=EDGE_CURVE('',#3380,#3379,#1738,.T.);
#4133=EDGE_CURVE('',#3312,#3380,#1739,.T.);
#4134=EDGE_CURVE('',#3381,#3382,#1740,.T.);
#4135=EDGE_CURVE('',#3300,#3381,#1741,.T.);
#4136=EDGE_CURVE('',#3382,#3299,#1742,.T.);
#4137=EDGE_CURVE('',#3382,#3380,#1743,.T.);
#4138=EDGE_CURVE('',#3383,#3381,#1744,.T.);
#4139=EDGE_CURVE('',#3301,#3383,#1745,.T.);
#4140=EDGE_CURVE('',#3384,#3383,#1746,.T.);
#4141=EDGE_CURVE('',#3302,#3384,#1747,.T.);
#4142=EDGE_CURVE('',#3385,#3384,#2913,.T.);
#4143=EDGE_CURVE('',#3303,#3385,#1748,.T.);
#4144=EDGE_CURVE('',#3386,#3385,#1749,.T.);
#4145=EDGE_CURVE('',#3304,#3386,#1750,.T.);
#4146=EDGE_CURVE('',#3387,#3386,#2914,.T.);
#4147=EDGE_CURVE('',#3305,#3387,#1751,.T.);
#4148=EDGE_CURVE('',#3306,#3388,#1752,.T.);
#4149=EDGE_CURVE('',#3388,#3387,#1753,.T.);
#4150=EDGE_CURVE('',#3307,#3389,#1754,.T.);
#4151=EDGE_CURVE('',#3389,#3388,#2915,.T.);
#4152=EDGE_CURVE('',#3308,#3390,#1755,.T.);
#4153=EDGE_CURVE('',#3390,#3389,#1756,.T.);
#4154=EDGE_CURVE('',#3309,#3391,#1757,.T.);
#4155=EDGE_CURVE('',#3391,#3390,#2916,.T.);
#4156=EDGE_CURVE('',#3392,#3391,#1758,.T.);
#4157=EDGE_CURVE('',#3310,#3392,#1759,.T.);
#4158=EDGE_CURVE('',#3379,#3392,#1760,.T.);
#4159=EDGE_CURVE('',#3393,#3389,#1761,.T.);
#4160=EDGE_CURVE('',#3393,#3394,#1762,.T.);
#4161=EDGE_CURVE('',#3394,#3390,#1763,.T.);
#4162=EDGE_CURVE('',#3394,#3395,#2917,.T.);
#4163=EDGE_CURVE('',#3395,#3391,#1764,.T.);
#4164=EDGE_CURVE('',#3395,#3396,#1765,.T.);
#4165=EDGE_CURVE('',#3396,#3392,#1766,.T.);
#4166=EDGE_CURVE('',#3396,#3397,#1767,.T.);
#4167=EDGE_CURVE('',#3397,#3379,#1768,.T.);
#4168=EDGE_CURVE('',#3397,#3398,#1769,.T.);
#4169=EDGE_CURVE('',#3398,#3380,#1770,.T.);
#4170=EDGE_CURVE('',#3398,#3399,#1771,.T.);
#4171=EDGE_CURVE('',#3399,#3382,#1772,.T.);
#4172=EDGE_CURVE('',#3399,#3400,#1773,.T.);
#4173=EDGE_CURVE('',#3400,#3381,#1774,.T.);
#4174=EDGE_CURVE('',#3347,#3398,#1775,.T.);
#4175=EDGE_CURVE('',#3348,#3397,#1776,.T.);
#4176=EDGE_CURVE('',#3349,#3396,#1777,.T.);
#4177=EDGE_CURVE('',#3401,#3356,#1778,.T.);
#4178=EDGE_CURVE('',#3375,#3401,#2918,.T.);
#4179=EDGE_CURVE('',#3402,#3355,#1779,.T.);
#4180=EDGE_CURVE('',#3401,#3402,#1780,.T.);
#4181=EDGE_CURVE('',#3403,#3354,#1781,.T.);
#4182=EDGE_CURVE('',#3402,#3403,#2919,.T.);
#4183=EDGE_CURVE('',#3404,#3353,#1782,.T.);
#4184=EDGE_CURVE('',#3403,#3404,#1783,.T.);
#4185=EDGE_CURVE('',#3393,#3352,#1784,.T.);
#4186=EDGE_CURVE('',#3404,#3393,#2920,.T.);
#4187=EDGE_CURVE('',#3394,#3351,#1785,.T.);
#4188=EDGE_CURVE('',#3395,#3350,#1786,.T.);
#4189=EDGE_CURVE('',#3400,#3376,#1787,.T.);
#4190=EDGE_CURVE('',#3345,#3400,#1788,.T.);
#4191=EDGE_CURVE('',#3346,#3399,#1789,.T.);
#4192=EDGE_CURVE('',#3404,#3388,#1790,.T.);
#4193=EDGE_CURVE('',#3403,#3387,#1791,.T.);
#4194=EDGE_CURVE('',#3402,#3386,#1792,.T.);
#4195=EDGE_CURVE('',#3401,#3385,#1793,.T.);
#4196=EDGE_CURVE('',#3375,#3384,#1794,.T.);
#4197=EDGE_CURVE('',#3383,#3376,#1795,.T.);
#4198=EDGE_CURVE('',#3378,#3364,#1796,.T.);
#4199=EDGE_CURVE('',#3291,#3360,#1797,.T.);
#4200=EDGE_CURVE('',#3293,#3363,#1798,.T.);
#4201=EDGE_CURVE('',#3289,#3361,#1799,.T.);
#4202=EDGE_CURVE('',#3295,#3362,#1800,.T.);
#4203=EDGE_CURVE('',#3405,#3406,#57,.F.);
#4204=EDGE_CURVE('',#3406,#3407,#2921,.T.);
#4205=EDGE_CURVE('',#3407,#3408,#2922,.T.);
#4206=EDGE_CURVE('',#3408,#3409,#58,.F.);
#4207=EDGE_CURVE('',#3409,#3405,#2923,.T.);
#4208=EDGE_CURVE('',#3406,#3410,#1801,.T.);
#4209=EDGE_CURVE('',#3410,#3411,#41,.T.);
#4210=EDGE_CURVE('',#3411,#3408,#1802,.T.);
#4211=EDGE_CURVE('',#3407,#3412,#1803,.T.);
#4212=EDGE_CURVE('',#3412,#3412,#2924,.T.);
#4213=EDGE_CURVE('',#3413,#3413,#25,.T.);
#4214=EDGE_CURVE('',#3414,#3414,#26,.T.);
#4215=EDGE_CURVE('',#3409,#3405,#1804,.T.);
#4216=EDGE_CURVE('',#3410,#3411,#1805,.T.);
#4217=EDGE_CURVE('',#3415,#3415,#2925,.T.);
#4218=EDGE_CURVE('',#3415,#3416,#1806,.T.);
#4219=EDGE_CURVE('',#3416,#3416,#2926,.T.);
#4220=EDGE_CURVE('',#3417,#3418,#1807,.T.);
#4221=EDGE_CURVE('',#3419,#3417,#2927,.T.);
#4222=EDGE_CURVE('',#3420,#3419,#2928,.T.);
#4223=EDGE_CURVE('',#3421,#3420,#1808,.T.);
#4224=EDGE_CURVE('',#3422,#3421,#1809,.T.);
#4225=EDGE_CURVE('',#3423,#3422,#1810,.T.);
#4226=EDGE_CURVE('',#3424,#3423,#1811,.T.);
#4227=EDGE_CURVE('',#3425,#3424,#1812,.T.);
#4228=EDGE_CURVE('',#3426,#3425,#1813,.T.);
#4229=EDGE_CURVE('',#3427,#3426,#1814,.T.);
#4230=EDGE_CURVE('',#3428,#3427,#2929,.T.);
#4231=EDGE_CURVE('',#3429,#3428,#1815,.T.);
#4232=EDGE_CURVE('',#3430,#3429,#2930,.T.);
#4233=EDGE_CURVE('',#3431,#3430,#1816,.T.);
#4234=EDGE_CURVE('',#3432,#3431,#2931,.T.);
#4235=EDGE_CURVE('',#3433,#3432,#1817,.T.);
#4236=EDGE_CURVE('',#3418,#3433,#2932,.T.);
#4237=EDGE_CURVE('',#3434,#3434,#2933,.T.);
#4238=EDGE_CURVE('',#3435,#3435,#2934,.T.);
#4239=EDGE_CURVE('',#3436,#3436,#2935,.T.);
#4240=EDGE_CURVE('',#3437,#3437,#2936,.T.);
#4241=EDGE_CURVE('',#3438,#3438,#2937,.T.);
#4242=EDGE_CURVE('',#3439,#3439,#2938,.F.);
#4243=EDGE_CURVE('',#3440,#3440,#2939,.T.);
#4244=EDGE_CURVE('',#3441,#3441,#2940,.T.);
#4245=EDGE_CURVE('',#3442,#3442,#2941,.T.);
#4246=EDGE_CURVE('',#3415,#3443,#1818,.T.);
#4247=EDGE_CURVE('',#3443,#3443,#2942,.T.);
#4248=EDGE_CURVE('',#3434,#3444,#1819,.T.);
#4249=EDGE_CURVE('',#3444,#3444,#2943,.T.);
#4250=EDGE_CURVE('',#3445,#3445,#2944,.T.);
#4251=EDGE_CURVE('',#3445,#3444,#1820,.T.);
#4252=EDGE_CURVE('',#3442,#3446,#1821,.T.);
#4253=EDGE_CURVE('',#3446,#3446,#2945,.T.);
#4254=EDGE_CURVE('',#3447,#3447,#2946,.T.);
#4255=EDGE_CURVE('',#3447,#3446,#1822,.T.);
#4256=EDGE_CURVE('',#3435,#3448,#1823,.T.);
#4257=EDGE_CURVE('',#3448,#3448,#2947,.T.);
#4258=EDGE_CURVE('',#3449,#3449,#2948,.T.);
#4259=EDGE_CURVE('',#3449,#3448,#1824,.T.);
#4260=EDGE_CURVE('',#3450,#3413,#1825,.T.);
#4261=EDGE_CURVE('',#3450,#3451,#27,.T.);
#4262=EDGE_CURVE('',#3451,#3450,#28,.T.);
#4263=EDGE_CURVE('',#3451,#3452,#1826,.T.);
#4264=EDGE_CURVE('',#3452,#3452,#2949,.T.);
#4265=EDGE_CURVE('',#3453,#3453,#2950,.T.);
#4266=EDGE_CURVE('',#3453,#3454,#1827,.T.);
#4267=EDGE_CURVE('',#3454,#3454,#2951,.T.);
#4268=EDGE_CURVE('',#3455,#3455,#2952,.T.);
#4269=EDGE_CURVE('',#3455,#3454,#1828,.T.);
#4270=EDGE_CURVE('',#3456,#3457,#1829,.T.);
#4271=EDGE_CURVE('',#3458,#3456,#1830,.T.);
#4272=EDGE_CURVE('',#3459,#3458,#1831,.T.);
#4273=EDGE_CURVE('',#3459,#3457,#1832,.T.);
#4274=EDGE_CURVE('',#3460,#3460,#2953,.T.);
#4275=EDGE_CURVE('',#3460,#3455,#1833,.T.);
#4276=EDGE_CURVE('',#3441,#3461,#1834,.T.);
#4277=EDGE_CURVE('',#3461,#3461,#2954,.T.);
#4278=EDGE_CURVE('',#3462,#3462,#2955,.T.);
#4279=EDGE_CURVE('',#3462,#3461,#1835,.T.);
#4280=EDGE_CURVE('',#3436,#3463,#1836,.T.);
#4281=EDGE_CURVE('',#3463,#3463,#2956,.T.);
#4282=EDGE_CURVE('',#3464,#3464,#2957,.T.);
#4283=EDGE_CURVE('',#3464,#3463,#1837,.T.);
#4284=EDGE_CURVE('',#3440,#3465,#1838,.T.);
#4285=EDGE_CURVE('',#3465,#3465,#2958,.T.);
#4286=EDGE_CURVE('',#3466,#3466,#2959,.T.);
#4287=EDGE_CURVE('',#3466,#3465,#1839,.T.);
#4288=EDGE_CURVE('',#3437,#3467,#1840,.T.);
#4289=EDGE_CURVE('',#3467,#3467,#2960,.T.);
#4290=EDGE_CURVE('',#3468,#3468,#2961,.T.);
#4291=EDGE_CURVE('',#3468,#3467,#1841,.T.);
#4292=EDGE_CURVE('',#3469,#3469,#2962,.T.);
#4293=EDGE_CURVE('',#3469,#3443,#1842,.T.);
#4294=EDGE_CURVE('',#3470,#3470,#2963,.T.);
#4295=EDGE_CURVE('',#3470,#3471,#1843,.T.);
#4296=EDGE_CURVE('',#3471,#3471,#2964,.T.);
#4297=EDGE_CURVE('',#3470,#3439,#1844,.T.);
#4298=EDGE_CURVE('',#3472,#3472,#2965,.T.);
#4299=EDGE_CURVE('',#3468,#3473,#1845,.T.);
#4300=EDGE_CURVE('',#3473,#3473,#2966,.T.);
#4301=EDGE_CURVE('',#3474,#3474,#2967,.T.);
#4302=EDGE_CURVE('',#3445,#3475,#1846,.T.);
#4303=EDGE_CURVE('',#3475,#3475,#2968,.T.);
#4304=EDGE_CURVE('',#3476,#3476,#2969,.T.);
#4305=EDGE_CURVE('',#3464,#3477,#1847,.T.);
#4306=EDGE_CURVE('',#3477,#3477,#2970,.T.);
#4307=EDGE_CURVE('',#3478,#3478,#2971,.T.);
#4308=EDGE_CURVE('',#3447,#3479,#1848,.T.);
#4309=EDGE_CURVE('',#3479,#3479,#2972,.T.);
#4310=EDGE_CURVE('',#3480,#3480,#2973,.T.);
#4311=EDGE_CURVE('',#3462,#3481,#1849,.T.);
#4312=EDGE_CURVE('',#3481,#3481,#2974,.T.);
#4313=EDGE_CURVE('',#3482,#3482,#2975,.T.);
#4314=EDGE_CURVE('',#3449,#3483,#1850,.T.);
#4315=EDGE_CURVE('',#3483,#3483,#2976,.T.);
#4316=EDGE_CURVE('',#3484,#3484,#2977,.T.);
#4317=EDGE_CURVE('',#3469,#3485,#1851,.T.);
#4318=EDGE_CURVE('',#3485,#3485,#2978,.T.);
#4319=EDGE_CURVE('',#3486,#3486,#2979,.T.);
#4320=EDGE_CURVE('',#3438,#3487,#1852,.T.);
#4321=EDGE_CURVE('',#3487,#3487,#2980,.T.);
#4322=EDGE_CURVE('',#3488,#3488,#2981,.T.);
#4323=EDGE_CURVE('',#3488,#3487,#1853,.T.);
#4324=EDGE_CURVE('',#3423,#3489,#1854,.T.);
#4325=EDGE_CURVE('',#3489,#3490,#1855,.T.);
#4326=EDGE_CURVE('',#3424,#3490,#1856,.T.);
#4327=EDGE_CURVE('',#3490,#3491,#1857,.T.);
#4328=EDGE_CURVE('',#3491,#3425,#1858,.T.);
#4329=EDGE_CURVE('',#3422,#3492,#1859,.T.);
#4330=EDGE_CURVE('',#3492,#3489,#1860,.T.);
#4331=EDGE_CURVE('',#3420,#3417,#59,.T.);
#4332=EDGE_CURVE('',#3418,#3493,#1861,.T.);
#4333=EDGE_CURVE('',#3493,#3494,#1862,.T.);
#4334=EDGE_CURVE('',#3494,#3421,#1863,.T.);
#4335=EDGE_CURVE('',#3433,#3495,#1864,.T.);
#4336=EDGE_CURVE('',#3495,#3493,#2982,.T.);
#4337=EDGE_CURVE('',#3432,#3496,#1865,.T.);
#4338=EDGE_CURVE('',#3496,#3495,#1866,.T.);
#4339=EDGE_CURVE('',#3431,#3497,#1867,.T.);
#4340=EDGE_CURVE('',#3497,#3496,#2983,.T.);
#4341=EDGE_CURVE('',#3430,#3498,#1868,.T.);
#4342=EDGE_CURVE('',#3498,#3497,#1869,.T.);
#4343=EDGE_CURVE('',#3429,#3499,#1870,.T.);
#4344=EDGE_CURVE('',#3499,#3498,#2984,.T.);
#4345=EDGE_CURVE('',#3428,#3500,#1871,.T.);
#4346=EDGE_CURVE('',#3500,#3499,#1872,.T.);
#4347=EDGE_CURVE('',#3427,#3501,#1873,.T.);
#4348=EDGE_CURVE('',#3501,#3500,#2985,.T.);
#4349=EDGE_CURVE('',#3502,#3501,#1874,.T.);
#4350=EDGE_CURVE('',#3426,#3502,#1875,.T.);
#4351=EDGE_CURVE('',#3494,#3492,#1876,.T.);
#4352=EDGE_CURVE('',#3491,#3502,#1877,.T.);
#4353=EDGE_CURVE('',#3419,#3503,#1878,.T.);
#4354=EDGE_CURVE('',#3503,#3503,#2986,.T.);
#4355=EDGE_CURVE('',#3504,#3502,#1879,.T.);
#4356=EDGE_CURVE('',#3505,#3504,#1880,.T.);
#4357=EDGE_CURVE('',#3505,#3501,#1881,.T.);
#4358=EDGE_CURVE('',#3506,#3491,#1882,.T.);
#4359=EDGE_CURVE('',#3504,#3506,#1883,.T.);
#4360=EDGE_CURVE('',#3507,#3490,#1884,.T.);
#4361=EDGE_CURVE('',#3506,#3507,#1885,.T.);
#4362=EDGE_CURVE('',#3508,#3489,#1886,.T.);
#4363=EDGE_CURVE('',#3507,#3508,#1887,.T.);
#4364=EDGE_CURVE('',#3509,#3492,#1888,.T.);
#4365=EDGE_CURVE('',#3508,#3509,#1889,.T.);
#4366=EDGE_CURVE('',#3494,#3510,#1890,.T.);
#4367=EDGE_CURVE('',#3509,#3510,#1891,.T.);
#4368=EDGE_CURVE('',#3511,#3493,#1892,.T.);
#4369=EDGE_CURVE('',#3510,#3511,#1893,.T.);
#4370=EDGE_CURVE('',#3512,#3513,#2987,.T.);
#4371=EDGE_CURVE('',#3513,#3512,#2988,.T.);
#4372=EDGE_CURVE('',#3513,#3503,#1894,.T.);
#4373=EDGE_CURVE('',#3488,#3514,#1895,.T.);
#4374=EDGE_CURVE('',#3514,#3515,#2989,.T.);
#4375=EDGE_CURVE('',#3515,#3514,#2990,.T.);
#4376=EDGE_CURVE('',#3516,#3517,#2991,.T.);
#4377=EDGE_CURVE('',#3518,#3516,#1896,.T.);
#4378=EDGE_CURVE('',#3519,#3518,#2992,.T.);
#4379=EDGE_CURVE('',#3519,#3520,#2993,.T.);
#4380=EDGE_CURVE('',#3520,#3521,#1897,.T.);
#4381=EDGE_CURVE('',#3522,#3521,#2994,.T.);
#4382=EDGE_CURVE('',#3523,#3522,#2995,.T.);
#4383=EDGE_CURVE('',#3459,#3523,#2996,.T.);
#4384=EDGE_CURVE('',#3524,#3458,#2997,.T.);
#4385=EDGE_CURVE('',#3525,#3524,#1898,.T.);
#4386=EDGE_CURVE('',#3526,#3525,#2998,.T.);
#4387=EDGE_CURVE('',#3527,#3526,#1899,.T.);
#4388=EDGE_CURVE('',#3528,#3527,#2999,.T.);
#4389=EDGE_CURVE('',#3529,#3528,#1900,.T.);
#4390=EDGE_CURVE('',#3530,#3529,#1901,.T.);
#4391=EDGE_CURVE('',#3531,#3530,#1902,.T.);
#4392=EDGE_CURVE('',#3532,#3531,#1903,.T.);
#4393=EDGE_CURVE('',#3533,#3532,#1904,.T.);
#4394=EDGE_CURVE('',#3534,#3533,#1905,.T.);
#4395=EDGE_CURVE('',#3517,#3534,#1906,.T.);
#4396=EDGE_CURVE('',#3535,#3535,#3000,.T.);
#4397=EDGE_CURVE('',#3514,#3536,#3001,.T.);
#4398=EDGE_CURVE('',#3537,#3515,#3002,.T.);
#4399=EDGE_CURVE('',#3515,#3537,#3003,.T.);
#4400=EDGE_CURVE('',#3536,#3514,#3004,.T.);
#4401=EDGE_CURVE('',#3538,#3538,#3005,.T.);
#4402=EDGE_CURVE('',#3539,#3539,#3006,.T.);
#4403=EDGE_CURVE('',#3540,#3540,#3007,.T.);
#4404=EDGE_CURVE('',#3541,#3541,#3008,.T.);
#4405=EDGE_CURVE('',#3542,#3542,#3009,.T.);
#4406=EDGE_CURVE('',#3542,#3535,#1907,.T.);
#4407=EDGE_CURVE('',#3478,#3542,#1908,.T.);
#4408=EDGE_CURVE('',#3543,#3543,#3010,.T.);
#4409=EDGE_CURVE('',#3543,#3541,#1909,.T.);
#4410=EDGE_CURVE('',#3480,#3543,#1910,.T.);
#4411=EDGE_CURVE('',#3544,#3544,#3011,.T.);
#4412=EDGE_CURVE('',#3544,#3537,#1911,.T.);
#4413=EDGE_CURVE('',#3482,#3544,#1912,.T.);
#4414=EDGE_CURVE('',#3545,#3545,#3012,.T.);
#4415=EDGE_CURVE('',#3545,#3540,#1913,.T.);
#4416=EDGE_CURVE('',#3484,#3545,#1914,.T.);
#4417=EDGE_CURVE('',#3546,#3546,#3013,.T.);
#4418=EDGE_CURVE('',#3546,#3536,#1915,.T.);
#4419=EDGE_CURVE('',#3486,#3546,#1916,.T.);
#4420=EDGE_CURVE('',#3517,#3547,#60,.T.);
#4421=EDGE_CURVE('',#3547,#3512,#1917,.T.);
#4422=EDGE_CURVE('',#3547,#3516,#61,.T.);
#4423=EDGE_CURVE('',#3548,#3548,#3014,.T.);
#4424=EDGE_CURVE('',#3548,#3522,#1918,.T.);
#4425=EDGE_CURVE('',#3549,#3521,#62,.T.);
#4426=EDGE_CURVE('',#3523,#3549,#29,.F.);
#4427=EDGE_CURVE('',#3474,#3548,#1919,.T.);
#4428=EDGE_CURVE('',#3550,#3550,#3015,.T.);
#4429=EDGE_CURVE('',#3550,#3538,#1920,.T.);
#4430=EDGE_CURVE('',#3472,#3550,#1921,.T.);
#4431=EDGE_CURVE('',#3551,#3551,#3016,.T.);
#4432=EDGE_CURVE('',#3551,#3539,#1922,.T.);
#4433=EDGE_CURVE('',#3476,#3551,#1923,.T.);
#4434=EDGE_CURVE('',#3524,#3552,#42,.F.);
#4435=EDGE_CURVE('',#3552,#3553,#1924,.T.);
#4436=EDGE_CURVE('',#3553,#3525,#1925,.T.);
#4437=EDGE_CURVE('',#3554,#3526,#1926,.T.);
#4438=EDGE_CURVE('',#3553,#3554,#3017,.T.);
#4439=EDGE_CURVE('',#3555,#3527,#1927,.T.);
#4440=EDGE_CURVE('',#3554,#3555,#1928,.T.);
#4441=EDGE_CURVE('',#3505,#3528,#1929,.T.);
#4442=EDGE_CURVE('',#3555,#3505,#3018,.T.);
#4443=EDGE_CURVE('',#3504,#3529,#1930,.T.);
#4444=EDGE_CURVE('',#3506,#3530,#1931,.T.);
#4445=EDGE_CURVE('',#3507,#3531,#1932,.T.);
#4446=EDGE_CURVE('',#3508,#3532,#1933,.T.);
#4447=EDGE_CURVE('',#3509,#3533,#1934,.T.);
#4448=EDGE_CURVE('',#3534,#3510,#1935,.T.);
#4449=EDGE_CURVE('',#3511,#3518,#1936,.T.);
#4450=EDGE_CURVE('',#3556,#3519,#1937,.T.);
#4451=EDGE_CURVE('',#3511,#3556,#3019,.T.);
#4452=EDGE_CURVE('',#3557,#3519,#30,.F.);
#4453=EDGE_CURVE('',#3556,#3558,#31,.T.);
#4454=EDGE_CURVE('',#3558,#3557,#1938,.T.);
#4455=EDGE_CURVE('',#3559,#3557,#43,.F.);
#4456=EDGE_CURVE('',#3558,#3559,#1939,.T.);
#4457=EDGE_CURVE('',#3554,#3499,#1940,.T.);
#4458=EDGE_CURVE('',#3553,#3498,#1941,.T.);
#4459=EDGE_CURVE('',#3552,#3560,#1942,.T.);
#4460=EDGE_CURVE('',#3561,#3560,#1943,.T.);
#4461=EDGE_CURVE('',#3561,#3497,#1944,.T.);
#4462=EDGE_CURVE('',#3562,#3414,#1945,.T.);
#4463=EDGE_CURVE('',#3562,#3562,#32,.T.);
#4464=EDGE_CURVE('',#3563,#3563,#3020,.T.);
#4465=EDGE_CURVE('',#3563,#3562,#1946,.T.);
#4466=EDGE_CURVE('',#3564,#3496,#1947,.T.);
#4467=EDGE_CURVE('',#3565,#3564,#1948,.T.);
#4468=EDGE_CURVE('',#3559,#3565,#1949,.T.);
#4469=EDGE_CURVE('',#3558,#3495,#1950,.T.);
#4470=EDGE_CURVE('',#3566,#3565,#1951,.T.);
#4471=EDGE_CURVE('',#3564,#3567,#1952,.T.);
#4472=EDGE_CURVE('',#3567,#3566,#1953,.T.);
#4473=EDGE_CURVE('',#3568,#3569,#1954,.T.);
#4474=EDGE_CURVE('',#3569,#3565,#3021,.T.);
#4475=EDGE_CURVE('',#3566,#3568,#3022,.T.);
#4476=EDGE_CURVE('',#3570,#3571,#1955,.T.);
#4477=EDGE_CURVE('',#3571,#3569,#1956,.T.);
#4478=EDGE_CURVE('',#3568,#3570,#1957,.T.);
#4479=EDGE_CURVE('',#3570,#3572,#3023,.T.);
#4480=EDGE_CURVE('',#3572,#3457,#1958,.T.);
#4481=EDGE_CURVE('',#3457,#3571,#3024,.T.);
#4482=EDGE_CURVE('',#3573,#3456,#1959,.T.);
#4483=EDGE_CURVE('',#3572,#3573,#1960,.T.);
#4484=EDGE_CURVE('',#3573,#3574,#3025,.T.);
#4485=EDGE_CURVE('',#3574,#3560,#1961,.T.);
#4486=EDGE_CURVE('',#3560,#3456,#3026,.T.);
#4487=EDGE_CURVE('',#3575,#3561,#1962,.T.);
#4488=EDGE_CURVE('',#3574,#3575,#1963,.T.);
#4489=EDGE_CURVE('',#3564,#3561,#3027,.T.);
#4490=EDGE_CURVE('',#3575,#3567,#3028,.T.);
#4491=EDGE_CURVE('',#3576,#3576,#3029,.T.);
#4492=EDGE_CURVE('',#3452,#3576,#1964,.T.);
#4493=EDGE_CURVE('',#3555,#3500,#1965,.T.);
#4494=EDGE_CURVE('',#3520,#3569,#1966,.T.);
#4495=EDGE_CURVE('',#3549,#3571,#1967,.T.);
#4496=EDGE_CURVE('',#3577,#3578,#63,.F.);
#4497=EDGE_CURVE('',#3579,#3577,#3030,.T.);
#4498=EDGE_CURVE('',#3580,#3579,#64,.F.);
#4499=EDGE_CURVE('',#3581,#3580,#3031,.T.);
#4500=EDGE_CURVE('',#3578,#3581,#3032,.T.);
#4501=EDGE_CURVE('',#3581,#3582,#1968,.T.);
#4502=EDGE_CURVE('',#3582,#3582,#3033,.T.);
#4503=EDGE_CURVE('',#3583,#3580,#1969,.T.);
#4504=EDGE_CURVE('',#3584,#3583,#44,.T.);
#4505=EDGE_CURVE('',#3578,#3584,#1970,.T.);
#4506=EDGE_CURVE('',#3585,#3585,#33,.T.);
#4507=EDGE_CURVE('',#3586,#3586,#34,.T.);
#4508=EDGE_CURVE('',#3579,#3577,#1971,.T.);
#4509=EDGE_CURVE('',#3584,#3583,#1972,.T.);
#4510=EDGE_CURVE('',#3587,#3587,#3034,.T.);
#4511=EDGE_CURVE('',#3587,#3588,#1973,.T.);
#4512=EDGE_CURVE('',#3588,#3588,#3035,.T.);
#4513=EDGE_CURVE('',#3589,#3590,#1974,.T.);
#4514=EDGE_CURVE('',#3590,#3591,#3036,.T.);
#4515=EDGE_CURVE('',#3591,#3592,#1975,.T.);
#4516=EDGE_CURVE('',#3592,#3593,#3037,.T.);
#4517=EDGE_CURVE('',#3593,#3594,#1976,.T.);
#4518=EDGE_CURVE('',#3594,#3595,#3038,.T.);
#4519=EDGE_CURVE('',#3595,#3596,#1977,.T.);
#4520=EDGE_CURVE('',#3596,#3597,#3039,.T.);
#4521=EDGE_CURVE('',#3597,#3598,#1978,.T.);
#4522=EDGE_CURVE('',#3598,#3599,#1979,.T.);
#4523=EDGE_CURVE('',#3599,#3600,#1980,.T.);
#4524=EDGE_CURVE('',#3600,#3601,#1981,.T.);
#4525=EDGE_CURVE('',#3601,#3602,#1982,.T.);
#4526=EDGE_CURVE('',#3602,#3603,#1983,.T.);
#4527=EDGE_CURVE('',#3603,#3604,#1984,.T.);
#4528=EDGE_CURVE('',#3604,#3605,#3040,.T.);
#4529=EDGE_CURVE('',#3605,#3589,#3041,.T.);
#4530=EDGE_CURVE('',#3606,#3606,#3042,.T.);
#4531=EDGE_CURVE('',#3607,#3607,#3043,.T.);
#4532=EDGE_CURVE('',#3608,#3608,#3044,.T.);
#4533=EDGE_CURVE('',#3609,#3609,#3045,.T.);
#4534=EDGE_CURVE('',#3610,#3610,#3046,.T.);
#4535=EDGE_CURVE('',#3611,#3611,#3047,.F.);
#4536=EDGE_CURVE('',#3612,#3612,#3048,.T.);
#4537=EDGE_CURVE('',#3613,#3613,#3049,.T.);
#4538=EDGE_CURVE('',#3614,#3614,#3050,.T.);
#4539=EDGE_CURVE('',#3587,#3615,#1985,.T.);
#4540=EDGE_CURVE('',#3615,#3615,#3051,.T.);
#4541=EDGE_CURVE('',#3606,#3616,#1986,.T.);
#4542=EDGE_CURVE('',#3616,#3616,#3052,.T.);
#4543=EDGE_CURVE('',#3617,#3617,#3053,.T.);
#4544=EDGE_CURVE('',#3617,#3616,#1987,.T.);
#4545=EDGE_CURVE('',#3614,#3618,#1988,.T.);
#4546=EDGE_CURVE('',#3618,#3618,#3054,.T.);
#4547=EDGE_CURVE('',#3619,#3619,#3055,.T.);
#4548=EDGE_CURVE('',#3619,#3618,#1989,.T.);
#4549=EDGE_CURVE('',#3607,#3620,#1990,.T.);
#4550=EDGE_CURVE('',#3620,#3620,#3056,.T.);
#4551=EDGE_CURVE('',#3621,#3621,#3057,.T.);
#4552=EDGE_CURVE('',#3621,#3620,#1991,.T.);
#4553=EDGE_CURVE('',#3622,#3585,#1992,.T.);
#4554=EDGE_CURVE('',#3623,#3622,#35,.T.);
#4555=EDGE_CURVE('',#3622,#3623,#36,.T.);
#4556=EDGE_CURVE('',#3623,#3624,#1993,.T.);
#4557=EDGE_CURVE('',#3624,#3624,#3058,.T.);
#4558=EDGE_CURVE('',#3625,#3625,#3059,.T.);
#4559=EDGE_CURVE('',#3625,#3626,#1994,.T.);
#4560=EDGE_CURVE('',#3626,#3626,#3060,.T.);
#4561=EDGE_CURVE('',#3627,#3627,#3061,.T.);
#4562=EDGE_CURVE('',#3627,#3626,#1995,.T.);
#4563=EDGE_CURVE('',#3628,#3629,#1996,.T.);
#4564=EDGE_CURVE('',#3630,#3629,#1997,.T.);
#4565=EDGE_CURVE('',#3630,#3631,#1998,.T.);
#4566=EDGE_CURVE('',#3631,#3628,#1999,.T.);
#4567=EDGE_CURVE('',#3632,#3632,#3062,.T.);
#4568=EDGE_CURVE('',#3632,#3627,#2000,.T.);
#4569=EDGE_CURVE('',#3613,#3633,#2001,.T.);
#4570=EDGE_CURVE('',#3633,#3633,#3063,.T.);
#4571=EDGE_CURVE('',#3634,#3634,#3064,.T.);
#4572=EDGE_CURVE('',#3634,#3633,#2002,.T.);
#4573=EDGE_CURVE('',#3608,#3635,#2003,.T.);
#4574=EDGE_CURVE('',#3635,#3635,#3065,.T.);
#4575=EDGE_CURVE('',#3636,#3636,#3066,.T.);
#4576=EDGE_CURVE('',#3636,#3635,#2004,.T.);
#4577=EDGE_CURVE('',#3612,#3637,#2005,.T.);
#4578=EDGE_CURVE('',#3637,#3637,#3067,.T.);
#4579=EDGE_CURVE('',#3638,#3638,#3068,.T.);
#4580=EDGE_CURVE('',#3638,#3637,#2006,.T.);
#4581=EDGE_CURVE('',#3609,#3639,#2007,.T.);
#4582=EDGE_CURVE('',#3639,#3639,#3069,.T.);
#4583=EDGE_CURVE('',#3640,#3640,#3070,.T.);
#4584=EDGE_CURVE('',#3640,#3639,#2008,.T.);
#4585=EDGE_CURVE('',#3641,#3641,#3071,.T.);
#4586=EDGE_CURVE('',#3641,#3615,#2009,.T.);
#4587=EDGE_CURVE('',#3642,#3642,#3072,.T.);
#4588=EDGE_CURVE('',#3642,#3643,#2010,.T.);
#4589=EDGE_CURVE('',#3643,#3643,#3073,.T.);
#4590=EDGE_CURVE('',#3642,#3611,#2011,.T.);
#4591=EDGE_CURVE('',#3644,#3644,#3074,.T.);
#4592=EDGE_CURVE('',#3640,#3645,#2012,.T.);
#4593=EDGE_CURVE('',#3645,#3645,#3075,.T.);
#4594=EDGE_CURVE('',#3646,#3646,#3076,.T.);
#4595=EDGE_CURVE('',#3617,#3647,#2013,.T.);
#4596=EDGE_CURVE('',#3647,#3647,#3077,.T.);
#4597=EDGE_CURVE('',#3648,#3648,#3078,.T.);
#4598=EDGE_CURVE('',#3636,#3649,#2014,.T.);
#4599=EDGE_CURVE('',#3649,#3649,#3079,.T.);
#4600=EDGE_CURVE('',#3650,#3650,#3080,.T.);
#4601=EDGE_CURVE('',#3619,#3651,#2015,.T.);
#4602=EDGE_CURVE('',#3651,#3651,#3081,.T.);
#4603=EDGE_CURVE('',#3652,#3652,#3082,.T.);
#4604=EDGE_CURVE('',#3634,#3653,#2016,.T.);
#4605=EDGE_CURVE('',#3653,#3653,#3083,.T.);
#4606=EDGE_CURVE('',#3654,#3654,#3084,.T.);
#4607=EDGE_CURVE('',#3621,#3655,#2017,.T.);
#4608=EDGE_CURVE('',#3655,#3655,#3085,.T.);
#4609=EDGE_CURVE('',#3656,#3656,#3086,.T.);
#4610=EDGE_CURVE('',#3641,#3657,#2018,.T.);
#4611=EDGE_CURVE('',#3657,#3657,#3087,.T.);
#4612=EDGE_CURVE('',#3658,#3658,#3088,.T.);
#4613=EDGE_CURVE('',#3610,#3659,#2019,.T.);
#4614=EDGE_CURVE('',#3659,#3659,#3089,.T.);
#4615=EDGE_CURVE('',#3660,#3660,#3090,.T.);
#4616=EDGE_CURVE('',#3660,#3659,#2020,.T.);
#4617=EDGE_CURVE('',#3600,#3661,#2021,.T.);
#4618=EDGE_CURVE('',#3662,#3661,#2022,.T.);
#4619=EDGE_CURVE('',#3601,#3662,#2023,.T.);
#4620=EDGE_CURVE('',#3661,#3663,#2024,.T.);
#4621=EDGE_CURVE('',#3663,#3599,#2025,.T.);
#4622=EDGE_CURVE('',#3664,#3662,#2026,.T.);
#4623=EDGE_CURVE('',#3602,#3664,#2027,.T.);
#4624=EDGE_CURVE('',#3604,#3589,#65,.T.);
#4625=EDGE_CURVE('',#3665,#3603,#2028,.T.);
#4626=EDGE_CURVE('',#3666,#3665,#2029,.T.);
#4627=EDGE_CURVE('',#3590,#3666,#2030,.T.);
#4628=EDGE_CURVE('',#3667,#3666,#3091,.T.);
#4629=EDGE_CURVE('',#3591,#3667,#2031,.T.);
#4630=EDGE_CURVE('',#3668,#3667,#2032,.T.);
#4631=EDGE_CURVE('',#3592,#3668,#2033,.T.);
#4632=EDGE_CURVE('',#3669,#3668,#3092,.T.);
#4633=EDGE_CURVE('',#3593,#3669,#2034,.T.);
#4634=EDGE_CURVE('',#3594,#3670,#2035,.T.);
#4635=EDGE_CURVE('',#3670,#3669,#2036,.T.);
#4636=EDGE_CURVE('',#3595,#3671,#2037,.T.);
#4637=EDGE_CURVE('',#3671,#3670,#3093,.T.);
#4638=EDGE_CURVE('',#3596,#3672,#2038,.T.);
#4639=EDGE_CURVE('',#3672,#3671,#2039,.T.);
#4640=EDGE_CURVE('',#3597,#3673,#2040,.T.);
#4641=EDGE_CURVE('',#3673,#3672,#3094,.T.);
#4642=EDGE_CURVE('',#3674,#3673,#2041,.T.);
#4643=EDGE_CURVE('',#3598,#3674,#2042,.T.);
#4644=EDGE_CURVE('',#3665,#3664,#2043,.T.);
#4645=EDGE_CURVE('',#3663,#3674,#2044,.T.);
#4646=EDGE_CURVE('',#3605,#3675,#2045,.T.);
#4647=EDGE_CURVE('',#3675,#3675,#3095,.T.);
#4648=EDGE_CURVE('',#3676,#3673,#2046,.T.);
#4649=EDGE_CURVE('',#3676,#3677,#2047,.T.);
#4650=EDGE_CURVE('',#3677,#3674,#2048,.T.);
#4651=EDGE_CURVE('',#3677,#3678,#2049,.T.);
#4652=EDGE_CURVE('',#3678,#3663,#2050,.T.);
#4653=EDGE_CURVE('',#3678,#3679,#2051,.T.);
#4654=EDGE_CURVE('',#3679,#3661,#2052,.T.);
#4655=EDGE_CURVE('',#3679,#3680,#2053,.T.);
#4656=EDGE_CURVE('',#3680,#3662,#2054,.T.);
#4657=EDGE_CURVE('',#3680,#3681,#2055,.T.);
#4658=EDGE_CURVE('',#3681,#3664,#2056,.T.);
#4659=EDGE_CURVE('',#3681,#3682,#2057,.T.);
#4660=EDGE_CURVE('',#3665,#3682,#2058,.T.);
#4661=EDGE_CURVE('',#3682,#3683,#2059,.T.);
#4662=EDGE_CURVE('',#3683,#3666,#2060,.T.);
#4663=EDGE_CURVE('',#3684,#3685,#3096,.T.);
#4664=EDGE_CURVE('',#3685,#3675,#2061,.T.);
#4665=EDGE_CURVE('',#3685,#3684,#3097,.T.);
#4666=EDGE_CURVE('',#3660,#3686,#2062,.T.);
#4667=EDGE_CURVE('',#3687,#3686,#3098,.T.);
#4668=EDGE_CURVE('',#3686,#3687,#3099,.T.);
#4669=EDGE_CURVE('',#3688,#3689,#3100,.T.);
#4670=EDGE_CURVE('',#3689,#3690,#2063,.T.);
#4671=EDGE_CURVE('',#3690,#3691,#2064,.T.);
#4672=EDGE_CURVE('',#3691,#3692,#2065,.T.);
#4673=EDGE_CURVE('',#3692,#3693,#2066,.T.);
#4674=EDGE_CURVE('',#3693,#3694,#2067,.T.);
#4675=EDGE_CURVE('',#3694,#3695,#2068,.T.);
#4676=EDGE_CURVE('',#3695,#3696,#2069,.T.);
#4677=EDGE_CURVE('',#3696,#3697,#3101,.T.);
#4678=EDGE_CURVE('',#3697,#3698,#2070,.T.);
#4679=EDGE_CURVE('',#3698,#3699,#3102,.T.);
#4680=EDGE_CURVE('',#3699,#3700,#2071,.T.);
#4681=EDGE_CURVE('',#3700,#3631,#3103,.T.);
#4682=EDGE_CURVE('',#3630,#3701,#3104,.T.);
#4683=EDGE_CURVE('',#3701,#3702,#3105,.T.);
#4684=EDGE_CURVE('',#3702,#3703,#3106,.T.);
#4685=EDGE_CURVE('',#3704,#3703,#2072,.T.);
#4686=EDGE_CURVE('',#3705,#3704,#3107,.T.);
#4687=EDGE_CURVE('',#3705,#3706,#3108,.T.);
#4688=EDGE_CURVE('',#3706,#3688,#2073,.T.);
#4689=EDGE_CURVE('',#3707,#3707,#3109,.T.);
#4690=EDGE_CURVE('',#3686,#3708,#3110,.T.);
#4691=EDGE_CURVE('',#3708,#3686,#3111,.T.);
#4692=EDGE_CURVE('',#3687,#3709,#3112,.T.);
#4693=EDGE_CURVE('',#3709,#3687,#3113,.T.);
#4694=EDGE_CURVE('',#3710,#3710,#3114,.T.);
#4695=EDGE_CURVE('',#3711,#3711,#3115,.T.);
#4696=EDGE_CURVE('',#3712,#3712,#3116,.T.);
#4697=EDGE_CURVE('',#3713,#3713,#3117,.T.);
#4698=EDGE_CURVE('',#3714,#3714,#3118,.T.);
#4699=EDGE_CURVE('',#3714,#3707,#2074,.T.);
#4700=EDGE_CURVE('',#3650,#3714,#2075,.T.);
#4701=EDGE_CURVE('',#3715,#3715,#3119,.T.);
#4702=EDGE_CURVE('',#3715,#3713,#2076,.T.);
#4703=EDGE_CURVE('',#3652,#3715,#2077,.T.);
#4704=EDGE_CURVE('',#3716,#3716,#3120,.T.);
#4705=EDGE_CURVE('',#3716,#3709,#2078,.T.);
#4706=EDGE_CURVE('',#3654,#3716,#2079,.T.);
#4707=EDGE_CURVE('',#3717,#3717,#3121,.T.);
#4708=EDGE_CURVE('',#3717,#3712,#2080,.T.);
#4709=EDGE_CURVE('',#3656,#3717,#2081,.T.);
#4710=EDGE_CURVE('',#3718,#3718,#3122,.T.);
#4711=EDGE_CURVE('',#3718,#3708,#2082,.T.);
#4712=EDGE_CURVE('',#3658,#3718,#2083,.T.);
#4713=EDGE_CURVE('',#3689,#3719,#66,.T.);
#4714=EDGE_CURVE('',#3719,#3688,#67,.T.);
#4715=EDGE_CURVE('',#3719,#3684,#2084,.T.);
#4716=EDGE_CURVE('',#3720,#3720,#3123,.T.);
#4717=EDGE_CURVE('',#3720,#3702,#2085,.T.);
#4718=EDGE_CURVE('',#3701,#3721,#37,.F.);
#4719=EDGE_CURVE('',#3721,#3703,#68,.T.);
#4720=EDGE_CURVE('',#3646,#3720,#2086,.T.);
#4721=EDGE_CURVE('',#3722,#3722,#3124,.T.);
#4722=EDGE_CURVE('',#3722,#3710,#2087,.T.);
#4723=EDGE_CURVE('',#3644,#3722,#2088,.T.);
#4724=EDGE_CURVE('',#3723,#3723,#3125,.T.);
#4725=EDGE_CURVE('',#3723,#3711,#2089,.T.);
#4726=EDGE_CURVE('',#3648,#3723,#2090,.T.);
#4727=EDGE_CURVE('',#3700,#3724,#45,.F.);
#4728=EDGE_CURVE('',#3725,#3699,#2091,.T.);
#4729=EDGE_CURVE('',#3724,#3725,#2092,.T.);
#4730=EDGE_CURVE('',#3726,#3698,#2093,.T.);
#4731=EDGE_CURVE('',#3725,#3726,#3126,.T.);
#4732=EDGE_CURVE('',#3727,#3697,#2094,.T.);
#4733=EDGE_CURVE('',#3726,#3727,#2095,.T.);
#4734=EDGE_CURVE('',#3676,#3696,#2096,.T.);
#4735=EDGE_CURVE('',#3727,#3676,#3127,.T.);
#4736=EDGE_CURVE('',#3677,#3695,#2097,.T.);
#4737=EDGE_CURVE('',#3678,#3694,#2098,.T.);
#4738=EDGE_CURVE('',#3679,#3693,#2099,.T.);
#4739=EDGE_CURVE('',#3680,#3692,#2100,.T.);
#4740=EDGE_CURVE('',#3681,#3691,#2101,.T.);
#4741=EDGE_CURVE('',#3683,#3706,#2102,.T.);
#4742=EDGE_CURVE('',#3690,#3682,#2103,.T.);
#4743=EDGE_CURVE('',#3728,#3705,#2104,.T.);
#4744=EDGE_CURVE('',#3683,#3728,#3128,.T.);
#4745=EDGE_CURVE('',#3729,#3705,#38,.F.);
#4746=EDGE_CURVE('',#3730,#3729,#2105,.T.);
#4747=EDGE_CURVE('',#3728,#3730,#39,.T.);
#4748=EDGE_CURVE('',#3731,#3729,#46,.F.);
#4749=EDGE_CURVE('',#3730,#3731,#2106,.T.);
#4750=EDGE_CURVE('',#3725,#3670,#2107,.T.);
#4751=EDGE_CURVE('',#3726,#3671,#2108,.T.);
#4752=EDGE_CURVE('',#3732,#3669,#2109,.T.);
#4753=EDGE_CURVE('',#3732,#3733,#2110,.T.);
#4754=EDGE_CURVE('',#3724,#3733,#2111,.T.);
#4755=EDGE_CURVE('',#3734,#3586,#2112,.T.);
#4756=EDGE_CURVE('',#3734,#3734,#40,.T.);
#4757=EDGE_CURVE('',#3735,#3735,#3129,.T.);
#4758=EDGE_CURVE('',#3735,#3734,#2113,.T.);
#4759=EDGE_CURVE('',#3730,#3667,#2114,.T.);
#4760=EDGE_CURVE('',#3731,#3736,#2115,.T.);
#4761=EDGE_CURVE('',#3736,#3737,#2116,.T.);
#4762=EDGE_CURVE('',#3737,#3668,#2117,.T.);
#4763=EDGE_CURVE('',#3738,#3736,#2118,.T.);
#4764=EDGE_CURVE('',#3739,#3738,#2119,.T.);
#4765=EDGE_CURVE('',#3737,#3739,#2120,.T.);
#4766=EDGE_CURVE('',#3740,#3741,#2121,.T.);
#4767=EDGE_CURVE('',#3738,#3740,#3130,.T.);
#4768=EDGE_CURVE('',#3741,#3736,#3131,.T.);
#4769=EDGE_CURVE('',#3742,#3743,#2122,.T.);
#4770=EDGE_CURVE('',#3740,#3742,#2123,.T.);
#4771=EDGE_CURVE('',#3743,#3741,#2124,.T.);
#4772=EDGE_CURVE('',#3629,#3743,#3132,.T.);
#4773=EDGE_CURVE('',#3744,#3629,#2125,.T.);
#4774=EDGE_CURVE('',#3742,#3744,#3133,.T.);
#4775=EDGE_CURVE('',#3745,#3628,#2126,.T.);
#4776=EDGE_CURVE('',#3744,#3745,#2127,.T.);
#4777=EDGE_CURVE('',#3733,#3628,#3134,.T.);
#4778=EDGE_CURVE('',#3746,#3733,#2128,.T.);
#4779=EDGE_CURVE('',#3745,#3746,#3135,.T.);
#4780=EDGE_CURVE('',#3747,#3732,#2129,.T.);
#4781=EDGE_CURVE('',#3746,#3747,#2130,.T.);
#4782=EDGE_CURVE('',#3747,#3739,#3136,.T.);
#4783=EDGE_CURVE('',#3737,#3732,#3137,.T.);
#4784=EDGE_CURVE('',#3748,#3748,#3138,.T.);
#4785=EDGE_CURVE('',#3624,#3748,#2131,.T.);
#4786=EDGE_CURVE('',#3727,#3672,#2132,.T.);
#4787=EDGE_CURVE('',#3704,#3741,#2133,.T.);
#4788=EDGE_CURVE('',#3721,#3743,#2134,.T.);
#4789=ORIENTED_EDGE('',*,*,#3749,.T.);
#4790=ORIENTED_EDGE('',*,*,#3750,.T.);
#4791=ORIENTED_EDGE('',*,*,#3751,.T.);
#4792=ORIENTED_EDGE('',*,*,#3750,.F.);
#4793=ORIENTED_EDGE('',*,*,#3752,.F.);
#4794=ORIENTED_EDGE('',*,*,#3751,.F.);
#4795=ORIENTED_EDGE('',*,*,#3749,.F.);
#4796=ORIENTED_EDGE('',*,*,#3753,.T.);
#4797=ORIENTED_EDGE('',*,*,#3754,.F.);
#4798=ORIENTED_EDGE('',*,*,#3753,.F.);
#4799=ORIENTED_EDGE('',*,*,#3755,.T.);
#4800=ORIENTED_EDGE('',*,*,#3756,.T.);
#4801=ORIENTED_EDGE('',*,*,#3757,.T.);
#4802=ORIENTED_EDGE('',*,*,#3756,.F.);
#4803=ORIENTED_EDGE('',*,*,#3758,.F.);
#4804=ORIENTED_EDGE('',*,*,#3757,.F.);
#4805=ORIENTED_EDGE('',*,*,#3755,.F.);
#4806=ORIENTED_EDGE('',*,*,#3759,.T.);
#4807=ORIENTED_EDGE('',*,*,#3760,.F.);
#4808=ORIENTED_EDGE('',*,*,#3759,.F.);
#4809=ORIENTED_EDGE('',*,*,#3761,.T.);
#4810=ORIENTED_EDGE('',*,*,#3762,.T.);
#4811=ORIENTED_EDGE('',*,*,#3763,.T.);
#4812=ORIENTED_EDGE('',*,*,#3762,.F.);
#4813=ORIENTED_EDGE('',*,*,#3764,.F.);
#4814=ORIENTED_EDGE('',*,*,#3763,.F.);
#4815=ORIENTED_EDGE('',*,*,#3761,.F.);
#4816=ORIENTED_EDGE('',*,*,#3765,.T.);
#4817=ORIENTED_EDGE('',*,*,#3766,.F.);
#4818=ORIENTED_EDGE('',*,*,#3765,.F.);
#4819=ORIENTED_EDGE('',*,*,#3767,.T.);
#4820=ORIENTED_EDGE('',*,*,#3768,.T.);
#4821=ORIENTED_EDGE('',*,*,#3769,.T.);
#4822=ORIENTED_EDGE('',*,*,#3768,.F.);
#4823=ORIENTED_EDGE('',*,*,#3770,.F.);
#4824=ORIENTED_EDGE('',*,*,#3769,.F.);
#4825=ORIENTED_EDGE('',*,*,#3767,.F.);
#4826=ORIENTED_EDGE('',*,*,#3771,.T.);
#4827=ORIENTED_EDGE('',*,*,#3772,.F.);
#4828=ORIENTED_EDGE('',*,*,#3771,.F.);
#4829=ORIENTED_EDGE('',*,*,#3764,.T.);
#4830=ORIENTED_EDGE('',*,*,#3773,.T.);
#4831=ORIENTED_EDGE('',*,*,#3774,.T.);
#4832=ORIENTED_EDGE('',*,*,#3773,.F.);
#4833=ORIENTED_EDGE('',*,*,#3775,.F.);
#4834=ORIENTED_EDGE('',*,*,#3776,.T.);
#4835=ORIENTED_EDGE('',*,*,#3774,.F.);
#4836=ORIENTED_EDGE('',*,*,#3776,.F.);
#4837=ORIENTED_EDGE('',*,*,#3752,.T.);
#4838=ORIENTED_EDGE('',*,*,#3777,.T.);
#4839=ORIENTED_EDGE('',*,*,#3778,.T.);
#4840=ORIENTED_EDGE('',*,*,#3777,.F.);
#4841=ORIENTED_EDGE('',*,*,#3779,.F.);
#4842=ORIENTED_EDGE('',*,*,#3780,.T.);
#4843=ORIENTED_EDGE('',*,*,#3778,.F.);
#4844=ORIENTED_EDGE('',*,*,#3780,.F.);
#4845=ORIENTED_EDGE('',*,*,#3758,.T.);
#4846=ORIENTED_EDGE('',*,*,#3781,.T.);
#4847=ORIENTED_EDGE('',*,*,#3782,.T.);
#4848=ORIENTED_EDGE('',*,*,#3781,.F.);
#4849=ORIENTED_EDGE('',*,*,#3783,.F.);
#4850=ORIENTED_EDGE('',*,*,#3784,.T.);
#4851=ORIENTED_EDGE('',*,*,#3782,.F.);
#4852=ORIENTED_EDGE('',*,*,#3784,.F.);
#4853=ORIENTED_EDGE('',*,*,#3770,.T.);
#4854=ORIENTED_EDGE('',*,*,#3785,.T.);
#4855=ORIENTED_EDGE('',*,*,#3786,.T.);
#4856=ORIENTED_EDGE('',*,*,#3785,.F.);
#4857=ORIENTED_EDGE('',*,*,#3787,.F.);
#4858=ORIENTED_EDGE('',*,*,#3788,.T.);
#4859=ORIENTED_EDGE('',*,*,#3786,.F.);
#4860=ORIENTED_EDGE('',*,*,#3788,.F.);
#4861=ORIENTED_EDGE('',*,*,#3789,.T.);
#4862=ORIENTED_EDGE('',*,*,#3790,.T.);
#4863=ORIENTED_EDGE('',*,*,#3791,.T.);
#4864=ORIENTED_EDGE('',*,*,#3792,.T.);
#4865=ORIENTED_EDGE('',*,*,#3790,.F.);
#4866=ORIENTED_EDGE('',*,*,#3793,.F.);
#4867=ORIENTED_EDGE('',*,*,#3794,.F.);
#4868=ORIENTED_EDGE('',*,*,#3795,.F.);
#4869=ORIENTED_EDGE('',*,*,#3796,.F.);
#4870=ORIENTED_EDGE('',*,*,#3797,.F.);
#4871=ORIENTED_EDGE('',*,*,#3798,.F.);
#4872=ORIENTED_EDGE('',*,*,#3799,.F.);
#4873=ORIENTED_EDGE('',*,*,#3800,.F.);
#4874=ORIENTED_EDGE('',*,*,#3801,.F.);
#4875=ORIENTED_EDGE('',*,*,#3802,.F.);
#4876=ORIENTED_EDGE('',*,*,#3803,.F.);
#4877=ORIENTED_EDGE('',*,*,#3804,.F.);
#4878=ORIENTED_EDGE('',*,*,#3805,.F.);
#4879=ORIENTED_EDGE('',*,*,#3806,.F.);
#4880=ORIENTED_EDGE('',*,*,#3807,.F.);
#4881=ORIENTED_EDGE('',*,*,#3808,.F.);
#4882=ORIENTED_EDGE('',*,*,#3809,.F.);
#4883=ORIENTED_EDGE('',*,*,#3810,.F.);
#4884=ORIENTED_EDGE('',*,*,#3811,.F.);
#4885=ORIENTED_EDGE('',*,*,#3812,.F.);
#4886=ORIENTED_EDGE('',*,*,#3813,.F.);
#4887=ORIENTED_EDGE('',*,*,#3814,.F.);
#4888=ORIENTED_EDGE('',*,*,#3815,.F.);
#4889=ORIENTED_EDGE('',*,*,#3816,.F.);
#4890=ORIENTED_EDGE('',*,*,#3789,.F.);
#4891=ORIENTED_EDGE('',*,*,#3791,.F.);
#4892=ORIENTED_EDGE('',*,*,#3792,.F.);
#4893=ORIENTED_EDGE('',*,*,#3817,.T.);
#4894=ORIENTED_EDGE('',*,*,#3818,.T.);
#4895=ORIENTED_EDGE('',*,*,#3817,.F.);
#4896=ORIENTED_EDGE('',*,*,#3807,.T.);
#4897=ORIENTED_EDGE('',*,*,#3819,.T.);
#4898=ORIENTED_EDGE('',*,*,#3820,.T.);
#4899=ORIENTED_EDGE('',*,*,#3819,.F.);
#4900=ORIENTED_EDGE('',*,*,#3821,.F.);
#4901=ORIENTED_EDGE('',*,*,#3822,.T.);
#4902=ORIENTED_EDGE('',*,*,#3820,.F.);
#4903=ORIENTED_EDGE('',*,*,#3822,.F.);
#4904=ORIENTED_EDGE('',*,*,#3816,.T.);
#4905=ORIENTED_EDGE('',*,*,#3823,.T.);
#4906=ORIENTED_EDGE('',*,*,#3754,.T.);
#4907=ORIENTED_EDGE('',*,*,#3823,.F.);
#4908=ORIENTED_EDGE('',*,*,#3808,.T.);
#4909=ORIENTED_EDGE('',*,*,#3824,.T.);
#4910=ORIENTED_EDGE('',*,*,#3825,.T.);
#4911=ORIENTED_EDGE('',*,*,#3824,.F.);
#4912=ORIENTED_EDGE('',*,*,#3826,.F.);
#4913=ORIENTED_EDGE('',*,*,#3827,.T.);
#4914=ORIENTED_EDGE('',*,*,#3825,.F.);
#4915=ORIENTED_EDGE('',*,*,#3827,.F.);
#4916=ORIENTED_EDGE('',*,*,#3815,.T.);
#4917=ORIENTED_EDGE('',*,*,#3828,.T.);
#4918=ORIENTED_EDGE('',*,*,#3829,.T.);
#4919=ORIENTED_EDGE('',*,*,#3830,.T.);
#4920=ORIENTED_EDGE('',*,*,#3828,.F.);
#4921=ORIENTED_EDGE('',*,*,#3829,.F.);
#4922=ORIENTED_EDGE('',*,*,#3830,.F.);
#4923=ORIENTED_EDGE('',*,*,#3831,.T.);
#4924=ORIENTED_EDGE('',*,*,#3832,.T.);
#4925=ORIENTED_EDGE('',*,*,#3831,.F.);
#4926=ORIENTED_EDGE('',*,*,#3809,.T.);
#4927=ORIENTED_EDGE('',*,*,#3833,.T.);
#4928=ORIENTED_EDGE('',*,*,#3760,.T.);
#4929=ORIENTED_EDGE('',*,*,#3833,.F.);
#4930=ORIENTED_EDGE('',*,*,#3814,.T.);
#4931=ORIENTED_EDGE('',*,*,#3834,.T.);
#4932=ORIENTED_EDGE('',*,*,#3835,.T.);
#4933=ORIENTED_EDGE('',*,*,#3836,.T.);
#4934=ORIENTED_EDGE('',*,*,#3834,.F.);
#4935=ORIENTED_EDGE('',*,*,#3835,.F.);
#4936=ORIENTED_EDGE('',*,*,#3836,.F.);
#4937=ORIENTED_EDGE('',*,*,#3837,.T.);
#4938=ORIENTED_EDGE('',*,*,#3838,.T.);
#4939=ORIENTED_EDGE('',*,*,#3837,.F.);
#4940=ORIENTED_EDGE('',*,*,#3810,.T.);
#4941=ORIENTED_EDGE('',*,*,#3839,.T.);
#4942=ORIENTED_EDGE('',*,*,#3766,.T.);
#4943=ORIENTED_EDGE('',*,*,#3839,.F.);
#4944=ORIENTED_EDGE('',*,*,#3813,.T.);
#4945=ORIENTED_EDGE('',*,*,#3840,.T.);
#4946=ORIENTED_EDGE('',*,*,#3841,.T.);
#4947=ORIENTED_EDGE('',*,*,#3842,.T.);
#4948=ORIENTED_EDGE('',*,*,#3840,.F.);
#4949=ORIENTED_EDGE('',*,*,#3841,.F.);
#4950=ORIENTED_EDGE('',*,*,#3842,.F.);
#4951=ORIENTED_EDGE('',*,*,#3843,.T.);
#4952=ORIENTED_EDGE('',*,*,#3844,.T.);
#4953=ORIENTED_EDGE('',*,*,#3843,.F.);
#4954=ORIENTED_EDGE('',*,*,#3811,.T.);
#4955=ORIENTED_EDGE('',*,*,#3845,.T.);
#4956=ORIENTED_EDGE('',*,*,#3772,.T.);
#4957=ORIENTED_EDGE('',*,*,#3845,.F.);
#4958=ORIENTED_EDGE('',*,*,#3821,.T.);
#4959=ORIENTED_EDGE('',*,*,#3846,.T.);
#4960=ORIENTED_EDGE('',*,*,#3847,.T.);
#4961=ORIENTED_EDGE('',*,*,#3846,.F.);
#4962=ORIENTED_EDGE('',*,*,#3848,.T.);
#4963=ORIENTED_EDGE('',*,*,#3847,.F.);
#4964=ORIENTED_EDGE('',*,*,#3849,.T.);
#4965=ORIENTED_EDGE('',*,*,#3850,.T.);
#4966=ORIENTED_EDGE('',*,*,#3851,.T.);
#4967=ORIENTED_EDGE('',*,*,#3850,.F.);
#4968=ORIENTED_EDGE('',*,*,#3852,.F.);
#4969=ORIENTED_EDGE('',*,*,#3853,.F.);
#4970=ORIENTED_EDGE('',*,*,#3854,.F.);
#4971=ORIENTED_EDGE('',*,*,#3855,.F.);
#4972=ORIENTED_EDGE('',*,*,#3856,.F.);
#4973=ORIENTED_EDGE('',*,*,#3857,.F.);
#4974=ORIENTED_EDGE('',*,*,#3858,.F.);
#4975=ORIENTED_EDGE('',*,*,#3859,.F.);
#4976=ORIENTED_EDGE('',*,*,#3860,.F.);
#4977=ORIENTED_EDGE('',*,*,#3861,.F.);
#4978=ORIENTED_EDGE('',*,*,#3862,.F.);
#4979=ORIENTED_EDGE('',*,*,#3863,.F.);
#4980=ORIENTED_EDGE('',*,*,#3864,.F.);
#4981=ORIENTED_EDGE('',*,*,#3865,.F.);
#4982=ORIENTED_EDGE('',*,*,#3866,.F.);
#4983=ORIENTED_EDGE('',*,*,#3867,.F.);
#4984=ORIENTED_EDGE('',*,*,#3868,.F.);
#4985=ORIENTED_EDGE('',*,*,#3869,.F.);
#4986=ORIENTED_EDGE('',*,*,#3870,.F.);
#4987=ORIENTED_EDGE('',*,*,#3871,.F.);
#4988=ORIENTED_EDGE('',*,*,#3872,.F.);
#4989=ORIENTED_EDGE('',*,*,#3873,.F.);
#4990=ORIENTED_EDGE('',*,*,#3874,.F.);
#4991=ORIENTED_EDGE('',*,*,#3875,.F.);
#4992=ORIENTED_EDGE('',*,*,#3876,.F.);
#4993=ORIENTED_EDGE('',*,*,#3877,.F.);
#4994=ORIENTED_EDGE('',*,*,#3851,.F.);
#4995=ORIENTED_EDGE('',*,*,#3849,.F.);
#4996=ORIENTED_EDGE('',*,*,#3878,.T.);
#4997=ORIENTED_EDGE('',*,*,#3879,.T.);
#4998=ORIENTED_EDGE('',*,*,#3878,.F.);
#4999=ORIENTED_EDGE('',*,*,#3880,.T.);
#5000=ORIENTED_EDGE('',*,*,#3881,.T.);
#5001=ORIENTED_EDGE('',*,*,#3869,.T.);
#5002=ORIENTED_EDGE('',*,*,#3881,.F.);
#5003=ORIENTED_EDGE('',*,*,#3880,.F.);
#5004=ORIENTED_EDGE('',*,*,#3882,.T.);
#5005=ORIENTED_EDGE('',*,*,#3883,.T.);
#5006=ORIENTED_EDGE('',*,*,#3882,.F.);
#5007=ORIENTED_EDGE('',*,*,#3826,.T.);
#5008=ORIENTED_EDGE('',*,*,#3884,.T.);
#5009=ORIENTED_EDGE('',*,*,#3877,.T.);
#5010=ORIENTED_EDGE('',*,*,#3884,.F.);
#5011=ORIENTED_EDGE('',*,*,#3885,.T.);
#5012=ORIENTED_EDGE('',*,*,#3886,.T.);
#5013=ORIENTED_EDGE('',*,*,#3870,.T.);
#5014=ORIENTED_EDGE('',*,*,#3886,.F.);
#5015=ORIENTED_EDGE('',*,*,#3885,.F.);
#5016=ORIENTED_EDGE('',*,*,#3887,.T.);
#5017=ORIENTED_EDGE('',*,*,#3888,.T.);
#5018=ORIENTED_EDGE('',*,*,#3887,.F.);
#5019=ORIENTED_EDGE('',*,*,#3889,.T.);
#5020=ORIENTED_EDGE('',*,*,#3890,.T.);
#5021=ORIENTED_EDGE('',*,*,#3876,.T.);
#5022=ORIENTED_EDGE('',*,*,#3890,.F.);
#5023=ORIENTED_EDGE('',*,*,#3889,.F.);
#5024=ORIENTED_EDGE('',*,*,#3891,.T.);
#5025=ORIENTED_EDGE('',*,*,#3892,.T.);
#5026=ORIENTED_EDGE('',*,*,#3891,.F.);
#5027=ORIENTED_EDGE('',*,*,#3893,.T.);
#5028=ORIENTED_EDGE('',*,*,#3894,.T.);
#5029=ORIENTED_EDGE('',*,*,#3868,.T.);
#5030=ORIENTED_EDGE('',*,*,#3895,.T.);
#5031=ORIENTED_EDGE('',*,*,#3852,.T.);
#5032=ORIENTED_EDGE('',*,*,#3894,.F.);
#5033=ORIENTED_EDGE('',*,*,#3895,.F.);
#5034=ORIENTED_EDGE('',*,*,#3867,.T.);
#5035=ORIENTED_EDGE('',*,*,#3896,.T.);
#5036=ORIENTED_EDGE('',*,*,#3897,.T.);
#5037=ORIENTED_EDGE('',*,*,#3898,.T.);
#5038=ORIENTED_EDGE('',*,*,#3853,.T.);
#5039=ORIENTED_EDGE('',*,*,#3848,.F.);
#5040=ORIENTED_EDGE('',*,*,#3899,.T.);
#5041=ORIENTED_EDGE('',*,*,#3893,.F.);
#5042=ORIENTED_EDGE('',*,*,#3899,.F.);
#5043=ORIENTED_EDGE('',*,*,#3812,.T.);
#5044=ORIENTED_EDGE('',*,*,#3900,.T.);
#5045=ORIENTED_EDGE('',*,*,#3901,.T.);
#5046=ORIENTED_EDGE('',*,*,#3900,.F.);
#5047=ORIENTED_EDGE('',*,*,#3902,.F.);
#5048=ORIENTED_EDGE('',*,*,#3903,.T.);
#5049=ORIENTED_EDGE('',*,*,#3901,.F.);
#5050=ORIENTED_EDGE('',*,*,#3903,.F.);
#5051=ORIENTED_EDGE('',*,*,#3795,.T.);
#5052=ORIENTED_EDGE('',*,*,#3904,.T.);
#5053=ORIENTED_EDGE('',*,*,#3905,.T.);
#5054=ORIENTED_EDGE('',*,*,#3906,.F.);
#5055=ORIENTED_EDGE('',*,*,#3907,.T.);
#5056=ORIENTED_EDGE('',*,*,#3908,.T.);
#5057=ORIENTED_EDGE('',*,*,#3793,.T.);
#5058=ORIENTED_EDGE('',*,*,#3909,.T.);
#5059=ORIENTED_EDGE('',*,*,#3794,.T.);
#5060=ORIENTED_EDGE('',*,*,#3908,.F.);
#5061=ORIENTED_EDGE('',*,*,#3910,.T.);
#5062=ORIENTED_EDGE('',*,*,#3904,.F.);
#5063=ORIENTED_EDGE('',*,*,#3911,.T.);
#5064=ORIENTED_EDGE('',*,*,#3909,.F.);
#5065=ORIENTED_EDGE('',*,*,#3806,.T.);
#5066=ORIENTED_EDGE('',*,*,#3912,.T.);
#5067=ORIENTED_EDGE('',*,*,#3805,.T.);
#5068=ORIENTED_EDGE('',*,*,#3913,.T.);
#5069=ORIENTED_EDGE('',*,*,#3914,.T.);
#5070=ORIENTED_EDGE('',*,*,#3912,.F.);
#5071=ORIENTED_EDGE('',*,*,#3913,.F.);
#5072=ORIENTED_EDGE('',*,*,#3804,.T.);
#5073=ORIENTED_EDGE('',*,*,#3915,.T.);
#5074=ORIENTED_EDGE('',*,*,#3916,.T.);
#5075=ORIENTED_EDGE('',*,*,#3915,.F.);
#5076=ORIENTED_EDGE('',*,*,#3803,.T.);
#5077=ORIENTED_EDGE('',*,*,#3917,.T.);
#5078=ORIENTED_EDGE('',*,*,#3918,.T.);
#5079=ORIENTED_EDGE('',*,*,#3917,.F.);
#5080=ORIENTED_EDGE('',*,*,#3802,.T.);
#5081=ORIENTED_EDGE('',*,*,#3919,.T.);
#5082=ORIENTED_EDGE('',*,*,#3920,.T.);
#5083=ORIENTED_EDGE('',*,*,#3921,.T.);
#5084=ORIENTED_EDGE('',*,*,#3922,.T.);
#5085=ORIENTED_EDGE('',*,*,#3919,.F.);
#5086=ORIENTED_EDGE('',*,*,#3801,.T.);
#5087=ORIENTED_EDGE('',*,*,#3923,.T.);
#5088=ORIENTED_EDGE('',*,*,#3924,.T.);
#5089=ORIENTED_EDGE('',*,*,#3921,.F.);
#5090=ORIENTED_EDGE('',*,*,#3800,.T.);
#5091=ORIENTED_EDGE('',*,*,#3925,.T.);
#5092=ORIENTED_EDGE('',*,*,#3926,.T.);
#5093=ORIENTED_EDGE('',*,*,#3923,.F.);
#5094=ORIENTED_EDGE('',*,*,#3799,.T.);
#5095=ORIENTED_EDGE('',*,*,#3927,.T.);
#5096=ORIENTED_EDGE('',*,*,#3928,.T.);
#5097=ORIENTED_EDGE('',*,*,#3925,.F.);
#5098=ORIENTED_EDGE('',*,*,#3798,.T.);
#5099=ORIENTED_EDGE('',*,*,#3929,.T.);
#5100=ORIENTED_EDGE('',*,*,#3927,.F.);
#5101=ORIENTED_EDGE('',*,*,#3797,.T.);
#5102=ORIENTED_EDGE('',*,*,#3930,.T.);
#5103=ORIENTED_EDGE('',*,*,#3931,.T.);
#5104=ORIENTED_EDGE('',*,*,#3930,.F.);
#5105=ORIENTED_EDGE('',*,*,#3796,.T.);
#5106=ORIENTED_EDGE('',*,*,#3906,.T.);
#5107=ORIENTED_EDGE('',*,*,#3926,.F.);
#5108=ORIENTED_EDGE('',*,*,#3932,.F.);
#5109=ORIENTED_EDGE('',*,*,#3933,.F.);
#5110=ORIENTED_EDGE('',*,*,#3934,.T.);
#5111=ORIENTED_EDGE('',*,*,#3928,.F.);
#5112=ORIENTED_EDGE('',*,*,#3935,.F.);
#5113=ORIENTED_EDGE('',*,*,#3936,.F.);
#5114=ORIENTED_EDGE('',*,*,#3932,.T.);
#5115=ORIENTED_EDGE('',*,*,#3929,.F.);
#5116=ORIENTED_EDGE('',*,*,#3937,.F.);
#5117=ORIENTED_EDGE('',*,*,#3938,.F.);
#5118=ORIENTED_EDGE('',*,*,#3935,.T.);
#5119=ORIENTED_EDGE('',*,*,#3931,.F.);
#5120=ORIENTED_EDGE('',*,*,#3939,.F.);
#5121=ORIENTED_EDGE('',*,*,#3940,.F.);
#5122=ORIENTED_EDGE('',*,*,#3937,.T.);
#5123=ORIENTED_EDGE('',*,*,#3905,.F.);
#5124=ORIENTED_EDGE('',*,*,#3941,.F.);
#5125=ORIENTED_EDGE('',*,*,#3942,.F.);
#5126=ORIENTED_EDGE('',*,*,#3939,.T.);
#5127=ORIENTED_EDGE('',*,*,#3910,.F.);
#5128=ORIENTED_EDGE('',*,*,#3943,.F.);
#5129=ORIENTED_EDGE('',*,*,#3944,.F.);
#5130=ORIENTED_EDGE('',*,*,#3941,.T.);
#5131=ORIENTED_EDGE('',*,*,#3907,.F.);
#5132=ORIENTED_EDGE('',*,*,#3945,.F.);
#5133=ORIENTED_EDGE('',*,*,#3946,.F.);
#5134=ORIENTED_EDGE('',*,*,#3943,.T.);
#5135=ORIENTED_EDGE('',*,*,#3863,.T.);
#5136=ORIENTED_EDGE('',*,*,#3947,.T.);
#5137=ORIENTED_EDGE('',*,*,#3942,.T.);
#5138=ORIENTED_EDGE('',*,*,#3948,.F.);
#5139=ORIENTED_EDGE('',*,*,#3862,.T.);
#5140=ORIENTED_EDGE('',*,*,#3949,.T.);
#5141=ORIENTED_EDGE('',*,*,#3940,.T.);
#5142=ORIENTED_EDGE('',*,*,#3947,.F.);
#5143=ORIENTED_EDGE('',*,*,#3950,.T.);
#5144=ORIENTED_EDGE('',*,*,#3854,.T.);
#5145=ORIENTED_EDGE('',*,*,#3898,.F.);
#5146=ORIENTED_EDGE('',*,*,#3951,.T.);
#5147=ORIENTED_EDGE('',*,*,#3952,.T.);
#5148=ORIENTED_EDGE('',*,*,#3855,.T.);
#5149=ORIENTED_EDGE('',*,*,#3950,.F.);
#5150=ORIENTED_EDGE('',*,*,#3953,.T.);
#5151=ORIENTED_EDGE('',*,*,#3952,.F.);
#5152=ORIENTED_EDGE('',*,*,#3954,.T.);
#5153=ORIENTED_EDGE('',*,*,#3955,.T.);
#5154=ORIENTED_EDGE('',*,*,#3856,.T.);
#5155=ORIENTED_EDGE('',*,*,#3956,.T.);
#5156=ORIENTED_EDGE('',*,*,#3857,.T.);
#5157=ORIENTED_EDGE('',*,*,#3955,.F.);
#5158=ORIENTED_EDGE('',*,*,#3957,.T.);
#5159=ORIENTED_EDGE('',*,*,#3958,.T.);
#5160=ORIENTED_EDGE('',*,*,#3858,.T.);
#5161=ORIENTED_EDGE('',*,*,#3956,.F.);
#5162=ORIENTED_EDGE('',*,*,#3959,.T.);
#5163=ORIENTED_EDGE('',*,*,#3960,.T.);
#5164=ORIENTED_EDGE('',*,*,#3859,.T.);
#5165=ORIENTED_EDGE('',*,*,#3958,.F.);
#5166=ORIENTED_EDGE('',*,*,#3933,.T.);
#5167=ORIENTED_EDGE('',*,*,#3961,.T.);
#5168=ORIENTED_EDGE('',*,*,#3860,.T.);
#5169=ORIENTED_EDGE('',*,*,#3960,.F.);
#5170=ORIENTED_EDGE('',*,*,#3936,.T.);
#5171=ORIENTED_EDGE('',*,*,#3861,.T.);
#5172=ORIENTED_EDGE('',*,*,#3961,.F.);
#5173=ORIENTED_EDGE('',*,*,#3938,.T.);
#5174=ORIENTED_EDGE('',*,*,#3949,.F.);
#5175=ORIENTED_EDGE('',*,*,#3962,.T.);
#5176=ORIENTED_EDGE('',*,*,#3896,.F.);
#5177=ORIENTED_EDGE('',*,*,#3866,.T.);
#5178=ORIENTED_EDGE('',*,*,#3963,.T.);
#5179=ORIENTED_EDGE('',*,*,#3946,.T.);
#5180=ORIENTED_EDGE('',*,*,#3963,.F.);
#5181=ORIENTED_EDGE('',*,*,#3865,.T.);
#5182=ORIENTED_EDGE('',*,*,#3964,.T.);
#5183=ORIENTED_EDGE('',*,*,#3944,.T.);
#5184=ORIENTED_EDGE('',*,*,#3964,.F.);
#5185=ORIENTED_EDGE('',*,*,#3864,.T.);
#5186=ORIENTED_EDGE('',*,*,#3948,.T.);
#5187=ORIENTED_EDGE('',*,*,#3924,.F.);
#5188=ORIENTED_EDGE('',*,*,#3934,.F.);
#5189=ORIENTED_EDGE('',*,*,#3959,.F.);
#5190=ORIENTED_EDGE('',*,*,#3965,.T.);
#5191=ORIENTED_EDGE('',*,*,#3922,.F.);
#5192=ORIENTED_EDGE('',*,*,#3965,.F.);
#5193=ORIENTED_EDGE('',*,*,#3957,.F.);
#5194=ORIENTED_EDGE('',*,*,#3966,.T.);
#5195=ORIENTED_EDGE('',*,*,#3920,.F.);
#5196=ORIENTED_EDGE('',*,*,#3966,.F.);
#5197=ORIENTED_EDGE('',*,*,#3954,.F.);
#5198=ORIENTED_EDGE('',*,*,#3967,.T.);
#5199=ORIENTED_EDGE('',*,*,#3918,.F.);
#5200=ORIENTED_EDGE('',*,*,#3967,.F.);
#5201=ORIENTED_EDGE('',*,*,#3953,.F.);
#5202=ORIENTED_EDGE('',*,*,#3968,.T.);
#5203=ORIENTED_EDGE('',*,*,#3916,.F.);
#5204=ORIENTED_EDGE('',*,*,#3968,.F.);
#5205=ORIENTED_EDGE('',*,*,#3951,.F.);
#5206=ORIENTED_EDGE('',*,*,#3969,.T.);
#5207=ORIENTED_EDGE('',*,*,#3914,.F.);
#5208=ORIENTED_EDGE('',*,*,#3969,.F.);
#5209=ORIENTED_EDGE('',*,*,#3897,.F.);
#5210=ORIENTED_EDGE('',*,*,#3970,.F.);
#5211=ORIENTED_EDGE('',*,*,#3902,.T.);
#5212=ORIENTED_EDGE('',*,*,#3971,.T.);
#5213=ORIENTED_EDGE('',*,*,#3875,.T.);
#5214=ORIENTED_EDGE('',*,*,#3971,.F.);
#5215=ORIENTED_EDGE('',*,*,#3779,.T.);
#5216=ORIENTED_EDGE('',*,*,#3972,.T.);
#5217=ORIENTED_EDGE('',*,*,#3871,.T.);
#5218=ORIENTED_EDGE('',*,*,#3972,.F.);
#5219=ORIENTED_EDGE('',*,*,#3783,.T.);
#5220=ORIENTED_EDGE('',*,*,#3973,.T.);
#5221=ORIENTED_EDGE('',*,*,#3874,.T.);
#5222=ORIENTED_EDGE('',*,*,#3973,.F.);
#5223=ORIENTED_EDGE('',*,*,#3775,.T.);
#5224=ORIENTED_EDGE('',*,*,#3974,.T.);
#5225=ORIENTED_EDGE('',*,*,#3872,.T.);
#5226=ORIENTED_EDGE('',*,*,#3974,.F.);
#5227=ORIENTED_EDGE('',*,*,#3787,.T.);
#5228=ORIENTED_EDGE('',*,*,#3975,.T.);
#5229=ORIENTED_EDGE('',*,*,#3873,.T.);
#5230=ORIENTED_EDGE('',*,*,#3975,.F.);
#5231=ORIENTED_EDGE('',*,*,#3838,.F.);
#5232=ORIENTED_EDGE('',*,*,#3883,.F.);
#5233=ORIENTED_EDGE('',*,*,#3844,.F.);
#5234=ORIENTED_EDGE('',*,*,#3879,.F.);
#5235=ORIENTED_EDGE('',*,*,#3832,.F.);
#5236=ORIENTED_EDGE('',*,*,#3888,.F.);
#5237=ORIENTED_EDGE('',*,*,#3818,.F.);
#5238=ORIENTED_EDGE('',*,*,#3892,.F.);
#5239=ORIENTED_EDGE('',*,*,#3911,.F.);
#5240=ORIENTED_EDGE('',*,*,#3970,.T.);
#5241=ORIENTED_EDGE('',*,*,#3962,.F.);
#5242=ORIENTED_EDGE('',*,*,#3945,.T.);
#5243=ORIENTED_EDGE('',*,*,#3976,.F.);
#5244=ORIENTED_EDGE('',*,*,#3977,.T.);
#5245=ORIENTED_EDGE('',*,*,#3978,.F.);
#5246=ORIENTED_EDGE('',*,*,#3977,.F.);
#5247=ORIENTED_EDGE('',*,*,#3979,.T.);
#5248=ORIENTED_EDGE('',*,*,#3978,.T.);
#5249=ORIENTED_EDGE('',*,*,#3976,.T.);
#5250=ORIENTED_EDGE('',*,*,#3980,.T.);
#5251=ORIENTED_EDGE('',*,*,#3981,.T.);
#5252=ORIENTED_EDGE('',*,*,#3980,.F.);
#5253=ORIENTED_EDGE('',*,*,#3982,.F.);
#5254=ORIENTED_EDGE('',*,*,#3983,.T.);
#5255=ORIENTED_EDGE('',*,*,#3984,.F.);
#5256=ORIENTED_EDGE('',*,*,#3983,.F.);
#5257=ORIENTED_EDGE('',*,*,#3985,.T.);
#5258=ORIENTED_EDGE('',*,*,#3984,.T.);
#5259=ORIENTED_EDGE('',*,*,#3982,.T.);
#5260=ORIENTED_EDGE('',*,*,#3986,.T.);
#5261=ORIENTED_EDGE('',*,*,#3987,.T.);
#5262=ORIENTED_EDGE('',*,*,#3986,.F.);
#5263=ORIENTED_EDGE('',*,*,#3988,.F.);
#5264=ORIENTED_EDGE('',*,*,#3989,.T.);
#5265=ORIENTED_EDGE('',*,*,#3990,.F.);
#5266=ORIENTED_EDGE('',*,*,#3989,.F.);
#5267=ORIENTED_EDGE('',*,*,#3991,.T.);
#5268=ORIENTED_EDGE('',*,*,#3990,.T.);
#5269=ORIENTED_EDGE('',*,*,#3988,.T.);
#5270=ORIENTED_EDGE('',*,*,#3992,.T.);
#5271=ORIENTED_EDGE('',*,*,#3993,.T.);
#5272=ORIENTED_EDGE('',*,*,#3992,.F.);
#5273=ORIENTED_EDGE('',*,*,#3994,.F.);
#5274=ORIENTED_EDGE('',*,*,#3995,.T.);
#5275=ORIENTED_EDGE('',*,*,#3996,.F.);
#5276=ORIENTED_EDGE('',*,*,#3995,.F.);
#5277=ORIENTED_EDGE('',*,*,#3997,.T.);
#5278=ORIENTED_EDGE('',*,*,#3996,.T.);
#5279=ORIENTED_EDGE('',*,*,#3994,.T.);
#5280=ORIENTED_EDGE('',*,*,#3998,.T.);
#5281=ORIENTED_EDGE('',*,*,#3999,.T.);
#5282=ORIENTED_EDGE('',*,*,#3998,.F.);
#5283=ORIENTED_EDGE('',*,*,#3991,.F.);
#5284=ORIENTED_EDGE('',*,*,#4000,.T.);
#5285=ORIENTED_EDGE('',*,*,#4001,.F.);
#5286=ORIENTED_EDGE('',*,*,#4000,.F.);
#5287=ORIENTED_EDGE('',*,*,#4002,.T.);
#5288=ORIENTED_EDGE('',*,*,#4003,.T.);
#5289=ORIENTED_EDGE('',*,*,#4001,.T.);
#5290=ORIENTED_EDGE('',*,*,#4003,.F.);
#5291=ORIENTED_EDGE('',*,*,#3979,.F.);
#5292=ORIENTED_EDGE('',*,*,#4004,.T.);
#5293=ORIENTED_EDGE('',*,*,#4005,.F.);
#5294=ORIENTED_EDGE('',*,*,#4004,.F.);
#5295=ORIENTED_EDGE('',*,*,#4006,.T.);
#5296=ORIENTED_EDGE('',*,*,#4007,.T.);
#5297=ORIENTED_EDGE('',*,*,#4005,.T.);
#5298=ORIENTED_EDGE('',*,*,#4007,.F.);
#5299=ORIENTED_EDGE('',*,*,#3985,.F.);
#5300=ORIENTED_EDGE('',*,*,#4008,.T.);
#5301=ORIENTED_EDGE('',*,*,#4009,.F.);
#5302=ORIENTED_EDGE('',*,*,#4008,.F.);
#5303=ORIENTED_EDGE('',*,*,#4010,.T.);
#5304=ORIENTED_EDGE('',*,*,#4011,.T.);
#5305=ORIENTED_EDGE('',*,*,#4009,.T.);
#5306=ORIENTED_EDGE('',*,*,#4011,.F.);
#5307=ORIENTED_EDGE('',*,*,#3997,.F.);
#5308=ORIENTED_EDGE('',*,*,#4012,.T.);
#5309=ORIENTED_EDGE('',*,*,#4013,.F.);
#5310=ORIENTED_EDGE('',*,*,#4012,.F.);
#5311=ORIENTED_EDGE('',*,*,#4014,.T.);
#5312=ORIENTED_EDGE('',*,*,#4015,.T.);
#5313=ORIENTED_EDGE('',*,*,#4013,.T.);
#5314=ORIENTED_EDGE('',*,*,#4015,.F.);
#5315=ORIENTED_EDGE('',*,*,#4016,.F.);
#5316=ORIENTED_EDGE('',*,*,#4017,.T.);
#5317=ORIENTED_EDGE('',*,*,#4018,.F.);
#5318=ORIENTED_EDGE('',*,*,#4019,.F.);
#5319=ORIENTED_EDGE('',*,*,#4017,.F.);
#5320=ORIENTED_EDGE('',*,*,#4020,.T.);
#5321=ORIENTED_EDGE('',*,*,#4021,.T.);
#5322=ORIENTED_EDGE('',*,*,#4022,.T.);
#5323=ORIENTED_EDGE('',*,*,#4023,.T.);
#5324=ORIENTED_EDGE('',*,*,#4024,.T.);
#5325=ORIENTED_EDGE('',*,*,#4025,.T.);
#5326=ORIENTED_EDGE('',*,*,#4026,.T.);
#5327=ORIENTED_EDGE('',*,*,#4027,.T.);
#5328=ORIENTED_EDGE('',*,*,#4028,.T.);
#5329=ORIENTED_EDGE('',*,*,#4029,.T.);
#5330=ORIENTED_EDGE('',*,*,#4030,.T.);
#5331=ORIENTED_EDGE('',*,*,#4031,.T.);
#5332=ORIENTED_EDGE('',*,*,#4032,.T.);
#5333=ORIENTED_EDGE('',*,*,#4033,.T.);
#5334=ORIENTED_EDGE('',*,*,#4034,.T.);
#5335=ORIENTED_EDGE('',*,*,#4035,.T.);
#5336=ORIENTED_EDGE('',*,*,#4036,.T.);
#5337=ORIENTED_EDGE('',*,*,#4037,.T.);
#5338=ORIENTED_EDGE('',*,*,#4038,.T.);
#5339=ORIENTED_EDGE('',*,*,#4039,.T.);
#5340=ORIENTED_EDGE('',*,*,#4040,.T.);
#5341=ORIENTED_EDGE('',*,*,#4041,.T.);
#5342=ORIENTED_EDGE('',*,*,#4042,.T.);
#5343=ORIENTED_EDGE('',*,*,#4043,.T.);
#5344=ORIENTED_EDGE('',*,*,#4016,.T.);
#5345=ORIENTED_EDGE('',*,*,#4019,.T.);
#5346=ORIENTED_EDGE('',*,*,#4044,.T.);
#5347=ORIENTED_EDGE('',*,*,#4045,.F.);
#5348=ORIENTED_EDGE('',*,*,#4044,.F.);
#5349=ORIENTED_EDGE('',*,*,#4018,.T.);
#5350=ORIENTED_EDGE('',*,*,#4034,.F.);
#5351=ORIENTED_EDGE('',*,*,#4046,.T.);
#5352=ORIENTED_EDGE('',*,*,#4047,.F.);
#5353=ORIENTED_EDGE('',*,*,#4046,.F.);
#5354=ORIENTED_EDGE('',*,*,#4048,.T.);
#5355=ORIENTED_EDGE('',*,*,#4049,.T.);
#5356=ORIENTED_EDGE('',*,*,#4047,.T.);
#5357=ORIENTED_EDGE('',*,*,#4049,.F.);
#5358=ORIENTED_EDGE('',*,*,#4043,.F.);
#5359=ORIENTED_EDGE('',*,*,#4050,.T.);
#5360=ORIENTED_EDGE('',*,*,#3981,.F.);
#5361=ORIENTED_EDGE('',*,*,#4050,.F.);
#5362=ORIENTED_EDGE('',*,*,#4035,.F.);
#5363=ORIENTED_EDGE('',*,*,#4051,.T.);
#5364=ORIENTED_EDGE('',*,*,#4052,.F.);
#5365=ORIENTED_EDGE('',*,*,#4051,.F.);
#5366=ORIENTED_EDGE('',*,*,#4053,.T.);
#5367=ORIENTED_EDGE('',*,*,#4054,.T.);
#5368=ORIENTED_EDGE('',*,*,#4052,.T.);
#5369=ORIENTED_EDGE('',*,*,#4054,.F.);
#5370=ORIENTED_EDGE('',*,*,#4042,.F.);
#5371=ORIENTED_EDGE('',*,*,#4055,.T.);
#5372=ORIENTED_EDGE('',*,*,#4056,.F.);
#5373=ORIENTED_EDGE('',*,*,#4057,.F.);
#5374=ORIENTED_EDGE('',*,*,#4055,.F.);
#5375=ORIENTED_EDGE('',*,*,#4057,.T.);
#5376=ORIENTED_EDGE('',*,*,#4058,.T.);
#5377=ORIENTED_EDGE('',*,*,#4059,.F.);
#5378=ORIENTED_EDGE('',*,*,#4058,.F.);
#5379=ORIENTED_EDGE('',*,*,#4056,.T.);
#5380=ORIENTED_EDGE('',*,*,#4036,.F.);
#5381=ORIENTED_EDGE('',*,*,#4060,.T.);
#5382=ORIENTED_EDGE('',*,*,#3987,.F.);
#5383=ORIENTED_EDGE('',*,*,#4060,.F.);
#5384=ORIENTED_EDGE('',*,*,#4041,.F.);
#5385=ORIENTED_EDGE('',*,*,#4061,.T.);
#5386=ORIENTED_EDGE('',*,*,#4062,.F.);
#5387=ORIENTED_EDGE('',*,*,#4063,.F.);
#5388=ORIENTED_EDGE('',*,*,#4061,.F.);
#5389=ORIENTED_EDGE('',*,*,#4063,.T.);
#5390=ORIENTED_EDGE('',*,*,#4064,.T.);
#5391=ORIENTED_EDGE('',*,*,#4065,.F.);
#5392=ORIENTED_EDGE('',*,*,#4064,.F.);
#5393=ORIENTED_EDGE('',*,*,#4062,.T.);
#5394=ORIENTED_EDGE('',*,*,#4037,.F.);
#5395=ORIENTED_EDGE('',*,*,#4066,.T.);
#5396=ORIENTED_EDGE('',*,*,#3993,.F.);
#5397=ORIENTED_EDGE('',*,*,#4066,.F.);
#5398=ORIENTED_EDGE('',*,*,#4040,.F.);
#5399=ORIENTED_EDGE('',*,*,#4067,.T.);
#5400=ORIENTED_EDGE('',*,*,#4068,.F.);
#5401=ORIENTED_EDGE('',*,*,#4069,.F.);
#5402=ORIENTED_EDGE('',*,*,#4067,.F.);
#5403=ORIENTED_EDGE('',*,*,#4069,.T.);
#5404=ORIENTED_EDGE('',*,*,#4070,.T.);
#5405=ORIENTED_EDGE('',*,*,#4071,.F.);
#5406=ORIENTED_EDGE('',*,*,#4070,.F.);
#5407=ORIENTED_EDGE('',*,*,#4068,.T.);
#5408=ORIENTED_EDGE('',*,*,#4038,.F.);
#5409=ORIENTED_EDGE('',*,*,#4072,.T.);
#5410=ORIENTED_EDGE('',*,*,#3999,.F.);
#5411=ORIENTED_EDGE('',*,*,#4072,.F.);
#5412=ORIENTED_EDGE('',*,*,#4048,.F.);
#5413=ORIENTED_EDGE('',*,*,#4073,.T.);
#5414=ORIENTED_EDGE('',*,*,#4074,.F.);
#5415=ORIENTED_EDGE('',*,*,#4073,.F.);
#5416=ORIENTED_EDGE('',*,*,#4075,.F.);
#5417=ORIENTED_EDGE('',*,*,#4074,.T.);
#5418=ORIENTED_EDGE('',*,*,#4076,.F.);
#5419=ORIENTED_EDGE('',*,*,#4077,.T.);
#5420=ORIENTED_EDGE('',*,*,#4078,.F.);
#5421=ORIENTED_EDGE('',*,*,#4077,.F.);
#5422=ORIENTED_EDGE('',*,*,#4079,.T.);
#5423=ORIENTED_EDGE('',*,*,#4080,.T.);
#5424=ORIENTED_EDGE('',*,*,#4081,.T.);
#5425=ORIENTED_EDGE('',*,*,#4082,.T.);
#5426=ORIENTED_EDGE('',*,*,#4083,.T.);
#5427=ORIENTED_EDGE('',*,*,#4084,.T.);
#5428=ORIENTED_EDGE('',*,*,#4085,.T.);
#5429=ORIENTED_EDGE('',*,*,#4086,.T.);
#5430=ORIENTED_EDGE('',*,*,#4087,.T.);
#5431=ORIENTED_EDGE('',*,*,#4088,.T.);
#5432=ORIENTED_EDGE('',*,*,#4089,.T.);
#5433=ORIENTED_EDGE('',*,*,#4090,.T.);
#5434=ORIENTED_EDGE('',*,*,#4091,.T.);
#5435=ORIENTED_EDGE('',*,*,#4092,.T.);
#5436=ORIENTED_EDGE('',*,*,#4093,.T.);
#5437=ORIENTED_EDGE('',*,*,#4094,.T.);
#5438=ORIENTED_EDGE('',*,*,#4095,.T.);
#5439=ORIENTED_EDGE('',*,*,#4096,.T.);
#5440=ORIENTED_EDGE('',*,*,#4097,.T.);
#5441=ORIENTED_EDGE('',*,*,#4098,.T.);
#5442=ORIENTED_EDGE('',*,*,#4099,.T.);
#5443=ORIENTED_EDGE('',*,*,#4100,.T.);
#5444=ORIENTED_EDGE('',*,*,#4101,.T.);
#5445=ORIENTED_EDGE('',*,*,#4102,.T.);
#5446=ORIENTED_EDGE('',*,*,#4103,.T.);
#5447=ORIENTED_EDGE('',*,*,#4104,.T.);
#5448=ORIENTED_EDGE('',*,*,#4078,.T.);
#5449=ORIENTED_EDGE('',*,*,#4076,.T.);
#5450=ORIENTED_EDGE('',*,*,#4105,.T.);
#5451=ORIENTED_EDGE('',*,*,#4106,.F.);
#5452=ORIENTED_EDGE('',*,*,#4105,.F.);
#5453=ORIENTED_EDGE('',*,*,#4107,.F.);
#5454=ORIENTED_EDGE('',*,*,#4108,.T.);
#5455=ORIENTED_EDGE('',*,*,#4096,.F.);
#5456=ORIENTED_EDGE('',*,*,#4108,.F.);
#5457=ORIENTED_EDGE('',*,*,#4107,.T.);
#5458=ORIENTED_EDGE('',*,*,#4109,.T.);
#5459=ORIENTED_EDGE('',*,*,#4110,.F.);
#5460=ORIENTED_EDGE('',*,*,#4109,.F.);
#5461=ORIENTED_EDGE('',*,*,#4053,.F.);
#5462=ORIENTED_EDGE('',*,*,#4111,.T.);
#5463=ORIENTED_EDGE('',*,*,#4104,.F.);
#5464=ORIENTED_EDGE('',*,*,#4111,.F.);
#5465=ORIENTED_EDGE('',*,*,#4112,.F.);
#5466=ORIENTED_EDGE('',*,*,#4113,.T.);
#5467=ORIENTED_EDGE('',*,*,#4097,.F.);
#5468=ORIENTED_EDGE('',*,*,#4113,.F.);
#5469=ORIENTED_EDGE('',*,*,#4112,.T.);
#5470=ORIENTED_EDGE('',*,*,#4114,.T.);
#5471=ORIENTED_EDGE('',*,*,#4115,.F.);
#5472=ORIENTED_EDGE('',*,*,#4114,.F.);
#5473=ORIENTED_EDGE('',*,*,#4116,.F.);
#5474=ORIENTED_EDGE('',*,*,#4117,.T.);
#5475=ORIENTED_EDGE('',*,*,#4103,.F.);
#5476=ORIENTED_EDGE('',*,*,#4117,.F.);
#5477=ORIENTED_EDGE('',*,*,#4116,.T.);
#5478=ORIENTED_EDGE('',*,*,#4118,.T.);
#5479=ORIENTED_EDGE('',*,*,#4119,.F.);
#5480=ORIENTED_EDGE('',*,*,#4118,.F.);
#5481=ORIENTED_EDGE('',*,*,#4120,.F.);
#5482=ORIENTED_EDGE('',*,*,#4121,.T.);
#5483=ORIENTED_EDGE('',*,*,#4079,.F.);
#5484=ORIENTED_EDGE('',*,*,#4122,.F.);
#5485=ORIENTED_EDGE('',*,*,#4080,.F.);
#5486=ORIENTED_EDGE('',*,*,#4121,.F.);
#5487=ORIENTED_EDGE('',*,*,#4122,.T.);
#5488=ORIENTED_EDGE('',*,*,#4095,.F.);
#5489=ORIENTED_EDGE('',*,*,#4123,.F.);
#5490=ORIENTED_EDGE('',*,*,#4124,.F.);
#5491=ORIENTED_EDGE('',*,*,#4125,.F.);
#5492=ORIENTED_EDGE('',*,*,#4081,.F.);
#5493=ORIENTED_EDGE('',*,*,#4075,.T.);
#5494=ORIENTED_EDGE('',*,*,#4126,.T.);
#5495=ORIENTED_EDGE('',*,*,#4120,.T.);
#5496=ORIENTED_EDGE('',*,*,#4126,.F.);
#5497=ORIENTED_EDGE('',*,*,#4039,.F.);
#5498=ORIENTED_EDGE('',*,*,#4127,.T.);
#5499=ORIENTED_EDGE('',*,*,#4128,.F.);
#5500=ORIENTED_EDGE('',*,*,#4127,.F.);
#5501=ORIENTED_EDGE('',*,*,#4129,.T.);
#5502=ORIENTED_EDGE('',*,*,#4130,.T.);
#5503=ORIENTED_EDGE('',*,*,#4128,.T.);
#5504=ORIENTED_EDGE('',*,*,#4130,.F.);
#5505=ORIENTED_EDGE('',*,*,#4032,.F.);
#5506=ORIENTED_EDGE('',*,*,#4131,.T.);
#5507=ORIENTED_EDGE('',*,*,#4132,.F.);
#5508=ORIENTED_EDGE('',*,*,#4133,.F.);
#5509=ORIENTED_EDGE('',*,*,#4134,.F.);
#5510=ORIENTED_EDGE('',*,*,#4135,.F.);
#5511=ORIENTED_EDGE('',*,*,#4020,.F.);
#5512=ORIENTED_EDGE('',*,*,#4136,.F.);
#5513=ORIENTED_EDGE('',*,*,#4033,.F.);
#5514=ORIENTED_EDGE('',*,*,#4133,.T.);
#5515=ORIENTED_EDGE('',*,*,#4137,.F.);
#5516=ORIENTED_EDGE('',*,*,#4136,.T.);
#5517=ORIENTED_EDGE('',*,*,#4138,.F.);
#5518=ORIENTED_EDGE('',*,*,#4139,.F.);
#5519=ORIENTED_EDGE('',*,*,#4021,.F.);
#5520=ORIENTED_EDGE('',*,*,#4135,.T.);
#5521=ORIENTED_EDGE('',*,*,#4022,.F.);
#5522=ORIENTED_EDGE('',*,*,#4139,.T.);
#5523=ORIENTED_EDGE('',*,*,#4140,.F.);
#5524=ORIENTED_EDGE('',*,*,#4141,.F.);
#5525=ORIENTED_EDGE('',*,*,#4141,.T.);
#5526=ORIENTED_EDGE('',*,*,#4142,.F.);
#5527=ORIENTED_EDGE('',*,*,#4143,.F.);
#5528=ORIENTED_EDGE('',*,*,#4023,.F.);
#5529=ORIENTED_EDGE('',*,*,#4143,.T.);
#5530=ORIENTED_EDGE('',*,*,#4144,.F.);
#5531=ORIENTED_EDGE('',*,*,#4145,.F.);
#5532=ORIENTED_EDGE('',*,*,#4024,.F.);
#5533=ORIENTED_EDGE('',*,*,#4145,.T.);
#5534=ORIENTED_EDGE('',*,*,#4146,.F.);
#5535=ORIENTED_EDGE('',*,*,#4147,.F.);
#5536=ORIENTED_EDGE('',*,*,#4025,.F.);
#5537=ORIENTED_EDGE('',*,*,#4148,.F.);
#5538=ORIENTED_EDGE('',*,*,#4026,.F.);
#5539=ORIENTED_EDGE('',*,*,#4147,.T.);
#5540=ORIENTED_EDGE('',*,*,#4149,.F.);
#5541=ORIENTED_EDGE('',*,*,#4150,.F.);
#5542=ORIENTED_EDGE('',*,*,#4027,.F.);
#5543=ORIENTED_EDGE('',*,*,#4148,.T.);
#5544=ORIENTED_EDGE('',*,*,#4151,.F.);
#5545=ORIENTED_EDGE('',*,*,#4152,.F.);
#5546=ORIENTED_EDGE('',*,*,#4028,.F.);
#5547=ORIENTED_EDGE('',*,*,#4150,.T.);
#5548=ORIENTED_EDGE('',*,*,#4153,.F.);
#5549=ORIENTED_EDGE('',*,*,#4154,.F.);
#5550=ORIENTED_EDGE('',*,*,#4029,.F.);
#5551=ORIENTED_EDGE('',*,*,#4152,.T.);
#5552=ORIENTED_EDGE('',*,*,#4155,.F.);
#5553=ORIENTED_EDGE('',*,*,#4156,.F.);
#5554=ORIENTED_EDGE('',*,*,#4157,.F.);
#5555=ORIENTED_EDGE('',*,*,#4030,.F.);
#5556=ORIENTED_EDGE('',*,*,#4154,.T.);
#5557=ORIENTED_EDGE('',*,*,#4158,.F.);
#5558=ORIENTED_EDGE('',*,*,#4131,.F.);
#5559=ORIENTED_EDGE('',*,*,#4031,.F.);
#5560=ORIENTED_EDGE('',*,*,#4157,.T.);
#5561=ORIENTED_EDGE('',*,*,#4153,.T.);
#5562=ORIENTED_EDGE('',*,*,#4159,.F.);
#5563=ORIENTED_EDGE('',*,*,#4160,.T.);
#5564=ORIENTED_EDGE('',*,*,#4161,.T.);
#5565=ORIENTED_EDGE('',*,*,#4155,.T.);
#5566=ORIENTED_EDGE('',*,*,#4161,.F.);
#5567=ORIENTED_EDGE('',*,*,#4162,.T.);
#5568=ORIENTED_EDGE('',*,*,#4163,.T.);
#5569=ORIENTED_EDGE('',*,*,#4156,.T.);
#5570=ORIENTED_EDGE('',*,*,#4163,.F.);
#5571=ORIENTED_EDGE('',*,*,#4164,.T.);
#5572=ORIENTED_EDGE('',*,*,#4165,.T.);
#5573=ORIENTED_EDGE('',*,*,#4158,.T.);
#5574=ORIENTED_EDGE('',*,*,#4165,.F.);
#5575=ORIENTED_EDGE('',*,*,#4166,.T.);
#5576=ORIENTED_EDGE('',*,*,#4167,.T.);
#5577=ORIENTED_EDGE('',*,*,#4132,.T.);
#5578=ORIENTED_EDGE('',*,*,#4167,.F.);
#5579=ORIENTED_EDGE('',*,*,#4168,.T.);
#5580=ORIENTED_EDGE('',*,*,#4169,.T.);
#5581=ORIENTED_EDGE('',*,*,#4137,.T.);
#5582=ORIENTED_EDGE('',*,*,#4169,.F.);
#5583=ORIENTED_EDGE('',*,*,#4170,.T.);
#5584=ORIENTED_EDGE('',*,*,#4171,.T.);
#5585=ORIENTED_EDGE('',*,*,#4134,.T.);
#5586=ORIENTED_EDGE('',*,*,#4171,.F.);
#5587=ORIENTED_EDGE('',*,*,#4172,.T.);
#5588=ORIENTED_EDGE('',*,*,#4173,.T.);
#5589=ORIENTED_EDGE('',*,*,#4085,.F.);
#5590=ORIENTED_EDGE('',*,*,#4174,.T.);
#5591=ORIENTED_EDGE('',*,*,#4168,.F.);
#5592=ORIENTED_EDGE('',*,*,#4175,.F.);
#5593=ORIENTED_EDGE('',*,*,#4086,.F.);
#5594=ORIENTED_EDGE('',*,*,#4175,.T.);
#5595=ORIENTED_EDGE('',*,*,#4166,.F.);
#5596=ORIENTED_EDGE('',*,*,#4176,.F.);
#5597=ORIENTED_EDGE('',*,*,#4177,.F.);
#5598=ORIENTED_EDGE('',*,*,#4178,.F.);
#5599=ORIENTED_EDGE('',*,*,#4123,.T.);
#5600=ORIENTED_EDGE('',*,*,#4094,.F.);
#5601=ORIENTED_EDGE('',*,*,#4179,.F.);
#5602=ORIENTED_EDGE('',*,*,#4180,.F.);
#5603=ORIENTED_EDGE('',*,*,#4177,.T.);
#5604=ORIENTED_EDGE('',*,*,#4093,.F.);
#5605=ORIENTED_EDGE('',*,*,#4179,.T.);
#5606=ORIENTED_EDGE('',*,*,#4092,.F.);
#5607=ORIENTED_EDGE('',*,*,#4181,.F.);
#5608=ORIENTED_EDGE('',*,*,#4182,.F.);
#5609=ORIENTED_EDGE('',*,*,#4183,.F.);
#5610=ORIENTED_EDGE('',*,*,#4184,.F.);
#5611=ORIENTED_EDGE('',*,*,#4181,.T.);
#5612=ORIENTED_EDGE('',*,*,#4091,.F.);
#5613=ORIENTED_EDGE('',*,*,#4185,.F.);
#5614=ORIENTED_EDGE('',*,*,#4186,.F.);
#5615=ORIENTED_EDGE('',*,*,#4183,.T.);
#5616=ORIENTED_EDGE('',*,*,#4090,.F.);
#5617=ORIENTED_EDGE('',*,*,#4187,.F.);
#5618=ORIENTED_EDGE('',*,*,#4160,.F.);
#5619=ORIENTED_EDGE('',*,*,#4185,.T.);
#5620=ORIENTED_EDGE('',*,*,#4089,.F.);
#5621=ORIENTED_EDGE('',*,*,#4188,.F.);
#5622=ORIENTED_EDGE('',*,*,#4162,.F.);
#5623=ORIENTED_EDGE('',*,*,#4187,.T.);
#5624=ORIENTED_EDGE('',*,*,#4088,.F.);
#5625=ORIENTED_EDGE('',*,*,#4087,.F.);
#5626=ORIENTED_EDGE('',*,*,#4176,.T.);
#5627=ORIENTED_EDGE('',*,*,#4164,.F.);
#5628=ORIENTED_EDGE('',*,*,#4188,.T.);
#5629=ORIENTED_EDGE('',*,*,#4189,.F.);
#5630=ORIENTED_EDGE('',*,*,#4190,.F.);
#5631=ORIENTED_EDGE('',*,*,#4082,.F.);
#5632=ORIENTED_EDGE('',*,*,#4125,.T.);
#5633=ORIENTED_EDGE('',*,*,#4172,.F.);
#5634=ORIENTED_EDGE('',*,*,#4191,.F.);
#5635=ORIENTED_EDGE('',*,*,#4083,.F.);
#5636=ORIENTED_EDGE('',*,*,#4190,.T.);
#5637=ORIENTED_EDGE('',*,*,#4170,.F.);
#5638=ORIENTED_EDGE('',*,*,#4174,.F.);
#5639=ORIENTED_EDGE('',*,*,#4084,.F.);
#5640=ORIENTED_EDGE('',*,*,#4191,.T.);
#5641=ORIENTED_EDGE('',*,*,#4151,.T.);
#5642=ORIENTED_EDGE('',*,*,#4192,.F.);
#5643=ORIENTED_EDGE('',*,*,#4186,.T.);
#5644=ORIENTED_EDGE('',*,*,#4159,.T.);
#5645=ORIENTED_EDGE('',*,*,#4149,.T.);
#5646=ORIENTED_EDGE('',*,*,#4193,.F.);
#5647=ORIENTED_EDGE('',*,*,#4184,.T.);
#5648=ORIENTED_EDGE('',*,*,#4192,.T.);
#5649=ORIENTED_EDGE('',*,*,#4146,.T.);
#5650=ORIENTED_EDGE('',*,*,#4194,.F.);
#5651=ORIENTED_EDGE('',*,*,#4182,.T.);
#5652=ORIENTED_EDGE('',*,*,#4193,.T.);
#5653=ORIENTED_EDGE('',*,*,#4144,.T.);
#5654=ORIENTED_EDGE('',*,*,#4195,.F.);
#5655=ORIENTED_EDGE('',*,*,#4180,.T.);
#5656=ORIENTED_EDGE('',*,*,#4194,.T.);
#5657=ORIENTED_EDGE('',*,*,#4142,.T.);
#5658=ORIENTED_EDGE('',*,*,#4196,.F.);
#5659=ORIENTED_EDGE('',*,*,#4178,.T.);
#5660=ORIENTED_EDGE('',*,*,#4195,.T.);
#5661=ORIENTED_EDGE('',*,*,#4140,.T.);
#5662=ORIENTED_EDGE('',*,*,#4197,.T.);
#5663=ORIENTED_EDGE('',*,*,#4124,.T.);
#5664=ORIENTED_EDGE('',*,*,#4196,.T.);
#5665=ORIENTED_EDGE('',*,*,#4129,.F.);
#5666=ORIENTED_EDGE('',*,*,#4198,.T.);
#5667=ORIENTED_EDGE('',*,*,#4102,.F.);
#5668=ORIENTED_EDGE('',*,*,#4198,.F.);
#5669=ORIENTED_EDGE('',*,*,#4006,.F.);
#5670=ORIENTED_EDGE('',*,*,#4199,.T.);
#5671=ORIENTED_EDGE('',*,*,#4098,.F.);
#5672=ORIENTED_EDGE('',*,*,#4199,.F.);
#5673=ORIENTED_EDGE('',*,*,#4010,.F.);
#5674=ORIENTED_EDGE('',*,*,#4200,.T.);
#5675=ORIENTED_EDGE('',*,*,#4101,.F.);
#5676=ORIENTED_EDGE('',*,*,#4200,.F.);
#5677=ORIENTED_EDGE('',*,*,#4002,.F.);
#5678=ORIENTED_EDGE('',*,*,#4201,.T.);
#5679=ORIENTED_EDGE('',*,*,#4099,.F.);
#5680=ORIENTED_EDGE('',*,*,#4201,.F.);
#5681=ORIENTED_EDGE('',*,*,#4014,.F.);
#5682=ORIENTED_EDGE('',*,*,#4202,.T.);
#5683=ORIENTED_EDGE('',*,*,#4100,.F.);
#5684=ORIENTED_EDGE('',*,*,#4202,.F.);
#5685=ORIENTED_EDGE('',*,*,#4065,.T.);
#5686=ORIENTED_EDGE('',*,*,#4110,.T.);
#5687=ORIENTED_EDGE('',*,*,#4071,.T.);
#5688=ORIENTED_EDGE('',*,*,#4106,.T.);
#5689=ORIENTED_EDGE('',*,*,#4059,.T.);
#5690=ORIENTED_EDGE('',*,*,#4115,.T.);
#5691=ORIENTED_EDGE('',*,*,#4045,.T.);
#5692=ORIENTED_EDGE('',*,*,#4119,.T.);
#5693=ORIENTED_EDGE('',*,*,#4138,.T.);
#5694=ORIENTED_EDGE('',*,*,#4173,.F.);
#5695=ORIENTED_EDGE('',*,*,#4189,.T.);
#5696=ORIENTED_EDGE('',*,*,#4197,.F.);
#5697=ORIENTED_EDGE('',*,*,#4203,.T.);
#5698=ORIENTED_EDGE('',*,*,#4204,.T.);
#5699=ORIENTED_EDGE('',*,*,#4205,.T.);
#5700=ORIENTED_EDGE('',*,*,#4206,.T.);
#5701=ORIENTED_EDGE('',*,*,#4207,.T.);
#5702=ORIENTED_EDGE('',*,*,#4204,.F.);
#5703=ORIENTED_EDGE('',*,*,#4208,.T.);
#5704=ORIENTED_EDGE('',*,*,#4209,.T.);
#5705=ORIENTED_EDGE('',*,*,#4210,.T.);
#5706=ORIENTED_EDGE('',*,*,#4205,.F.);
#5707=ORIENTED_EDGE('',*,*,#4211,.T.);
#5708=ORIENTED_EDGE('',*,*,#4212,.T.);
#5709=ORIENTED_EDGE('',*,*,#4211,.F.);
#5710=ORIENTED_EDGE('',*,*,#4213,.F.);
#5711=ORIENTED_EDGE('',*,*,#4214,.F.);
#5712=ORIENTED_EDGE('',*,*,#4215,.F.);
#5713=ORIENTED_EDGE('',*,*,#4206,.F.);
#5714=ORIENTED_EDGE('',*,*,#4210,.F.);
#5715=ORIENTED_EDGE('',*,*,#4216,.F.);
#5716=ORIENTED_EDGE('',*,*,#4208,.F.);
#5717=ORIENTED_EDGE('',*,*,#4203,.F.);
#5718=ORIENTED_EDGE('',*,*,#4209,.F.);
#5719=ORIENTED_EDGE('',*,*,#4216,.T.);
#5720=ORIENTED_EDGE('',*,*,#4217,.T.);
#5721=ORIENTED_EDGE('',*,*,#4218,.T.);
#5722=ORIENTED_EDGE('',*,*,#4219,.T.);
#5723=ORIENTED_EDGE('',*,*,#4218,.F.);
#5724=ORIENTED_EDGE('',*,*,#4220,.F.);
#5725=ORIENTED_EDGE('',*,*,#4221,.F.);
#5726=ORIENTED_EDGE('',*,*,#4222,.F.);
#5727=ORIENTED_EDGE('',*,*,#4223,.F.);
#5728=ORIENTED_EDGE('',*,*,#4224,.F.);
#5729=ORIENTED_EDGE('',*,*,#4225,.F.);
#5730=ORIENTED_EDGE('',*,*,#4226,.F.);
#5731=ORIENTED_EDGE('',*,*,#4227,.F.);
#5732=ORIENTED_EDGE('',*,*,#4228,.F.);
#5733=ORIENTED_EDGE('',*,*,#4229,.F.);
#5734=ORIENTED_EDGE('',*,*,#4230,.F.);
#5735=ORIENTED_EDGE('',*,*,#4231,.F.);
#5736=ORIENTED_EDGE('',*,*,#4232,.F.);
#5737=ORIENTED_EDGE('',*,*,#4233,.F.);
#5738=ORIENTED_EDGE('',*,*,#4234,.F.);
#5739=ORIENTED_EDGE('',*,*,#4235,.F.);
#5740=ORIENTED_EDGE('',*,*,#4236,.F.);
#5741=ORIENTED_EDGE('',*,*,#4237,.F.);
#5742=ORIENTED_EDGE('',*,*,#4238,.F.);
#5743=ORIENTED_EDGE('',*,*,#4239,.F.);
#5744=ORIENTED_EDGE('',*,*,#4240,.F.);
#5745=ORIENTED_EDGE('',*,*,#4241,.F.);
#5746=ORIENTED_EDGE('',*,*,#4242,.T.);
#5747=ORIENTED_EDGE('',*,*,#4243,.F.);
#5748=ORIENTED_EDGE('',*,*,#4244,.F.);
#5749=ORIENTED_EDGE('',*,*,#4245,.F.);
#5750=ORIENTED_EDGE('',*,*,#4219,.F.);
#5751=ORIENTED_EDGE('',*,*,#4217,.F.);
#5752=ORIENTED_EDGE('',*,*,#4246,.T.);
#5753=ORIENTED_EDGE('',*,*,#4247,.T.);
#5754=ORIENTED_EDGE('',*,*,#4246,.F.);
#5755=ORIENTED_EDGE('',*,*,#4237,.T.);
#5756=ORIENTED_EDGE('',*,*,#4248,.T.);
#5757=ORIENTED_EDGE('',*,*,#4249,.T.);
#5758=ORIENTED_EDGE('',*,*,#4248,.F.);
#5759=ORIENTED_EDGE('',*,*,#4250,.F.);
#5760=ORIENTED_EDGE('',*,*,#4251,.T.);
#5761=ORIENTED_EDGE('',*,*,#4249,.F.);
#5762=ORIENTED_EDGE('',*,*,#4251,.F.);
#5763=ORIENTED_EDGE('',*,*,#4245,.T.);
#5764=ORIENTED_EDGE('',*,*,#4252,.T.);
#5765=ORIENTED_EDGE('',*,*,#4253,.T.);
#5766=ORIENTED_EDGE('',*,*,#4252,.F.);
#5767=ORIENTED_EDGE('',*,*,#4254,.F.);
#5768=ORIENTED_EDGE('',*,*,#4255,.T.);
#5769=ORIENTED_EDGE('',*,*,#4253,.F.);
#5770=ORIENTED_EDGE('',*,*,#4255,.F.);
#5771=ORIENTED_EDGE('',*,*,#4238,.T.);
#5772=ORIENTED_EDGE('',*,*,#4256,.T.);
#5773=ORIENTED_EDGE('',*,*,#4257,.T.);
#5774=ORIENTED_EDGE('',*,*,#4256,.F.);
#5775=ORIENTED_EDGE('',*,*,#4258,.F.);
#5776=ORIENTED_EDGE('',*,*,#4259,.T.);
#5777=ORIENTED_EDGE('',*,*,#4257,.F.);
#5778=ORIENTED_EDGE('',*,*,#4259,.F.);
#5779=ORIENTED_EDGE('',*,*,#4260,.T.);
#5780=ORIENTED_EDGE('',*,*,#4213,.T.);
#5781=ORIENTED_EDGE('',*,*,#4260,.F.);
#5782=ORIENTED_EDGE('',*,*,#4261,.T.);
#5783=ORIENTED_EDGE('',*,*,#4262,.T.);
#5784=ORIENTED_EDGE('',*,*,#4261,.F.);
#5785=ORIENTED_EDGE('',*,*,#4262,.F.);
#5786=ORIENTED_EDGE('',*,*,#4263,.T.);
#5787=ORIENTED_EDGE('',*,*,#4264,.F.);
#5788=ORIENTED_EDGE('',*,*,#4263,.F.);
#5789=ORIENTED_EDGE('',*,*,#4265,.T.);
#5790=ORIENTED_EDGE('',*,*,#4266,.T.);
#5791=ORIENTED_EDGE('',*,*,#4267,.T.);
#5792=ORIENTED_EDGE('',*,*,#4266,.F.);
#5793=ORIENTED_EDGE('',*,*,#4268,.F.);
#5794=ORIENTED_EDGE('',*,*,#4269,.T.);
#5795=ORIENTED_EDGE('',*,*,#4267,.F.);
#5796=ORIENTED_EDGE('',*,*,#4269,.F.);
#5797=ORIENTED_EDGE('',*,*,#4270,.F.);
#5798=ORIENTED_EDGE('',*,*,#4271,.F.);
#5799=ORIENTED_EDGE('',*,*,#4272,.F.);
#5800=ORIENTED_EDGE('',*,*,#4273,.T.);
#5801=ORIENTED_EDGE('',*,*,#4265,.F.);
#5802=ORIENTED_EDGE('',*,*,#4274,.T.);
#5803=ORIENTED_EDGE('',*,*,#4275,.T.);
#5804=ORIENTED_EDGE('',*,*,#4268,.T.);
#5805=ORIENTED_EDGE('',*,*,#4275,.F.);
#5806=ORIENTED_EDGE('',*,*,#4212,.F.);
#5807=ORIENTED_EDGE('',*,*,#4274,.F.);
#5808=ORIENTED_EDGE('',*,*,#4244,.T.);
#5809=ORIENTED_EDGE('',*,*,#4276,.T.);
#5810=ORIENTED_EDGE('',*,*,#4277,.T.);
#5811=ORIENTED_EDGE('',*,*,#4276,.F.);
#5812=ORIENTED_EDGE('',*,*,#4278,.F.);
#5813=ORIENTED_EDGE('',*,*,#4279,.T.);
#5814=ORIENTED_EDGE('',*,*,#4277,.F.);
#5815=ORIENTED_EDGE('',*,*,#4279,.F.);
#5816=ORIENTED_EDGE('',*,*,#4239,.T.);
#5817=ORIENTED_EDGE('',*,*,#4280,.T.);
#5818=ORIENTED_EDGE('',*,*,#4281,.T.);
#5819=ORIENTED_EDGE('',*,*,#4280,.F.);
#5820=ORIENTED_EDGE('',*,*,#4282,.F.);
#5821=ORIENTED_EDGE('',*,*,#4283,.T.);
#5822=ORIENTED_EDGE('',*,*,#4281,.F.);
#5823=ORIENTED_EDGE('',*,*,#4283,.F.);
#5824=ORIENTED_EDGE('',*,*,#4243,.T.);
#5825=ORIENTED_EDGE('',*,*,#4284,.T.);
#5826=ORIENTED_EDGE('',*,*,#4285,.T.);
#5827=ORIENTED_EDGE('',*,*,#4284,.F.);
#5828=ORIENTED_EDGE('',*,*,#4286,.T.);
#5829=ORIENTED_EDGE('',*,*,#4287,.T.);
#5830=ORIENTED_EDGE('',*,*,#4285,.F.);
#5831=ORIENTED_EDGE('',*,*,#4287,.F.);
#5832=ORIENTED_EDGE('',*,*,#4240,.T.);
#5833=ORIENTED_EDGE('',*,*,#4288,.T.);
#5834=ORIENTED_EDGE('',*,*,#4289,.T.);
#5835=ORIENTED_EDGE('',*,*,#4288,.F.);
#5836=ORIENTED_EDGE('',*,*,#4290,.F.);
#5837=ORIENTED_EDGE('',*,*,#4291,.T.);
#5838=ORIENTED_EDGE('',*,*,#4289,.F.);
#5839=ORIENTED_EDGE('',*,*,#4291,.F.);
#5840=ORIENTED_EDGE('',*,*,#4292,.F.);
#5841=ORIENTED_EDGE('',*,*,#4293,.T.);
#5842=ORIENTED_EDGE('',*,*,#4247,.F.);
#5843=ORIENTED_EDGE('',*,*,#4293,.F.);
#5844=ORIENTED_EDGE('',*,*,#4294,.T.);
#5845=ORIENTED_EDGE('',*,*,#4295,.T.);
#5846=ORIENTED_EDGE('',*,*,#4296,.T.);
#5847=ORIENTED_EDGE('',*,*,#4295,.F.);
#5848=ORIENTED_EDGE('',*,*,#4294,.F.);
#5849=ORIENTED_EDGE('',*,*,#4297,.T.);
#5850=ORIENTED_EDGE('',*,*,#4242,.F.);
#5851=ORIENTED_EDGE('',*,*,#4297,.F.);
#5852=ORIENTED_EDGE('',*,*,#4298,.T.);
#5853=ORIENTED_EDGE('',*,*,#4296,.F.);
#5854=ORIENTED_EDGE('',*,*,#4290,.T.);
#5855=ORIENTED_EDGE('',*,*,#4299,.T.);
#5856=ORIENTED_EDGE('',*,*,#4300,.T.);
#5857=ORIENTED_EDGE('',*,*,#4299,.F.);
#5858=ORIENTED_EDGE('',*,*,#4301,.T.);
#5859=ORIENTED_EDGE('',*,*,#4300,.F.);
#5860=ORIENTED_EDGE('',*,*,#4250,.T.);
#5861=ORIENTED_EDGE('',*,*,#4302,.T.);
#5862=ORIENTED_EDGE('',*,*,#4303,.T.);
#5863=ORIENTED_EDGE('',*,*,#4302,.F.);
#5864=ORIENTED_EDGE('',*,*,#4304,.T.);
#5865=ORIENTED_EDGE('',*,*,#4303,.F.);
#5866=ORIENTED_EDGE('',*,*,#4282,.T.);
#5867=ORIENTED_EDGE('',*,*,#4305,.T.);
#5868=ORIENTED_EDGE('',*,*,#4306,.T.);
#5869=ORIENTED_EDGE('',*,*,#4305,.F.);
#5870=ORIENTED_EDGE('',*,*,#4307,.T.);
#5871=ORIENTED_EDGE('',*,*,#4306,.F.);
#5872=ORIENTED_EDGE('',*,*,#4254,.T.);
#5873=ORIENTED_EDGE('',*,*,#4308,.T.);
#5874=ORIENTED_EDGE('',*,*,#4309,.T.);
#5875=ORIENTED_EDGE('',*,*,#4308,.F.);
#5876=ORIENTED_EDGE('',*,*,#4310,.T.);
#5877=ORIENTED_EDGE('',*,*,#4309,.F.);
#5878=ORIENTED_EDGE('',*,*,#4278,.T.);
#5879=ORIENTED_EDGE('',*,*,#4311,.T.);
#5880=ORIENTED_EDGE('',*,*,#4312,.T.);
#5881=ORIENTED_EDGE('',*,*,#4311,.F.);
#5882=ORIENTED_EDGE('',*,*,#4313,.T.);
#5883=ORIENTED_EDGE('',*,*,#4312,.F.);
#5884=ORIENTED_EDGE('',*,*,#4258,.T.);
#5885=ORIENTED_EDGE('',*,*,#4314,.T.);
#5886=ORIENTED_EDGE('',*,*,#4315,.T.);
#5887=ORIENTED_EDGE('',*,*,#4314,.F.);
#5888=ORIENTED_EDGE('',*,*,#4316,.T.);
#5889=ORIENTED_EDGE('',*,*,#4315,.F.);
#5890=ORIENTED_EDGE('',*,*,#4292,.T.);
#5891=ORIENTED_EDGE('',*,*,#4317,.T.);
#5892=ORIENTED_EDGE('',*,*,#4318,.T.);
#5893=ORIENTED_EDGE('',*,*,#4317,.F.);
#5894=ORIENTED_EDGE('',*,*,#4319,.T.);
#5895=ORIENTED_EDGE('',*,*,#4318,.F.);
#5896=ORIENTED_EDGE('',*,*,#4241,.T.);
#5897=ORIENTED_EDGE('',*,*,#4320,.T.);
#5898=ORIENTED_EDGE('',*,*,#4321,.T.);
#5899=ORIENTED_EDGE('',*,*,#4320,.F.);
#5900=ORIENTED_EDGE('',*,*,#4322,.F.);
#5901=ORIENTED_EDGE('',*,*,#4323,.T.);
#5902=ORIENTED_EDGE('',*,*,#4321,.F.);
#5903=ORIENTED_EDGE('',*,*,#4323,.F.);
#5904=ORIENTED_EDGE('',*,*,#4226,.T.);
#5905=ORIENTED_EDGE('',*,*,#4324,.T.);
#5906=ORIENTED_EDGE('',*,*,#4325,.T.);
#5907=ORIENTED_EDGE('',*,*,#4326,.F.);
#5908=ORIENTED_EDGE('',*,*,#4327,.T.);
#5909=ORIENTED_EDGE('',*,*,#4328,.T.);
#5910=ORIENTED_EDGE('',*,*,#4227,.T.);
#5911=ORIENTED_EDGE('',*,*,#4326,.T.);
#5912=ORIENTED_EDGE('',*,*,#4225,.T.);
#5913=ORIENTED_EDGE('',*,*,#4329,.T.);
#5914=ORIENTED_EDGE('',*,*,#4330,.T.);
#5915=ORIENTED_EDGE('',*,*,#4324,.F.);
#5916=ORIENTED_EDGE('',*,*,#4331,.T.);
#5917=ORIENTED_EDGE('',*,*,#4220,.T.);
#5918=ORIENTED_EDGE('',*,*,#4332,.T.);
#5919=ORIENTED_EDGE('',*,*,#4333,.T.);
#5920=ORIENTED_EDGE('',*,*,#4334,.T.);
#5921=ORIENTED_EDGE('',*,*,#4223,.T.);
#5922=ORIENTED_EDGE('',*,*,#4332,.F.);
#5923=ORIENTED_EDGE('',*,*,#4236,.T.);
#5924=ORIENTED_EDGE('',*,*,#4335,.T.);
#5925=ORIENTED_EDGE('',*,*,#4336,.T.);
#5926=ORIENTED_EDGE('',*,*,#4335,.F.);
#5927=ORIENTED_EDGE('',*,*,#4235,.T.);
#5928=ORIENTED_EDGE('',*,*,#4337,.T.);
#5929=ORIENTED_EDGE('',*,*,#4338,.T.);
#5930=ORIENTED_EDGE('',*,*,#4337,.F.);
#5931=ORIENTED_EDGE('',*,*,#4234,.T.);
#5932=ORIENTED_EDGE('',*,*,#4339,.T.);
#5933=ORIENTED_EDGE('',*,*,#4340,.T.);
#5934=ORIENTED_EDGE('',*,*,#4341,.T.);
#5935=ORIENTED_EDGE('',*,*,#4342,.T.);
#5936=ORIENTED_EDGE('',*,*,#4339,.F.);
#5937=ORIENTED_EDGE('',*,*,#4233,.T.);
#5938=ORIENTED_EDGE('',*,*,#4343,.T.);
#5939=ORIENTED_EDGE('',*,*,#4344,.T.);
#5940=ORIENTED_EDGE('',*,*,#4341,.F.);
#5941=ORIENTED_EDGE('',*,*,#4232,.T.);
#5942=ORIENTED_EDGE('',*,*,#4345,.T.);
#5943=ORIENTED_EDGE('',*,*,#4346,.T.);
#5944=ORIENTED_EDGE('',*,*,#4343,.F.);
#5945=ORIENTED_EDGE('',*,*,#4231,.T.);
#5946=ORIENTED_EDGE('',*,*,#4347,.T.);
#5947=ORIENTED_EDGE('',*,*,#4348,.T.);
#5948=ORIENTED_EDGE('',*,*,#4345,.F.);
#5949=ORIENTED_EDGE('',*,*,#4230,.T.);
#5950=ORIENTED_EDGE('',*,*,#4349,.T.);
#5951=ORIENTED_EDGE('',*,*,#4347,.F.);
#5952=ORIENTED_EDGE('',*,*,#4229,.T.);
#5953=ORIENTED_EDGE('',*,*,#4350,.T.);
#5954=ORIENTED_EDGE('',*,*,#4224,.T.);
#5955=ORIENTED_EDGE('',*,*,#4334,.F.);
#5956=ORIENTED_EDGE('',*,*,#4351,.T.);
#5957=ORIENTED_EDGE('',*,*,#4329,.F.);
#5958=ORIENTED_EDGE('',*,*,#4352,.T.);
#5959=ORIENTED_EDGE('',*,*,#4350,.F.);
#5960=ORIENTED_EDGE('',*,*,#4228,.T.);
#5961=ORIENTED_EDGE('',*,*,#4328,.F.);
#5962=ORIENTED_EDGE('',*,*,#4331,.F.);
#5963=ORIENTED_EDGE('',*,*,#4222,.T.);
#5964=ORIENTED_EDGE('',*,*,#4353,.T.);
#5965=ORIENTED_EDGE('',*,*,#4354,.T.);
#5966=ORIENTED_EDGE('',*,*,#4353,.F.);
#5967=ORIENTED_EDGE('',*,*,#4221,.T.);
#5968=ORIENTED_EDGE('',*,*,#4349,.F.);
#5969=ORIENTED_EDGE('',*,*,#4355,.F.);
#5970=ORIENTED_EDGE('',*,*,#4356,.F.);
#5971=ORIENTED_EDGE('',*,*,#4357,.T.);
#5972=ORIENTED_EDGE('',*,*,#4352,.F.);
#5973=ORIENTED_EDGE('',*,*,#4358,.F.);
#5974=ORIENTED_EDGE('',*,*,#4359,.F.);
#5975=ORIENTED_EDGE('',*,*,#4355,.T.);
#5976=ORIENTED_EDGE('',*,*,#4327,.F.);
#5977=ORIENTED_EDGE('',*,*,#4360,.F.);
#5978=ORIENTED_EDGE('',*,*,#4361,.F.);
#5979=ORIENTED_EDGE('',*,*,#4358,.T.);
#5980=ORIENTED_EDGE('',*,*,#4325,.F.);
#5981=ORIENTED_EDGE('',*,*,#4362,.F.);
#5982=ORIENTED_EDGE('',*,*,#4363,.F.);
#5983=ORIENTED_EDGE('',*,*,#4360,.T.);
#5984=ORIENTED_EDGE('',*,*,#4330,.F.);
#5985=ORIENTED_EDGE('',*,*,#4364,.F.);
#5986=ORIENTED_EDGE('',*,*,#4365,.F.);
#5987=ORIENTED_EDGE('',*,*,#4362,.T.);
#5988=ORIENTED_EDGE('',*,*,#4351,.F.);
#5989=ORIENTED_EDGE('',*,*,#4366,.T.);
#5990=ORIENTED_EDGE('',*,*,#4367,.F.);
#5991=ORIENTED_EDGE('',*,*,#4364,.T.);
#5992=ORIENTED_EDGE('',*,*,#4333,.F.);
#5993=ORIENTED_EDGE('',*,*,#4368,.F.);
#5994=ORIENTED_EDGE('',*,*,#4369,.F.);
#5995=ORIENTED_EDGE('',*,*,#4366,.F.);
#5996=ORIENTED_EDGE('',*,*,#4370,.F.);
#5997=ORIENTED_EDGE('',*,*,#4371,.F.);
#5998=ORIENTED_EDGE('',*,*,#4372,.T.);
#5999=ORIENTED_EDGE('',*,*,#4354,.F.);
#6000=ORIENTED_EDGE('',*,*,#4372,.F.);
#6001=ORIENTED_EDGE('',*,*,#4322,.T.);
#6002=ORIENTED_EDGE('',*,*,#4373,.T.);
#6003=ORIENTED_EDGE('',*,*,#4374,.T.);
#6004=ORIENTED_EDGE('',*,*,#4375,.T.);
#6005=ORIENTED_EDGE('',*,*,#4373,.F.);
#6006=ORIENTED_EDGE('',*,*,#4376,.F.);
#6007=ORIENTED_EDGE('',*,*,#4377,.F.);
#6008=ORIENTED_EDGE('',*,*,#4378,.F.);
#6009=ORIENTED_EDGE('',*,*,#4379,.T.);
#6010=ORIENTED_EDGE('',*,*,#4380,.T.);
#6011=ORIENTED_EDGE('',*,*,#4381,.F.);
#6012=ORIENTED_EDGE('',*,*,#4382,.F.);
#6013=ORIENTED_EDGE('',*,*,#4383,.F.);
#6014=ORIENTED_EDGE('',*,*,#4272,.T.);
#6015=ORIENTED_EDGE('',*,*,#4384,.F.);
#6016=ORIENTED_EDGE('',*,*,#4385,.F.);
#6017=ORIENTED_EDGE('',*,*,#4386,.F.);
#6018=ORIENTED_EDGE('',*,*,#4387,.F.);
#6019=ORIENTED_EDGE('',*,*,#4388,.F.);
#6020=ORIENTED_EDGE('',*,*,#4389,.F.);
#6021=ORIENTED_EDGE('',*,*,#4390,.F.);
#6022=ORIENTED_EDGE('',*,*,#4391,.F.);
#6023=ORIENTED_EDGE('',*,*,#4392,.F.);
#6024=ORIENTED_EDGE('',*,*,#4393,.F.);
#6025=ORIENTED_EDGE('',*,*,#4394,.F.);
#6026=ORIENTED_EDGE('',*,*,#4395,.F.);
#6027=ORIENTED_EDGE('',*,*,#4396,.F.);
#6028=ORIENTED_EDGE('',*,*,#4397,.F.);
#6029=ORIENTED_EDGE('',*,*,#4375,.F.);
#6030=ORIENTED_EDGE('',*,*,#4398,.F.);
#6031=ORIENTED_EDGE('',*,*,#4399,.F.);
#6032=ORIENTED_EDGE('',*,*,#4374,.F.);
#6033=ORIENTED_EDGE('',*,*,#4400,.F.);
#6034=ORIENTED_EDGE('',*,*,#4401,.F.);
#6035=ORIENTED_EDGE('',*,*,#4402,.F.);
#6036=ORIENTED_EDGE('',*,*,#4403,.F.);
#6037=ORIENTED_EDGE('',*,*,#4404,.F.);
#6038=ORIENTED_EDGE('',*,*,#4405,.T.);
#6039=ORIENTED_EDGE('',*,*,#4406,.T.);
#6040=ORIENTED_EDGE('',*,*,#4396,.T.);
#6041=ORIENTED_EDGE('',*,*,#4406,.F.);
#6042=ORIENTED_EDGE('',*,*,#4307,.F.);
#6043=ORIENTED_EDGE('',*,*,#4407,.T.);
#6044=ORIENTED_EDGE('',*,*,#4405,.F.);
#6045=ORIENTED_EDGE('',*,*,#4407,.F.);
#6046=ORIENTED_EDGE('',*,*,#4408,.T.);
#6047=ORIENTED_EDGE('',*,*,#4409,.T.);
#6048=ORIENTED_EDGE('',*,*,#4404,.T.);
#6049=ORIENTED_EDGE('',*,*,#4409,.F.);
#6050=ORIENTED_EDGE('',*,*,#4310,.F.);
#6051=ORIENTED_EDGE('',*,*,#4410,.T.);
#6052=ORIENTED_EDGE('',*,*,#4408,.F.);
#6053=ORIENTED_EDGE('',*,*,#4410,.F.);
#6054=ORIENTED_EDGE('',*,*,#4411,.T.);
#6055=ORIENTED_EDGE('',*,*,#4412,.T.);
#6056=ORIENTED_EDGE('',*,*,#4398,.T.);
#6057=ORIENTED_EDGE('',*,*,#4399,.T.);
#6058=ORIENTED_EDGE('',*,*,#4412,.F.);
#6059=ORIENTED_EDGE('',*,*,#4313,.F.);
#6060=ORIENTED_EDGE('',*,*,#4413,.T.);
#6061=ORIENTED_EDGE('',*,*,#4411,.F.);
#6062=ORIENTED_EDGE('',*,*,#4413,.F.);
#6063=ORIENTED_EDGE('',*,*,#4414,.T.);
#6064=ORIENTED_EDGE('',*,*,#4415,.T.);
#6065=ORIENTED_EDGE('',*,*,#4403,.T.);
#6066=ORIENTED_EDGE('',*,*,#4415,.F.);
#6067=ORIENTED_EDGE('',*,*,#4316,.F.);
#6068=ORIENTED_EDGE('',*,*,#4416,.T.);
#6069=ORIENTED_EDGE('',*,*,#4414,.F.);
#6070=ORIENTED_EDGE('',*,*,#4416,.F.);
#6071=ORIENTED_EDGE('',*,*,#4417,.T.);
#6072=ORIENTED_EDGE('',*,*,#4418,.T.);
#6073=ORIENTED_EDGE('',*,*,#4400,.T.);
#6074=ORIENTED_EDGE('',*,*,#4397,.T.);
#6075=ORIENTED_EDGE('',*,*,#4418,.F.);
#6076=ORIENTED_EDGE('',*,*,#4319,.F.);
#6077=ORIENTED_EDGE('',*,*,#4419,.T.);
#6078=ORIENTED_EDGE('',*,*,#4417,.F.);
#6079=ORIENTED_EDGE('',*,*,#4419,.F.);
#6080=ORIENTED_EDGE('',*,*,#4420,.T.);
#6081=ORIENTED_EDGE('',*,*,#4421,.T.);
#6082=ORIENTED_EDGE('',*,*,#4370,.T.);
#6083=ORIENTED_EDGE('',*,*,#4371,.T.);
#6084=ORIENTED_EDGE('',*,*,#4421,.F.);
#6085=ORIENTED_EDGE('',*,*,#4422,.T.);
#6086=ORIENTED_EDGE('',*,*,#4376,.T.);
#6087=ORIENTED_EDGE('',*,*,#4423,.T.);
#6088=ORIENTED_EDGE('',*,*,#4424,.T.);
#6089=ORIENTED_EDGE('',*,*,#4381,.T.);
#6090=ORIENTED_EDGE('',*,*,#4425,.F.);
#6091=ORIENTED_EDGE('',*,*,#4426,.F.);
#6092=ORIENTED_EDGE('',*,*,#4382,.T.);
#6093=ORIENTED_EDGE('',*,*,#4424,.F.);
#6094=ORIENTED_EDGE('',*,*,#4301,.F.);
#6095=ORIENTED_EDGE('',*,*,#4427,.T.);
#6096=ORIENTED_EDGE('',*,*,#4423,.F.);
#6097=ORIENTED_EDGE('',*,*,#4427,.F.);
#6098=ORIENTED_EDGE('',*,*,#4428,.T.);
#6099=ORIENTED_EDGE('',*,*,#4429,.T.);
#6100=ORIENTED_EDGE('',*,*,#4401,.T.);
#6101=ORIENTED_EDGE('',*,*,#4429,.F.);
#6102=ORIENTED_EDGE('',*,*,#4298,.F.);
#6103=ORIENTED_EDGE('',*,*,#4430,.T.);
#6104=ORIENTED_EDGE('',*,*,#4428,.F.);
#6105=ORIENTED_EDGE('',*,*,#4430,.F.);
#6106=ORIENTED_EDGE('',*,*,#4431,.T.);
#6107=ORIENTED_EDGE('',*,*,#4432,.T.);
#6108=ORIENTED_EDGE('',*,*,#4402,.T.);
#6109=ORIENTED_EDGE('',*,*,#4432,.F.);
#6110=ORIENTED_EDGE('',*,*,#4304,.F.);
#6111=ORIENTED_EDGE('',*,*,#4433,.T.);
#6112=ORIENTED_EDGE('',*,*,#4431,.F.);
#6113=ORIENTED_EDGE('',*,*,#4433,.F.);
#6114=ORIENTED_EDGE('',*,*,#4434,.T.);
#6115=ORIENTED_EDGE('',*,*,#4435,.T.);
#6116=ORIENTED_EDGE('',*,*,#4436,.T.);
#6117=ORIENTED_EDGE('',*,*,#4385,.T.);
#6118=ORIENTED_EDGE('',*,*,#4437,.T.);
#6119=ORIENTED_EDGE('',*,*,#4386,.T.);
#6120=ORIENTED_EDGE('',*,*,#4436,.F.);
#6121=ORIENTED_EDGE('',*,*,#4438,.T.);
#6122=ORIENTED_EDGE('',*,*,#4439,.T.);
#6123=ORIENTED_EDGE('',*,*,#4387,.T.);
#6124=ORIENTED_EDGE('',*,*,#4437,.F.);
#6125=ORIENTED_EDGE('',*,*,#4440,.T.);
#6126=ORIENTED_EDGE('',*,*,#4441,.T.);
#6127=ORIENTED_EDGE('',*,*,#4388,.T.);
#6128=ORIENTED_EDGE('',*,*,#4439,.F.);
#6129=ORIENTED_EDGE('',*,*,#4442,.T.);
#6130=ORIENTED_EDGE('',*,*,#4389,.T.);
#6131=ORIENTED_EDGE('',*,*,#4441,.F.);
#6132=ORIENTED_EDGE('',*,*,#4356,.T.);
#6133=ORIENTED_EDGE('',*,*,#4443,.T.);
#6134=ORIENTED_EDGE('',*,*,#4359,.T.);
#6135=ORIENTED_EDGE('',*,*,#4444,.T.);
#6136=ORIENTED_EDGE('',*,*,#4390,.T.);
#6137=ORIENTED_EDGE('',*,*,#4443,.F.);
#6138=ORIENTED_EDGE('',*,*,#4361,.T.);
#6139=ORIENTED_EDGE('',*,*,#4445,.T.);
#6140=ORIENTED_EDGE('',*,*,#4391,.T.);
#6141=ORIENTED_EDGE('',*,*,#4444,.F.);
#6142=ORIENTED_EDGE('',*,*,#4363,.T.);
#6143=ORIENTED_EDGE('',*,*,#4446,.T.);
#6144=ORIENTED_EDGE('',*,*,#4392,.T.);
#6145=ORIENTED_EDGE('',*,*,#4445,.F.);
#6146=ORIENTED_EDGE('',*,*,#4365,.T.);
#6147=ORIENTED_EDGE('',*,*,#4447,.T.);
#6148=ORIENTED_EDGE('',*,*,#4393,.T.);
#6149=ORIENTED_EDGE('',*,*,#4446,.F.);
#6150=ORIENTED_EDGE('',*,*,#4420,.F.);
#6151=ORIENTED_EDGE('',*,*,#4395,.T.);
#6152=ORIENTED_EDGE('',*,*,#4448,.T.);
#6153=ORIENTED_EDGE('',*,*,#4369,.T.);
#6154=ORIENTED_EDGE('',*,*,#4449,.T.);
#6155=ORIENTED_EDGE('',*,*,#4377,.T.);
#6156=ORIENTED_EDGE('',*,*,#4422,.F.);
#6157=ORIENTED_EDGE('',*,*,#4450,.T.);
#6158=ORIENTED_EDGE('',*,*,#4378,.T.);
#6159=ORIENTED_EDGE('',*,*,#4449,.F.);
#6160=ORIENTED_EDGE('',*,*,#4451,.T.);
#6161=ORIENTED_EDGE('',*,*,#4367,.T.);
#6162=ORIENTED_EDGE('',*,*,#4448,.F.);
#6163=ORIENTED_EDGE('',*,*,#4394,.T.);
#6164=ORIENTED_EDGE('',*,*,#4447,.F.);
#6165=ORIENTED_EDGE('',*,*,#4452,.T.);
#6166=ORIENTED_EDGE('',*,*,#4450,.F.);
#6167=ORIENTED_EDGE('',*,*,#4453,.T.);
#6168=ORIENTED_EDGE('',*,*,#4454,.T.);
#6169=ORIENTED_EDGE('',*,*,#4455,.T.);
#6170=ORIENTED_EDGE('',*,*,#4454,.F.);
#6171=ORIENTED_EDGE('',*,*,#4456,.T.);
#6172=ORIENTED_EDGE('',*,*,#4344,.F.);
#6173=ORIENTED_EDGE('',*,*,#4457,.F.);
#6174=ORIENTED_EDGE('',*,*,#4438,.F.);
#6175=ORIENTED_EDGE('',*,*,#4458,.T.);
#6176=ORIENTED_EDGE('',*,*,#4342,.F.);
#6177=ORIENTED_EDGE('',*,*,#4458,.F.);
#6178=ORIENTED_EDGE('',*,*,#4435,.F.);
#6179=ORIENTED_EDGE('',*,*,#4459,.T.);
#6180=ORIENTED_EDGE('',*,*,#4460,.F.);
#6181=ORIENTED_EDGE('',*,*,#4461,.T.);
#6182=ORIENTED_EDGE('',*,*,#4462,.T.);
#6183=ORIENTED_EDGE('',*,*,#4214,.T.);
#6184=ORIENTED_EDGE('',*,*,#4462,.F.);
#6185=ORIENTED_EDGE('',*,*,#4463,.T.);
#6186=ORIENTED_EDGE('',*,*,#4464,.F.);
#6187=ORIENTED_EDGE('',*,*,#4465,.T.);
#6188=ORIENTED_EDGE('',*,*,#4463,.F.);
#6189=ORIENTED_EDGE('',*,*,#4465,.F.);
#6190=ORIENTED_EDGE('',*,*,#4338,.F.);
#6191=ORIENTED_EDGE('',*,*,#4466,.F.);
#6192=ORIENTED_EDGE('',*,*,#4467,.F.);
#6193=ORIENTED_EDGE('',*,*,#4468,.F.);
#6194=ORIENTED_EDGE('',*,*,#4456,.F.);
#6195=ORIENTED_EDGE('',*,*,#4469,.T.);
#6196=ORIENTED_EDGE('',*,*,#4215,.T.);
#6197=ORIENTED_EDGE('',*,*,#4207,.F.);
#6198=ORIENTED_EDGE('',*,*,#4470,.T.);
#6199=ORIENTED_EDGE('',*,*,#4467,.T.);
#6200=ORIENTED_EDGE('',*,*,#4471,.T.);
#6201=ORIENTED_EDGE('',*,*,#4472,.T.);
#6202=ORIENTED_EDGE('',*,*,#4473,.T.);
#6203=ORIENTED_EDGE('',*,*,#4474,.T.);
#6204=ORIENTED_EDGE('',*,*,#4470,.F.);
#6205=ORIENTED_EDGE('',*,*,#4475,.T.);
#6206=ORIENTED_EDGE('',*,*,#4476,.T.);
#6207=ORIENTED_EDGE('',*,*,#4477,.T.);
#6208=ORIENTED_EDGE('',*,*,#4473,.F.);
#6209=ORIENTED_EDGE('',*,*,#4478,.T.);
#6210=ORIENTED_EDGE('',*,*,#4476,.F.);
#6211=ORIENTED_EDGE('',*,*,#4479,.T.);
#6212=ORIENTED_EDGE('',*,*,#4480,.T.);
#6213=ORIENTED_EDGE('',*,*,#4481,.T.);
#6214=ORIENTED_EDGE('',*,*,#4482,.T.);
#6215=ORIENTED_EDGE('',*,*,#4270,.T.);
#6216=ORIENTED_EDGE('',*,*,#4480,.F.);
#6217=ORIENTED_EDGE('',*,*,#4483,.T.);
#6218=ORIENTED_EDGE('',*,*,#4482,.F.);
#6219=ORIENTED_EDGE('',*,*,#4484,.T.);
#6220=ORIENTED_EDGE('',*,*,#4485,.T.);
#6221=ORIENTED_EDGE('',*,*,#4486,.T.);
#6222=ORIENTED_EDGE('',*,*,#4487,.T.);
#6223=ORIENTED_EDGE('',*,*,#4460,.T.);
#6224=ORIENTED_EDGE('',*,*,#4485,.F.);
#6225=ORIENTED_EDGE('',*,*,#4488,.T.);
#6226=ORIENTED_EDGE('',*,*,#4471,.F.);
#6227=ORIENTED_EDGE('',*,*,#4489,.T.);
#6228=ORIENTED_EDGE('',*,*,#4487,.F.);
#6229=ORIENTED_EDGE('',*,*,#4490,.T.);
#6230=ORIENTED_EDGE('',*,*,#4486,.F.);
#6231=ORIENTED_EDGE('',*,*,#4459,.F.);
#6232=ORIENTED_EDGE('',*,*,#4434,.F.);
#6233=ORIENTED_EDGE('',*,*,#4384,.T.);
#6234=ORIENTED_EDGE('',*,*,#4271,.T.);
#6235=ORIENTED_EDGE('',*,*,#4340,.F.);
#6236=ORIENTED_EDGE('',*,*,#4461,.F.);
#6237=ORIENTED_EDGE('',*,*,#4489,.F.);
#6238=ORIENTED_EDGE('',*,*,#4466,.T.);
#6239=ORIENTED_EDGE('',*,*,#4472,.F.);
#6240=ORIENTED_EDGE('',*,*,#4490,.F.);
#6241=ORIENTED_EDGE('',*,*,#4488,.F.);
#6242=ORIENTED_EDGE('',*,*,#4484,.F.);
#6243=ORIENTED_EDGE('',*,*,#4483,.F.);
#6244=ORIENTED_EDGE('',*,*,#4479,.F.);
#6245=ORIENTED_EDGE('',*,*,#4478,.F.);
#6246=ORIENTED_EDGE('',*,*,#4475,.F.);
#6247=ORIENTED_EDGE('',*,*,#4491,.F.);
#6248=ORIENTED_EDGE('',*,*,#4264,.T.);
#6249=ORIENTED_EDGE('',*,*,#4492,.T.);
#6250=ORIENTED_EDGE('',*,*,#4491,.T.);
#6251=ORIENTED_EDGE('',*,*,#4492,.F.);
#6252=ORIENTED_EDGE('',*,*,#4336,.F.);
#6253=ORIENTED_EDGE('',*,*,#4469,.F.);
#6254=ORIENTED_EDGE('',*,*,#4453,.F.);
#6255=ORIENTED_EDGE('',*,*,#4451,.F.);
#6256=ORIENTED_EDGE('',*,*,#4368,.T.);
#6257=ORIENTED_EDGE('',*,*,#4346,.F.);
#6258=ORIENTED_EDGE('',*,*,#4493,.F.);
#6259=ORIENTED_EDGE('',*,*,#4440,.F.);
#6260=ORIENTED_EDGE('',*,*,#4457,.T.);
#6261=ORIENTED_EDGE('',*,*,#4348,.F.);
#6262=ORIENTED_EDGE('',*,*,#4357,.F.);
#6263=ORIENTED_EDGE('',*,*,#4442,.F.);
#6264=ORIENTED_EDGE('',*,*,#4493,.T.);
#6265=ORIENTED_EDGE('',*,*,#4474,.F.);
#6266=ORIENTED_EDGE('',*,*,#4494,.F.);
#6267=ORIENTED_EDGE('',*,*,#4379,.F.);
#6268=ORIENTED_EDGE('',*,*,#4452,.F.);
#6269=ORIENTED_EDGE('',*,*,#4455,.F.);
#6270=ORIENTED_EDGE('',*,*,#4468,.T.);
#6271=ORIENTED_EDGE('',*,*,#4481,.F.);
#6272=ORIENTED_EDGE('',*,*,#4273,.F.);
#6273=ORIENTED_EDGE('',*,*,#4383,.T.);
#6274=ORIENTED_EDGE('',*,*,#4426,.T.);
#6275=ORIENTED_EDGE('',*,*,#4495,.T.);
#6276=ORIENTED_EDGE('',*,*,#4477,.F.);
#6277=ORIENTED_EDGE('',*,*,#4495,.F.);
#6278=ORIENTED_EDGE('',*,*,#4425,.T.);
#6279=ORIENTED_EDGE('',*,*,#4380,.F.);
#6280=ORIENTED_EDGE('',*,*,#4494,.T.);
#6281=ORIENTED_EDGE('',*,*,#4464,.T.);
#6282=ORIENTED_EDGE('',*,*,#4286,.F.);
#6283=ORIENTED_EDGE('',*,*,#4496,.F.);
#6284=ORIENTED_EDGE('',*,*,#4497,.F.);
#6285=ORIENTED_EDGE('',*,*,#4498,.F.);
#6286=ORIENTED_EDGE('',*,*,#4499,.F.);
#6287=ORIENTED_EDGE('',*,*,#4500,.F.);
#6288=ORIENTED_EDGE('',*,*,#4500,.T.);
#6289=ORIENTED_EDGE('',*,*,#4501,.T.);
#6290=ORIENTED_EDGE('',*,*,#4502,.F.);
#6291=ORIENTED_EDGE('',*,*,#4501,.F.);
#6292=ORIENTED_EDGE('',*,*,#4499,.T.);
#6293=ORIENTED_EDGE('',*,*,#4503,.F.);
#6294=ORIENTED_EDGE('',*,*,#4504,.F.);
#6295=ORIENTED_EDGE('',*,*,#4505,.F.);
#6296=ORIENTED_EDGE('',*,*,#4506,.T.);
#6297=ORIENTED_EDGE('',*,*,#4507,.T.);
#6298=ORIENTED_EDGE('',*,*,#4508,.T.);
#6299=ORIENTED_EDGE('',*,*,#4496,.T.);
#6300=ORIENTED_EDGE('',*,*,#4505,.T.);
#6301=ORIENTED_EDGE('',*,*,#4509,.T.);
#6302=ORIENTED_EDGE('',*,*,#4503,.T.);
#6303=ORIENTED_EDGE('',*,*,#4498,.T.);
#6304=ORIENTED_EDGE('',*,*,#4504,.T.);
#6305=ORIENTED_EDGE('',*,*,#4509,.F.);
#6306=ORIENTED_EDGE('',*,*,#4510,.F.);
#6307=ORIENTED_EDGE('',*,*,#4511,.T.);
#6308=ORIENTED_EDGE('',*,*,#4512,.F.);
#6309=ORIENTED_EDGE('',*,*,#4511,.F.);
#6310=ORIENTED_EDGE('',*,*,#4513,.T.);
#6311=ORIENTED_EDGE('',*,*,#4514,.T.);
#6312=ORIENTED_EDGE('',*,*,#4515,.T.);
#6313=ORIENTED_EDGE('',*,*,#4516,.T.);
#6314=ORIENTED_EDGE('',*,*,#4517,.T.);
#6315=ORIENTED_EDGE('',*,*,#4518,.T.);
#6316=ORIENTED_EDGE('',*,*,#4519,.T.);
#6317=ORIENTED_EDGE('',*,*,#4520,.T.);
#6318=ORIENTED_EDGE('',*,*,#4521,.T.);
#6319=ORIENTED_EDGE('',*,*,#4522,.T.);
#6320=ORIENTED_EDGE('',*,*,#4523,.T.);
#6321=ORIENTED_EDGE('',*,*,#4524,.T.);
#6322=ORIENTED_EDGE('',*,*,#4525,.T.);
#6323=ORIENTED_EDGE('',*,*,#4526,.T.);
#6324=ORIENTED_EDGE('',*,*,#4527,.T.);
#6325=ORIENTED_EDGE('',*,*,#4528,.T.);
#6326=ORIENTED_EDGE('',*,*,#4529,.T.);
#6327=ORIENTED_EDGE('',*,*,#4530,.T.);
#6328=ORIENTED_EDGE('',*,*,#4531,.T.);
#6329=ORIENTED_EDGE('',*,*,#4532,.T.);
#6330=ORIENTED_EDGE('',*,*,#4533,.T.);
#6331=ORIENTED_EDGE('',*,*,#4534,.T.);
#6332=ORIENTED_EDGE('',*,*,#4535,.F.);
#6333=ORIENTED_EDGE('',*,*,#4536,.T.);
#6334=ORIENTED_EDGE('',*,*,#4537,.T.);
#6335=ORIENTED_EDGE('',*,*,#4538,.T.);
#6336=ORIENTED_EDGE('',*,*,#4512,.T.);
#6337=ORIENTED_EDGE('',*,*,#4510,.T.);
#6338=ORIENTED_EDGE('',*,*,#4539,.T.);
#6339=ORIENTED_EDGE('',*,*,#4540,.F.);
#6340=ORIENTED_EDGE('',*,*,#4539,.F.);
#6341=ORIENTED_EDGE('',*,*,#4530,.F.);
#6342=ORIENTED_EDGE('',*,*,#4541,.T.);
#6343=ORIENTED_EDGE('',*,*,#4542,.F.);
#6344=ORIENTED_EDGE('',*,*,#4541,.F.);
#6345=ORIENTED_EDGE('',*,*,#4543,.T.);
#6346=ORIENTED_EDGE('',*,*,#4544,.T.);
#6347=ORIENTED_EDGE('',*,*,#4542,.T.);
#6348=ORIENTED_EDGE('',*,*,#4544,.F.);
#6349=ORIENTED_EDGE('',*,*,#4538,.F.);
#6350=ORIENTED_EDGE('',*,*,#4545,.T.);
#6351=ORIENTED_EDGE('',*,*,#4546,.F.);
#6352=ORIENTED_EDGE('',*,*,#4545,.F.);
#6353=ORIENTED_EDGE('',*,*,#4547,.T.);
#6354=ORIENTED_EDGE('',*,*,#4548,.T.);
#6355=ORIENTED_EDGE('',*,*,#4546,.T.);
#6356=ORIENTED_EDGE('',*,*,#4548,.F.);
#6357=ORIENTED_EDGE('',*,*,#4531,.F.);
#6358=ORIENTED_EDGE('',*,*,#4549,.T.);
#6359=ORIENTED_EDGE('',*,*,#4550,.F.);
#6360=ORIENTED_EDGE('',*,*,#4549,.F.);
#6361=ORIENTED_EDGE('',*,*,#4551,.T.);
#6362=ORIENTED_EDGE('',*,*,#4552,.T.);
#6363=ORIENTED_EDGE('',*,*,#4550,.T.);
#6364=ORIENTED_EDGE('',*,*,#4552,.F.);
#6365=ORIENTED_EDGE('',*,*,#4553,.F.);
#6366=ORIENTED_EDGE('',*,*,#4554,.F.);
#6367=ORIENTED_EDGE('',*,*,#4555,.F.);
#6368=ORIENTED_EDGE('',*,*,#4553,.T.);
#6369=ORIENTED_EDGE('',*,*,#4506,.F.);
#6370=ORIENTED_EDGE('',*,*,#4555,.T.);
#6371=ORIENTED_EDGE('',*,*,#4556,.T.);
#6372=ORIENTED_EDGE('',*,*,#4557,.T.);
#6373=ORIENTED_EDGE('',*,*,#4556,.F.);
#6374=ORIENTED_EDGE('',*,*,#4554,.T.);
#6375=ORIENTED_EDGE('',*,*,#4558,.F.);
#6376=ORIENTED_EDGE('',*,*,#4559,.T.);
#6377=ORIENTED_EDGE('',*,*,#4560,.F.);
#6378=ORIENTED_EDGE('',*,*,#4559,.F.);
#6379=ORIENTED_EDGE('',*,*,#4561,.T.);
#6380=ORIENTED_EDGE('',*,*,#4562,.T.);
#6381=ORIENTED_EDGE('',*,*,#4560,.T.);
#6382=ORIENTED_EDGE('',*,*,#4562,.F.);
#6383=ORIENTED_EDGE('',*,*,#4563,.T.);
#6384=ORIENTED_EDGE('',*,*,#4564,.F.);
#6385=ORIENTED_EDGE('',*,*,#4565,.T.);
#6386=ORIENTED_EDGE('',*,*,#4566,.T.);
#6387=ORIENTED_EDGE('',*,*,#4558,.T.);
#6388=ORIENTED_EDGE('',*,*,#4567,.F.);
#6389=ORIENTED_EDGE('',*,*,#4568,.T.);
#6390=ORIENTED_EDGE('',*,*,#4561,.F.);
#6391=ORIENTED_EDGE('',*,*,#4568,.F.);
#6392=ORIENTED_EDGE('',*,*,#4502,.T.);
#6393=ORIENTED_EDGE('',*,*,#4567,.T.);
#6394=ORIENTED_EDGE('',*,*,#4537,.F.);
#6395=ORIENTED_EDGE('',*,*,#4569,.T.);
#6396=ORIENTED_EDGE('',*,*,#4570,.F.);
#6397=ORIENTED_EDGE('',*,*,#4569,.F.);
#6398=ORIENTED_EDGE('',*,*,#4571,.T.);
#6399=ORIENTED_EDGE('',*,*,#4572,.T.);
#6400=ORIENTED_EDGE('',*,*,#4570,.T.);
#6401=ORIENTED_EDGE('',*,*,#4572,.F.);
#6402=ORIENTED_EDGE('',*,*,#4532,.F.);
#6403=ORIENTED_EDGE('',*,*,#4573,.T.);
#6404=ORIENTED_EDGE('',*,*,#4574,.F.);
#6405=ORIENTED_EDGE('',*,*,#4573,.F.);
#6406=ORIENTED_EDGE('',*,*,#4575,.T.);
#6407=ORIENTED_EDGE('',*,*,#4576,.T.);
#6408=ORIENTED_EDGE('',*,*,#4574,.T.);
#6409=ORIENTED_EDGE('',*,*,#4576,.F.);
#6410=ORIENTED_EDGE('',*,*,#4536,.F.);
#6411=ORIENTED_EDGE('',*,*,#4577,.T.);
#6412=ORIENTED_EDGE('',*,*,#4578,.F.);
#6413=ORIENTED_EDGE('',*,*,#4577,.F.);
#6414=ORIENTED_EDGE('',*,*,#4579,.F.);
#6415=ORIENTED_EDGE('',*,*,#4580,.T.);
#6416=ORIENTED_EDGE('',*,*,#4578,.T.);
#6417=ORIENTED_EDGE('',*,*,#4580,.F.);
#6418=ORIENTED_EDGE('',*,*,#4533,.F.);
#6419=ORIENTED_EDGE('',*,*,#4581,.T.);
#6420=ORIENTED_EDGE('',*,*,#4582,.F.);
#6421=ORIENTED_EDGE('',*,*,#4581,.F.);
#6422=ORIENTED_EDGE('',*,*,#4583,.T.);
#6423=ORIENTED_EDGE('',*,*,#4584,.T.);
#6424=ORIENTED_EDGE('',*,*,#4582,.T.);
#6425=ORIENTED_EDGE('',*,*,#4584,.F.);
#6426=ORIENTED_EDGE('',*,*,#4585,.T.);
#6427=ORIENTED_EDGE('',*,*,#4586,.T.);
#6428=ORIENTED_EDGE('',*,*,#4540,.T.);
#6429=ORIENTED_EDGE('',*,*,#4586,.F.);
#6430=ORIENTED_EDGE('',*,*,#4587,.F.);
#6431=ORIENTED_EDGE('',*,*,#4588,.T.);
#6432=ORIENTED_EDGE('',*,*,#4589,.F.);
#6433=ORIENTED_EDGE('',*,*,#4588,.F.);
#6434=ORIENTED_EDGE('',*,*,#4587,.T.);
#6435=ORIENTED_EDGE('',*,*,#4590,.T.);
#6436=ORIENTED_EDGE('',*,*,#4535,.T.);
#6437=ORIENTED_EDGE('',*,*,#4590,.F.);
#6438=ORIENTED_EDGE('',*,*,#4591,.F.);
#6439=ORIENTED_EDGE('',*,*,#4589,.T.);
#6440=ORIENTED_EDGE('',*,*,#4583,.F.);
#6441=ORIENTED_EDGE('',*,*,#4592,.T.);
#6442=ORIENTED_EDGE('',*,*,#4593,.F.);
#6443=ORIENTED_EDGE('',*,*,#4592,.F.);
#6444=ORIENTED_EDGE('',*,*,#4594,.F.);
#6445=ORIENTED_EDGE('',*,*,#4593,.T.);
#6446=ORIENTED_EDGE('',*,*,#4543,.F.);
#6447=ORIENTED_EDGE('',*,*,#4595,.T.);
#6448=ORIENTED_EDGE('',*,*,#4596,.F.);
#6449=ORIENTED_EDGE('',*,*,#4595,.F.);
#6450=ORIENTED_EDGE('',*,*,#4597,.F.);
#6451=ORIENTED_EDGE('',*,*,#4596,.T.);
#6452=ORIENTED_EDGE('',*,*,#4575,.F.);
#6453=ORIENTED_EDGE('',*,*,#4598,.T.);
#6454=ORIENTED_EDGE('',*,*,#4599,.F.);
#6455=ORIENTED_EDGE('',*,*,#4598,.F.);
#6456=ORIENTED_EDGE('',*,*,#4600,.F.);
#6457=ORIENTED_EDGE('',*,*,#4599,.T.);
#6458=ORIENTED_EDGE('',*,*,#4547,.F.);
#6459=ORIENTED_EDGE('',*,*,#4601,.T.);
#6460=ORIENTED_EDGE('',*,*,#4602,.F.);
#6461=ORIENTED_EDGE('',*,*,#4601,.F.);
#6462=ORIENTED_EDGE('',*,*,#4603,.F.);
#6463=ORIENTED_EDGE('',*,*,#4602,.T.);
#6464=ORIENTED_EDGE('',*,*,#4571,.F.);
#6465=ORIENTED_EDGE('',*,*,#4604,.T.);
#6466=ORIENTED_EDGE('',*,*,#4605,.F.);
#6467=ORIENTED_EDGE('',*,*,#4604,.F.);
#6468=ORIENTED_EDGE('',*,*,#4606,.F.);
#6469=ORIENTED_EDGE('',*,*,#4605,.T.);
#6470=ORIENTED_EDGE('',*,*,#4551,.F.);
#6471=ORIENTED_EDGE('',*,*,#4607,.T.);
#6472=ORIENTED_EDGE('',*,*,#4608,.F.);
#6473=ORIENTED_EDGE('',*,*,#4607,.F.);
#6474=ORIENTED_EDGE('',*,*,#4609,.F.);
#6475=ORIENTED_EDGE('',*,*,#4608,.T.);
#6476=ORIENTED_EDGE('',*,*,#4585,.F.);
#6477=ORIENTED_EDGE('',*,*,#4610,.T.);
#6478=ORIENTED_EDGE('',*,*,#4611,.F.);
#6479=ORIENTED_EDGE('',*,*,#4610,.F.);
#6480=ORIENTED_EDGE('',*,*,#4612,.F.);
#6481=ORIENTED_EDGE('',*,*,#4611,.T.);
#6482=ORIENTED_EDGE('',*,*,#4534,.F.);
#6483=ORIENTED_EDGE('',*,*,#4613,.T.);
#6484=ORIENTED_EDGE('',*,*,#4614,.F.);
#6485=ORIENTED_EDGE('',*,*,#4613,.F.);
#6486=ORIENTED_EDGE('',*,*,#4615,.T.);
#6487=ORIENTED_EDGE('',*,*,#4616,.T.);
#6488=ORIENTED_EDGE('',*,*,#4614,.T.);
#6489=ORIENTED_EDGE('',*,*,#4616,.F.);
#6490=ORIENTED_EDGE('',*,*,#4524,.F.);
#6491=ORIENTED_EDGE('',*,*,#4617,.T.);
#6492=ORIENTED_EDGE('',*,*,#4618,.F.);
#6493=ORIENTED_EDGE('',*,*,#4619,.F.);
#6494=ORIENTED_EDGE('',*,*,#4620,.F.);
#6495=ORIENTED_EDGE('',*,*,#4617,.F.);
#6496=ORIENTED_EDGE('',*,*,#4523,.F.);
#6497=ORIENTED_EDGE('',*,*,#4621,.F.);
#6498=ORIENTED_EDGE('',*,*,#4525,.F.);
#6499=ORIENTED_EDGE('',*,*,#4619,.T.);
#6500=ORIENTED_EDGE('',*,*,#4622,.F.);
#6501=ORIENTED_EDGE('',*,*,#4623,.F.);
#6502=ORIENTED_EDGE('',*,*,#4624,.F.);
#6503=ORIENTED_EDGE('',*,*,#4527,.F.);
#6504=ORIENTED_EDGE('',*,*,#4625,.F.);
#6505=ORIENTED_EDGE('',*,*,#4626,.F.);
#6506=ORIENTED_EDGE('',*,*,#4627,.F.);
#6507=ORIENTED_EDGE('',*,*,#4513,.F.);
#6508=ORIENTED_EDGE('',*,*,#4627,.T.);
#6509=ORIENTED_EDGE('',*,*,#4628,.F.);
#6510=ORIENTED_EDGE('',*,*,#4629,.F.);
#6511=ORIENTED_EDGE('',*,*,#4514,.F.);
#6512=ORIENTED_EDGE('',*,*,#4629,.T.);
#6513=ORIENTED_EDGE('',*,*,#4630,.F.);
#6514=ORIENTED_EDGE('',*,*,#4631,.F.);
#6515=ORIENTED_EDGE('',*,*,#4515,.F.);
#6516=ORIENTED_EDGE('',*,*,#4631,.T.);
#6517=ORIENTED_EDGE('',*,*,#4632,.F.);
#6518=ORIENTED_EDGE('',*,*,#4633,.F.);
#6519=ORIENTED_EDGE('',*,*,#4516,.F.);
#6520=ORIENTED_EDGE('',*,*,#4634,.F.);
#6521=ORIENTED_EDGE('',*,*,#4517,.F.);
#6522=ORIENTED_EDGE('',*,*,#4633,.T.);
#6523=ORIENTED_EDGE('',*,*,#4635,.F.);
#6524=ORIENTED_EDGE('',*,*,#4636,.F.);
#6525=ORIENTED_EDGE('',*,*,#4518,.F.);
#6526=ORIENTED_EDGE('',*,*,#4634,.T.);
#6527=ORIENTED_EDGE('',*,*,#4637,.F.);
#6528=ORIENTED_EDGE('',*,*,#4638,.F.);
#6529=ORIENTED_EDGE('',*,*,#4519,.F.);
#6530=ORIENTED_EDGE('',*,*,#4636,.T.);
#6531=ORIENTED_EDGE('',*,*,#4639,.F.);
#6532=ORIENTED_EDGE('',*,*,#4640,.F.);
#6533=ORIENTED_EDGE('',*,*,#4520,.F.);
#6534=ORIENTED_EDGE('',*,*,#4638,.T.);
#6535=ORIENTED_EDGE('',*,*,#4641,.F.);
#6536=ORIENTED_EDGE('',*,*,#4642,.F.);
#6537=ORIENTED_EDGE('',*,*,#4643,.F.);
#6538=ORIENTED_EDGE('',*,*,#4521,.F.);
#6539=ORIENTED_EDGE('',*,*,#4640,.T.);
#6540=ORIENTED_EDGE('',*,*,#4526,.F.);
#6541=ORIENTED_EDGE('',*,*,#4623,.T.);
#6542=ORIENTED_EDGE('',*,*,#4644,.F.);
#6543=ORIENTED_EDGE('',*,*,#4625,.T.);
#6544=ORIENTED_EDGE('',*,*,#4645,.F.);
#6545=ORIENTED_EDGE('',*,*,#4621,.T.);
#6546=ORIENTED_EDGE('',*,*,#4522,.F.);
#6547=ORIENTED_EDGE('',*,*,#4643,.T.);
#6548=ORIENTED_EDGE('',*,*,#4624,.T.);
#6549=ORIENTED_EDGE('',*,*,#4529,.F.);
#6550=ORIENTED_EDGE('',*,*,#4646,.T.);
#6551=ORIENTED_EDGE('',*,*,#4647,.F.);
#6552=ORIENTED_EDGE('',*,*,#4646,.F.);
#6553=ORIENTED_EDGE('',*,*,#4528,.F.);
#6554=ORIENTED_EDGE('',*,*,#4642,.T.);
#6555=ORIENTED_EDGE('',*,*,#4648,.F.);
#6556=ORIENTED_EDGE('',*,*,#4649,.T.);
#6557=ORIENTED_EDGE('',*,*,#4650,.T.);
#6558=ORIENTED_EDGE('',*,*,#4645,.T.);
#6559=ORIENTED_EDGE('',*,*,#4650,.F.);
#6560=ORIENTED_EDGE('',*,*,#4651,.T.);
#6561=ORIENTED_EDGE('',*,*,#4652,.T.);
#6562=ORIENTED_EDGE('',*,*,#4620,.T.);
#6563=ORIENTED_EDGE('',*,*,#4652,.F.);
#6564=ORIENTED_EDGE('',*,*,#4653,.T.);
#6565=ORIENTED_EDGE('',*,*,#4654,.T.);
#6566=ORIENTED_EDGE('',*,*,#4618,.T.);
#6567=ORIENTED_EDGE('',*,*,#4654,.F.);
#6568=ORIENTED_EDGE('',*,*,#4655,.T.);
#6569=ORIENTED_EDGE('',*,*,#4656,.T.);
#6570=ORIENTED_EDGE('',*,*,#4622,.T.);
#6571=ORIENTED_EDGE('',*,*,#4656,.F.);
#6572=ORIENTED_EDGE('',*,*,#4657,.T.);
#6573=ORIENTED_EDGE('',*,*,#4658,.T.);
#6574=ORIENTED_EDGE('',*,*,#4644,.T.);
#6575=ORIENTED_EDGE('',*,*,#4658,.F.);
#6576=ORIENTED_EDGE('',*,*,#4659,.T.);
#6577=ORIENTED_EDGE('',*,*,#4660,.F.);
#6578=ORIENTED_EDGE('',*,*,#4626,.T.);
#6579=ORIENTED_EDGE('',*,*,#4660,.T.);
#6580=ORIENTED_EDGE('',*,*,#4661,.T.);
#6581=ORIENTED_EDGE('',*,*,#4662,.T.);
#6582=ORIENTED_EDGE('',*,*,#4663,.T.);
#6583=ORIENTED_EDGE('',*,*,#4664,.T.);
#6584=ORIENTED_EDGE('',*,*,#4647,.T.);
#6585=ORIENTED_EDGE('',*,*,#4664,.F.);
#6586=ORIENTED_EDGE('',*,*,#4665,.T.);
#6587=ORIENTED_EDGE('',*,*,#4615,.F.);
#6588=ORIENTED_EDGE('',*,*,#4666,.T.);
#6589=ORIENTED_EDGE('',*,*,#4667,.F.);
#6590=ORIENTED_EDGE('',*,*,#4668,.F.);
#6591=ORIENTED_EDGE('',*,*,#4666,.F.);
#6592=ORIENTED_EDGE('',*,*,#4669,.T.);
#6593=ORIENTED_EDGE('',*,*,#4670,.T.);
#6594=ORIENTED_EDGE('',*,*,#4671,.T.);
#6595=ORIENTED_EDGE('',*,*,#4672,.T.);
#6596=ORIENTED_EDGE('',*,*,#4673,.T.);
#6597=ORIENTED_EDGE('',*,*,#4674,.T.);
#6598=ORIENTED_EDGE('',*,*,#4675,.T.);
#6599=ORIENTED_EDGE('',*,*,#4676,.T.);
#6600=ORIENTED_EDGE('',*,*,#4677,.T.);
#6601=ORIENTED_EDGE('',*,*,#4678,.T.);
#6602=ORIENTED_EDGE('',*,*,#4679,.T.);
#6603=ORIENTED_EDGE('',*,*,#4680,.T.);
#6604=ORIENTED_EDGE('',*,*,#4681,.T.);
#6605=ORIENTED_EDGE('',*,*,#4565,.F.);
#6606=ORIENTED_EDGE('',*,*,#4682,.T.);
#6607=ORIENTED_EDGE('',*,*,#4683,.T.);
#6608=ORIENTED_EDGE('',*,*,#4684,.T.);
#6609=ORIENTED_EDGE('',*,*,#4685,.F.);
#6610=ORIENTED_EDGE('',*,*,#4686,.F.);
#6611=ORIENTED_EDGE('',*,*,#4687,.T.);
#6612=ORIENTED_EDGE('',*,*,#4688,.T.);
#6613=ORIENTED_EDGE('',*,*,#4689,.T.);
#6614=ORIENTED_EDGE('',*,*,#4690,.T.);
#6615=ORIENTED_EDGE('',*,*,#4691,.T.);
#6616=ORIENTED_EDGE('',*,*,#4668,.T.);
#6617=ORIENTED_EDGE('',*,*,#4692,.T.);
#6618=ORIENTED_EDGE('',*,*,#4693,.T.);
#6619=ORIENTED_EDGE('',*,*,#4667,.T.);
#6620=ORIENTED_EDGE('',*,*,#4694,.T.);
#6621=ORIENTED_EDGE('',*,*,#4695,.T.);
#6622=ORIENTED_EDGE('',*,*,#4696,.T.);
#6623=ORIENTED_EDGE('',*,*,#4697,.T.);
#6624=ORIENTED_EDGE('',*,*,#4698,.F.);
#6625=ORIENTED_EDGE('',*,*,#4699,.T.);
#6626=ORIENTED_EDGE('',*,*,#4689,.F.);
#6627=ORIENTED_EDGE('',*,*,#4699,.F.);
#6628=ORIENTED_EDGE('',*,*,#4600,.T.);
#6629=ORIENTED_EDGE('',*,*,#4700,.T.);
#6630=ORIENTED_EDGE('',*,*,#4698,.T.);
#6631=ORIENTED_EDGE('',*,*,#4700,.F.);
#6632=ORIENTED_EDGE('',*,*,#4701,.F.);
#6633=ORIENTED_EDGE('',*,*,#4702,.T.);
#6634=ORIENTED_EDGE('',*,*,#4697,.F.);
#6635=ORIENTED_EDGE('',*,*,#4702,.F.);
#6636=ORIENTED_EDGE('',*,*,#4603,.T.);
#6637=ORIENTED_EDGE('',*,*,#4703,.T.);
#6638=ORIENTED_EDGE('',*,*,#4701,.T.);
#6639=ORIENTED_EDGE('',*,*,#4703,.F.);
#6640=ORIENTED_EDGE('',*,*,#4704,.F.);
#6641=ORIENTED_EDGE('',*,*,#4705,.T.);
#6642=ORIENTED_EDGE('',*,*,#4692,.F.);
#6643=ORIENTED_EDGE('',*,*,#4693,.F.);
#6644=ORIENTED_EDGE('',*,*,#4705,.F.);
#6645=ORIENTED_EDGE('',*,*,#4606,.T.);
#6646=ORIENTED_EDGE('',*,*,#4706,.T.);
#6647=ORIENTED_EDGE('',*,*,#4704,.T.);
#6648=ORIENTED_EDGE('',*,*,#4706,.F.);
#6649=ORIENTED_EDGE('',*,*,#4707,.F.);
#6650=ORIENTED_EDGE('',*,*,#4708,.T.);
#6651=ORIENTED_EDGE('',*,*,#4696,.F.);
#6652=ORIENTED_EDGE('',*,*,#4708,.F.);
#6653=ORIENTED_EDGE('',*,*,#4609,.T.);
#6654=ORIENTED_EDGE('',*,*,#4709,.T.);
#6655=ORIENTED_EDGE('',*,*,#4707,.T.);
#6656=ORIENTED_EDGE('',*,*,#4709,.F.);
#6657=ORIENTED_EDGE('',*,*,#4710,.F.);
#6658=ORIENTED_EDGE('',*,*,#4711,.T.);
#6659=ORIENTED_EDGE('',*,*,#4690,.F.);
#6660=ORIENTED_EDGE('',*,*,#4691,.F.);
#6661=ORIENTED_EDGE('',*,*,#4711,.F.);
#6662=ORIENTED_EDGE('',*,*,#4612,.T.);
#6663=ORIENTED_EDGE('',*,*,#4712,.T.);
#6664=ORIENTED_EDGE('',*,*,#4710,.T.);
#6665=ORIENTED_EDGE('',*,*,#4712,.F.);
#6666=ORIENTED_EDGE('',*,*,#4713,.F.);
#6667=ORIENTED_EDGE('',*,*,#4669,.F.);
#6668=ORIENTED_EDGE('',*,*,#4714,.F.);
#6669=ORIENTED_EDGE('',*,*,#4715,.T.);
#6670=ORIENTED_EDGE('',*,*,#4665,.F.);
#6671=ORIENTED_EDGE('',*,*,#4663,.F.);
#6672=ORIENTED_EDGE('',*,*,#4715,.F.);
#6673=ORIENTED_EDGE('',*,*,#4716,.F.);
#6674=ORIENTED_EDGE('',*,*,#4717,.T.);
#6675=ORIENTED_EDGE('',*,*,#4683,.F.);
#6676=ORIENTED_EDGE('',*,*,#4718,.T.);
#6677=ORIENTED_EDGE('',*,*,#4719,.T.);
#6678=ORIENTED_EDGE('',*,*,#4684,.F.);
#6679=ORIENTED_EDGE('',*,*,#4717,.F.);
#6680=ORIENTED_EDGE('',*,*,#4594,.T.);
#6681=ORIENTED_EDGE('',*,*,#4720,.T.);
#6682=ORIENTED_EDGE('',*,*,#4716,.T.);
#6683=ORIENTED_EDGE('',*,*,#4720,.F.);
#6684=ORIENTED_EDGE('',*,*,#4721,.F.);
#6685=ORIENTED_EDGE('',*,*,#4722,.T.);
#6686=ORIENTED_EDGE('',*,*,#4694,.F.);
#6687=ORIENTED_EDGE('',*,*,#4722,.F.);
#6688=ORIENTED_EDGE('',*,*,#4591,.T.);
#6689=ORIENTED_EDGE('',*,*,#4723,.T.);
#6690=ORIENTED_EDGE('',*,*,#4721,.T.);
#6691=ORIENTED_EDGE('',*,*,#4723,.F.);
#6692=ORIENTED_EDGE('',*,*,#4724,.F.);
#6693=ORIENTED_EDGE('',*,*,#4725,.T.);
#6694=ORIENTED_EDGE('',*,*,#4695,.F.);
#6695=ORIENTED_EDGE('',*,*,#4725,.F.);
#6696=ORIENTED_EDGE('',*,*,#4597,.T.);
#6697=ORIENTED_EDGE('',*,*,#4726,.T.);
#6698=ORIENTED_EDGE('',*,*,#4724,.T.);
#6699=ORIENTED_EDGE('',*,*,#4726,.F.);
#6700=ORIENTED_EDGE('',*,*,#4727,.F.);
#6701=ORIENTED_EDGE('',*,*,#4680,.F.);
#6702=ORIENTED_EDGE('',*,*,#4728,.F.);
#6703=ORIENTED_EDGE('',*,*,#4729,.F.);
#6704=ORIENTED_EDGE('',*,*,#4730,.F.);
#6705=ORIENTED_EDGE('',*,*,#4731,.F.);
#6706=ORIENTED_EDGE('',*,*,#4728,.T.);
#6707=ORIENTED_EDGE('',*,*,#4679,.F.);
#6708=ORIENTED_EDGE('',*,*,#4732,.F.);
#6709=ORIENTED_EDGE('',*,*,#4733,.F.);
#6710=ORIENTED_EDGE('',*,*,#4730,.T.);
#6711=ORIENTED_EDGE('',*,*,#4678,.F.);
#6712=ORIENTED_EDGE('',*,*,#4734,.F.);
#6713=ORIENTED_EDGE('',*,*,#4735,.F.);
#6714=ORIENTED_EDGE('',*,*,#4732,.T.);
#6715=ORIENTED_EDGE('',*,*,#4677,.F.);
#6716=ORIENTED_EDGE('',*,*,#4676,.F.);
#6717=ORIENTED_EDGE('',*,*,#4736,.F.);
#6718=ORIENTED_EDGE('',*,*,#4649,.F.);
#6719=ORIENTED_EDGE('',*,*,#4734,.T.);
#6720=ORIENTED_EDGE('',*,*,#4651,.F.);
#6721=ORIENTED_EDGE('',*,*,#4736,.T.);
#6722=ORIENTED_EDGE('',*,*,#4675,.F.);
#6723=ORIENTED_EDGE('',*,*,#4737,.F.);
#6724=ORIENTED_EDGE('',*,*,#4653,.F.);
#6725=ORIENTED_EDGE('',*,*,#4737,.T.);
#6726=ORIENTED_EDGE('',*,*,#4674,.F.);
#6727=ORIENTED_EDGE('',*,*,#4738,.F.);
#6728=ORIENTED_EDGE('',*,*,#4655,.F.);
#6729=ORIENTED_EDGE('',*,*,#4738,.T.);
#6730=ORIENTED_EDGE('',*,*,#4673,.F.);
#6731=ORIENTED_EDGE('',*,*,#4739,.F.);
#6732=ORIENTED_EDGE('',*,*,#4657,.F.);
#6733=ORIENTED_EDGE('',*,*,#4739,.T.);
#6734=ORIENTED_EDGE('',*,*,#4672,.F.);
#6735=ORIENTED_EDGE('',*,*,#4740,.F.);
#6736=ORIENTED_EDGE('',*,*,#4713,.T.);
#6737=ORIENTED_EDGE('',*,*,#4714,.T.);
#6738=ORIENTED_EDGE('',*,*,#4688,.F.);
#6739=ORIENTED_EDGE('',*,*,#4741,.F.);
#6740=ORIENTED_EDGE('',*,*,#4661,.F.);
#6741=ORIENTED_EDGE('',*,*,#4742,.F.);
#6742=ORIENTED_EDGE('',*,*,#4670,.F.);
#6743=ORIENTED_EDGE('',*,*,#4743,.F.);
#6744=ORIENTED_EDGE('',*,*,#4744,.F.);
#6745=ORIENTED_EDGE('',*,*,#4741,.T.);
#6746=ORIENTED_EDGE('',*,*,#4687,.F.);
#6747=ORIENTED_EDGE('',*,*,#4659,.F.);
#6748=ORIENTED_EDGE('',*,*,#4740,.T.);
#6749=ORIENTED_EDGE('',*,*,#4671,.F.);
#6750=ORIENTED_EDGE('',*,*,#4742,.T.);
#6751=ORIENTED_EDGE('',*,*,#4745,.F.);
#6752=ORIENTED_EDGE('',*,*,#4746,.F.);
#6753=ORIENTED_EDGE('',*,*,#4747,.F.);
#6754=ORIENTED_EDGE('',*,*,#4743,.T.);
#6755=ORIENTED_EDGE('',*,*,#4748,.F.);
#6756=ORIENTED_EDGE('',*,*,#4749,.F.);
#6757=ORIENTED_EDGE('',*,*,#4746,.T.);
#6758=ORIENTED_EDGE('',*,*,#4637,.T.);
#6759=ORIENTED_EDGE('',*,*,#4750,.F.);
#6760=ORIENTED_EDGE('',*,*,#4731,.T.);
#6761=ORIENTED_EDGE('',*,*,#4751,.T.);
#6762=ORIENTED_EDGE('',*,*,#4635,.T.);
#6763=ORIENTED_EDGE('',*,*,#4752,.F.);
#6764=ORIENTED_EDGE('',*,*,#4753,.T.);
#6765=ORIENTED_EDGE('',*,*,#4754,.F.);
#6766=ORIENTED_EDGE('',*,*,#4729,.T.);
#6767=ORIENTED_EDGE('',*,*,#4750,.T.);
#6768=ORIENTED_EDGE('',*,*,#4755,.F.);
#6769=ORIENTED_EDGE('',*,*,#4756,.F.);
#6770=ORIENTED_EDGE('',*,*,#4755,.T.);
#6771=ORIENTED_EDGE('',*,*,#4507,.F.);
#6772=ORIENTED_EDGE('',*,*,#4757,.T.);
#6773=ORIENTED_EDGE('',*,*,#4758,.T.);
#6774=ORIENTED_EDGE('',*,*,#4756,.T.);
#6775=ORIENTED_EDGE('',*,*,#4758,.F.);
#6776=ORIENTED_EDGE('',*,*,#4630,.T.);
#6777=ORIENTED_EDGE('',*,*,#4759,.F.);
#6778=ORIENTED_EDGE('',*,*,#4749,.T.);
#6779=ORIENTED_EDGE('',*,*,#4760,.T.);
#6780=ORIENTED_EDGE('',*,*,#4761,.T.);
#6781=ORIENTED_EDGE('',*,*,#4762,.T.);
#6782=ORIENTED_EDGE('',*,*,#4508,.F.);
#6783=ORIENTED_EDGE('',*,*,#4497,.T.);
#6784=ORIENTED_EDGE('',*,*,#4763,.F.);
#6785=ORIENTED_EDGE('',*,*,#4764,.F.);
#6786=ORIENTED_EDGE('',*,*,#4765,.F.);
#6787=ORIENTED_EDGE('',*,*,#4761,.F.);
#6788=ORIENTED_EDGE('',*,*,#4766,.F.);
#6789=ORIENTED_EDGE('',*,*,#4767,.F.);
#6790=ORIENTED_EDGE('',*,*,#4763,.T.);
#6791=ORIENTED_EDGE('',*,*,#4768,.F.);
#6792=ORIENTED_EDGE('',*,*,#4769,.F.);
#6793=ORIENTED_EDGE('',*,*,#4770,.F.);
#6794=ORIENTED_EDGE('',*,*,#4766,.T.);
#6795=ORIENTED_EDGE('',*,*,#4771,.F.);
#6796=ORIENTED_EDGE('',*,*,#4769,.T.);
#6797=ORIENTED_EDGE('',*,*,#4772,.F.);
#6798=ORIENTED_EDGE('',*,*,#4773,.F.);
#6799=ORIENTED_EDGE('',*,*,#4774,.F.);
#6800=ORIENTED_EDGE('',*,*,#4775,.F.);
#6801=ORIENTED_EDGE('',*,*,#4776,.F.);
#6802=ORIENTED_EDGE('',*,*,#4773,.T.);
#6803=ORIENTED_EDGE('',*,*,#4563,.F.);
#6804=ORIENTED_EDGE('',*,*,#4775,.T.);
#6805=ORIENTED_EDGE('',*,*,#4777,.F.);
#6806=ORIENTED_EDGE('',*,*,#4778,.F.);
#6807=ORIENTED_EDGE('',*,*,#4779,.F.);
#6808=ORIENTED_EDGE('',*,*,#4780,.F.);
#6809=ORIENTED_EDGE('',*,*,#4781,.F.);
#6810=ORIENTED_EDGE('',*,*,#4778,.T.);
#6811=ORIENTED_EDGE('',*,*,#4753,.F.);
#6812=ORIENTED_EDGE('',*,*,#4765,.T.);
#6813=ORIENTED_EDGE('',*,*,#4782,.F.);
#6814=ORIENTED_EDGE('',*,*,#4780,.T.);
#6815=ORIENTED_EDGE('',*,*,#4783,.F.);
#6816=ORIENTED_EDGE('',*,*,#4777,.T.);
#6817=ORIENTED_EDGE('',*,*,#4566,.F.);
#6818=ORIENTED_EDGE('',*,*,#4681,.F.);
#6819=ORIENTED_EDGE('',*,*,#4727,.T.);
#6820=ORIENTED_EDGE('',*,*,#4754,.T.);
#6821=ORIENTED_EDGE('',*,*,#4632,.T.);
#6822=ORIENTED_EDGE('',*,*,#4762,.F.);
#6823=ORIENTED_EDGE('',*,*,#4783,.T.);
#6824=ORIENTED_EDGE('',*,*,#4752,.T.);
#6825=ORIENTED_EDGE('',*,*,#4764,.T.);
#6826=ORIENTED_EDGE('',*,*,#4767,.T.);
#6827=ORIENTED_EDGE('',*,*,#4770,.T.);
#6828=ORIENTED_EDGE('',*,*,#4774,.T.);
#6829=ORIENTED_EDGE('',*,*,#4776,.T.);
#6830=ORIENTED_EDGE('',*,*,#4779,.T.);
#6831=ORIENTED_EDGE('',*,*,#4781,.T.);
#6832=ORIENTED_EDGE('',*,*,#4782,.T.);
#6833=ORIENTED_EDGE('',*,*,#4784,.T.);
#6834=ORIENTED_EDGE('',*,*,#4557,.F.);
#6835=ORIENTED_EDGE('',*,*,#4785,.T.);
#6836=ORIENTED_EDGE('',*,*,#4784,.F.);
#6837=ORIENTED_EDGE('',*,*,#4785,.F.);
#6838=ORIENTED_EDGE('',*,*,#4628,.T.);
#6839=ORIENTED_EDGE('',*,*,#4662,.F.);
#6840=ORIENTED_EDGE('',*,*,#4744,.T.);
#6841=ORIENTED_EDGE('',*,*,#4747,.T.);
#6842=ORIENTED_EDGE('',*,*,#4759,.T.);
#6843=ORIENTED_EDGE('',*,*,#4639,.T.);
#6844=ORIENTED_EDGE('',*,*,#4751,.F.);
#6845=ORIENTED_EDGE('',*,*,#4733,.T.);
#6846=ORIENTED_EDGE('',*,*,#4786,.T.);
#6847=ORIENTED_EDGE('',*,*,#4641,.T.);
#6848=ORIENTED_EDGE('',*,*,#4786,.F.);
#6849=ORIENTED_EDGE('',*,*,#4735,.T.);
#6850=ORIENTED_EDGE('',*,*,#4648,.T.);
#6851=ORIENTED_EDGE('',*,*,#4768,.T.);
#6852=ORIENTED_EDGE('',*,*,#4760,.F.);
#6853=ORIENTED_EDGE('',*,*,#4748,.T.);
#6854=ORIENTED_EDGE('',*,*,#4745,.T.);
#6855=ORIENTED_EDGE('',*,*,#4686,.T.);
#6856=ORIENTED_EDGE('',*,*,#4787,.T.);
#6857=ORIENTED_EDGE('',*,*,#4772,.T.);
#6858=ORIENTED_EDGE('',*,*,#4788,.F.);
#6859=ORIENTED_EDGE('',*,*,#4718,.F.);
#6860=ORIENTED_EDGE('',*,*,#4682,.F.);
#6861=ORIENTED_EDGE('',*,*,#4564,.T.);
#6862=ORIENTED_EDGE('',*,*,#4771,.T.);
#6863=ORIENTED_EDGE('',*,*,#4787,.F.);
#6864=ORIENTED_EDGE('',*,*,#4685,.T.);
#6865=ORIENTED_EDGE('',*,*,#4719,.F.);
#6866=ORIENTED_EDGE('',*,*,#4788,.T.);
#6867=ORIENTED_EDGE('',*,*,#4757,.F.);
#6868=ORIENTED_EDGE('',*,*,#4579,.T.);
#6869=CONICAL_SURFACE('',#7525,1.85,0.785398163397448);
#6870=CONICAL_SURFACE('',#7532,1.85,0.785398163397448);
#6871=CONICAL_SURFACE('',#7539,1.85,0.785398163397448);
#6872=CONICAL_SURFACE('',#7546,1.85,0.785398163397448);
#6873=CONICAL_SURFACE('',#7553,3.9,0.785398163397448);
#6874=CONICAL_SURFACE('',#7557,3.9,0.785398163397448);
#6875=CONICAL_SURFACE('',#7561,3.9,0.785398163397448);
#6876=CONICAL_SURFACE('',#7565,3.9,0.785398163397448);
#6877=CONICAL_SURFACE('',#7569,2.1,0.785398163397448);
#6878=CONICAL_SURFACE('',#7590,1.85,0.785398163397448);
#6879=CONICAL_SURFACE('',#7594,1.85,0.785398163397448);
#6880=CONICAL_SURFACE('',#7595,1.85,0.785398163397448);
#6881=CONICAL_SURFACE('',#7599,2.1,0.785398163397448);
#6882=CONICAL_SURFACE('',#7604,1.85,0.785398163397448);
#6883=CONICAL_SURFACE('',#7605,2.1,0.785398163397448);
#6884=CONICAL_SURFACE('',#7610,1.85,0.785398163397448);
#6885=CONICAL_SURFACE('',#7611,2.1,0.785398163397448);
#6886=CONICAL_SURFACE('',#7616,1.85,0.785398163397448);
#6887=CONICAL_SURFACE('',#7617,1.85,0.785398163397448);
#6888=CONICAL_SURFACE('',#7621,1.85,0.785398163397448);
#6889=CONICAL_SURFACE('',#7642,1.85,0.785398163397448);
#6890=CONICAL_SURFACE('',#7646,1.85,0.785398163397448);
#6891=CONICAL_SURFACE('',#7647,1.85,0.785398163397448);
#6892=CONICAL_SURFACE('',#7651,1.85,0.785398163397448);
#6893=CONICAL_SURFACE('',#7655,3.75,0.785398163397448);
#6894=CONICAL_SURFACE('',#7659,11.75,0.785398163397448);
#6895=CONICAL_SURFACE('',#7668,2.25000000000001,0.78539816339744);
#6896=CONICAL_SURFACE('',#7671,0.750000000000001,0.78539816339744);
#6897=CONICAL_SURFACE('',#7674,1.55,0.785398163397442);
#6898=CONICAL_SURFACE('',#7677,0.75,0.785398163397442);
#6899=CONICAL_SURFACE('',#7691,2.25000000000001,0.78539816339744);
#6900=CONICAL_SURFACE('',#7694,0.750000000000001,0.78539816339744);
#6901=CONICAL_SURFACE('',#7697,1.55,0.785398163397442);
#6902=CONICAL_SURFACE('',#7700,0.75,0.785398163397442);
#6903=CONICAL_SURFACE('',#7711,11.75,0.785398163397448);
#6904=CONICAL_SURFACE('',#7712,4.25,0.785398163397448);
#6905=CONICAL_SURFACE('',#7713,4.25,0.785398163397448);
#6906=CONICAL_SURFACE('',#7714,4.25,0.785398163397448);
#6907=CONICAL_SURFACE('',#7715,4.25,0.785398163397448);
#6908=CONICAL_SURFACE('',#7721,1.85,0.785398163397448);
#6909=CONICAL_SURFACE('',#7728,1.85,0.785398163397448);
#6910=CONICAL_SURFACE('',#7735,1.85,0.785398163397448);
#6911=CONICAL_SURFACE('',#7742,1.85,0.785398163397448);
#6912=CONICAL_SURFACE('',#7749,3.9,0.785398163397448);
#6913=CONICAL_SURFACE('',#7753,3.9,0.785398163397448);
#6914=CONICAL_SURFACE('',#7757,3.9,0.785398163397448);
#6915=CONICAL_SURFACE('',#7761,3.9,0.785398163397448);
#6916=CONICAL_SURFACE('',#7765,2.1,0.785398163397448);
#6917=CONICAL_SURFACE('',#7786,1.85,0.785398163397448);
#6918=CONICAL_SURFACE('',#7790,1.85,0.785398163397448);
#6919=CONICAL_SURFACE('',#7791,1.85,0.785398163397448);
#6920=CONICAL_SURFACE('',#7795,2.1,0.785398163397448);
#6921=CONICAL_SURFACE('',#7800,1.85,0.785398163397448);
#6922=CONICAL_SURFACE('',#7801,2.1,0.785398163397448);
#6923=CONICAL_SURFACE('',#7806,1.85,0.785398163397448);
#6924=CONICAL_SURFACE('',#7807,2.1,0.785398163397448);
#6925=CONICAL_SURFACE('',#7812,1.85,0.785398163397448);
#6926=CONICAL_SURFACE('',#7813,1.85,0.785398163397448);
#6927=CONICAL_SURFACE('',#7817,1.85,0.785398163397448);
#6928=CONICAL_SURFACE('',#7838,1.85,0.785398163397448);
#6929=CONICAL_SURFACE('',#7842,1.85,0.785398163397448);
#6930=CONICAL_SURFACE('',#7843,1.85,0.785398163397448);
#6931=CONICAL_SURFACE('',#7847,1.85,0.785398163397448);
#6932=CONICAL_SURFACE('',#7851,3.75,0.785398163397448);
#6933=CONICAL_SURFACE('',#7855,11.75,0.785398163397448);
#6934=CONICAL_SURFACE('',#7864,2.25000000000001,0.78539816339744);
#6935=CONICAL_SURFACE('',#7867,0.750000000000001,0.78539816339744);
#6936=CONICAL_SURFACE('',#7870,1.55,0.785398163397442);
#6937=CONICAL_SURFACE('',#7873,0.75,0.785398163397442);
#6938=CONICAL_SURFACE('',#7887,2.25000000000001,0.78539816339744);
#6939=CONICAL_SURFACE('',#7890,0.750000000000001,0.78539816339744);
#6940=CONICAL_SURFACE('',#7893,1.55,0.785398163397442);
#6941=CONICAL_SURFACE('',#7896,0.75,0.785398163397442);
#6942=CONICAL_SURFACE('',#7907,11.75,0.785398163397448);
#6943=CONICAL_SURFACE('',#7908,4.25,0.785398163397448);
#6944=CONICAL_SURFACE('',#7909,4.25,0.785398163397448);
#6945=CONICAL_SURFACE('',#7910,4.25,0.785398163397448);
#6946=CONICAL_SURFACE('',#7911,4.25,0.785398163397448);
#6947=CONICAL_SURFACE('',#7917,6.,0.785398163397448);
#6948=CONICAL_SURFACE('',#7926,1.97928932188136,1.17809724509621);
#6949=CONICAL_SURFACE('',#7945,1.85,0.785398163397448);
#6950=CONICAL_SURFACE('',#7947,1.85,0.785398163397448);
#6951=CONICAL_SURFACE('',#7951,1.85,0.785398163397448);
#6952=CONICAL_SURFACE('',#7955,1.85,0.785398163397448);
#6953=CONICAL_SURFACE('',#7961,1.85,0.785398163397448);
#6954=CONICAL_SURFACE('',#7967,1.85,0.785398163397448);
#6955=CONICAL_SURFACE('',#7970,1.85,0.785398163397448);
#6956=CONICAL_SURFACE('',#7974,1.85,0.785398163397448);
#6957=CONICAL_SURFACE('',#7978,1.75,0.785398163397448);
#6958=CONICAL_SURFACE('',#7982,1.85,0.785398163397448);
#6959=CONICAL_SURFACE('',#7988,1.85,0.785398163397448);
#6960=CONICAL_SURFACE('',#7994,1.85,0.785398163397448);
#6961=CONICAL_SURFACE('',#7998,1.85,0.785398163397448);
#6962=CONICAL_SURFACE('',#8002,1.85,0.785398163397448);
#6963=CONICAL_SURFACE('',#8006,1.85,0.785398163397448);
#6964=CONICAL_SURFACE('',#8010,1.85,0.785398163397448);
#6965=CONICAL_SURFACE('',#8014,1.85,0.785398163397448);
#6966=CONICAL_SURFACE('',#8018,1.85,0.785398163397448);
#6967=CONICAL_SURFACE('',#8022,10.25,0.785398163397448);
#6968=CONICAL_SURFACE('',#8030,2.25000000000001,0.78539816339744);
#6969=CONICAL_SURFACE('',#8033,0.750000000000001,0.78539816339744);
#6970=CONICAL_SURFACE('',#8036,1.55,0.785398163397442);
#6971=CONICAL_SURFACE('',#8039,0.75,0.785398163397442);
#6972=CONICAL_SURFACE('',#8044,3.75,0.785398163397448);
#6973=CONICAL_SURFACE('',#8056,10.25,0.785398163397448);
#6974=CONICAL_SURFACE('',#8078,3.75,0.785398163397448);
#6975=CONICAL_SURFACE('',#8081,3.75,0.785398163397448);
#6976=CONICAL_SURFACE('',#8084,3.75,0.785398163397448);
#6977=CONICAL_SURFACE('',#8087,3.75,0.785398163397448);
#6978=CONICAL_SURFACE('',#8090,3.75,0.785398163397448);
#6979=CONICAL_SURFACE('',#8093,3.75,0.785398163397448);
#6980=CONICAL_SURFACE('',#8094,3.75,0.785398163397448);
#6981=CONICAL_SURFACE('',#8097,3.75,0.785398163397448);
#6982=CONICAL_SURFACE('',#8100,3.75,0.785398163397448);
#6983=CONICAL_SURFACE('',#8105,1.55,0.785398163397442);
#6984=CONICAL_SURFACE('',#8108,0.75,0.785398163397442);
#6985=CONICAL_SURFACE('',#8116,2.25000000000001,0.78539816339744);
#6986=CONICAL_SURFACE('',#8127,0.750000000000001,0.78539816339744);
#6987=CONICAL_SURFACE('',#8131,0.750000000000001,0.78539816339744);
#6988=CONICAL_SURFACE('',#8135,0.750000000000001,0.78539816339744);
#6989=CONICAL_SURFACE('',#8139,0.750000000000001,0.78539816339744);
#6990=CONICAL_SURFACE('',#8146,3.75,0.785398163397448);
#6991=CONICAL_SURFACE('',#8154,6.,0.785398163397448);
#6992=CONICAL_SURFACE('',#8163,1.97928932188136,1.17809724509621);
#6993=CONICAL_SURFACE('',#8182,1.85,0.785398163397448);
#6994=CONICAL_SURFACE('',#8184,1.85,0.785398163397448);
#6995=CONICAL_SURFACE('',#8188,1.85,0.785398163397448);
#6996=CONICAL_SURFACE('',#8192,1.85,0.785398163397448);
#6997=CONICAL_SURFACE('',#8198,1.85,0.785398163397448);
#6998=CONICAL_SURFACE('',#8204,1.85,0.785398163397448);
#6999=CONICAL_SURFACE('',#8207,1.85,0.785398163397448);
#7000=CONICAL_SURFACE('',#8211,1.85,0.785398163397448);
#7001=CONICAL_SURFACE('',#8215,1.75,0.785398163397448);
#7002=CONICAL_SURFACE('',#8219,1.85,0.785398163397448);
#7003=CONICAL_SURFACE('',#8225,1.85,0.785398163397448);
#7004=CONICAL_SURFACE('',#8231,1.85,0.785398163397448);
#7005=CONICAL_SURFACE('',#8235,1.85,0.785398163397448);
#7006=CONICAL_SURFACE('',#8239,1.85,0.785398163397448);
#7007=CONICAL_SURFACE('',#8243,1.85,0.785398163397448);
#7008=CONICAL_SURFACE('',#8247,1.85,0.785398163397448);
#7009=CONICAL_SURFACE('',#8251,1.85,0.785398163397448);
#7010=CONICAL_SURFACE('',#8255,1.85,0.785398163397448);
#7011=CONICAL_SURFACE('',#8259,10.25,0.785398163397448);
#7012=CONICAL_SURFACE('',#8267,2.25000000000001,0.78539816339744);
#7013=CONICAL_SURFACE('',#8270,0.750000000000001,0.78539816339744);
#7014=CONICAL_SURFACE('',#8273,1.55,0.785398163397442);
#7015=CONICAL_SURFACE('',#8276,0.75,0.785398163397442);
#7016=CONICAL_SURFACE('',#8281,3.75,0.785398163397448);
#7017=CONICAL_SURFACE('',#8293,10.25,0.785398163397448);
#7018=CONICAL_SURFACE('',#8315,3.75,0.785398163397448);
#7019=CONICAL_SURFACE('',#8318,3.75,0.785398163397448);
#7020=CONICAL_SURFACE('',#8321,3.75,0.785398163397448);
#7021=CONICAL_SURFACE('',#8324,3.75,0.785398163397448);
#7022=CONICAL_SURFACE('',#8327,3.75,0.785398163397448);
#7023=CONICAL_SURFACE('',#8330,3.75,0.785398163397448);
#7024=CONICAL_SURFACE('',#8331,3.75,0.785398163397448);
#7025=CONICAL_SURFACE('',#8334,3.75,0.785398163397448);
#7026=CONICAL_SURFACE('',#8337,3.75,0.785398163397448);
#7027=CONICAL_SURFACE('',#8342,1.55,0.785398163397442);
#7028=CONICAL_SURFACE('',#8345,0.75,0.785398163397442);
#7029=CONICAL_SURFACE('',#8353,2.25000000000001,0.78539816339744);
#7030=CONICAL_SURFACE('',#8364,0.750000000000001,0.78539816339744);
#7031=CONICAL_SURFACE('',#8368,0.750000000000001,0.78539816339744);
#7032=CONICAL_SURFACE('',#8372,0.750000000000001,0.78539816339744);
#7033=CONICAL_SURFACE('',#8376,0.750000000000001,0.78539816339744);
#7034=CONICAL_SURFACE('',#8383,3.75,0.785398163397448);
#7035=ADVANCED_FACE('',(#483),#6869,.F.);
#7036=ADVANCED_FACE('',(#484,#177),#299,.T.);
#7037=ADVANCED_FACE('',(#485),#69,.F.);
#7038=ADVANCED_FACE('',(#486),#6870,.F.);
#7039=ADVANCED_FACE('',(#487,#178),#300,.T.);
#7040=ADVANCED_FACE('',(#488),#70,.F.);
#7041=ADVANCED_FACE('',(#489),#6871,.F.);
#7042=ADVANCED_FACE('',(#490,#179),#301,.T.);
#7043=ADVANCED_FACE('',(#491),#71,.F.);
#7044=ADVANCED_FACE('',(#492),#6872,.F.);
#7045=ADVANCED_FACE('',(#493,#180),#302,.T.);
#7046=ADVANCED_FACE('',(#494),#72,.F.);
#7047=ADVANCED_FACE('',(#495),#6873,.T.);
#7048=ADVANCED_FACE('',(#496),#73,.T.);
#7049=ADVANCED_FACE('',(#497),#6874,.T.);
#7050=ADVANCED_FACE('',(#498),#74,.T.);
#7051=ADVANCED_FACE('',(#499),#6875,.T.);
#7052=ADVANCED_FACE('',(#500),#75,.T.);
#7053=ADVANCED_FACE('',(#501),#6876,.T.);
#7054=ADVANCED_FACE('',(#502),#76,.T.);
#7055=ADVANCED_FACE('',(#503),#6877,.F.);
#7056=ADVANCED_FACE('',(#504,#181,#182,#183,#184,#185,#186,#187,#188,#189,
#190,#191),#303,.F.);
#7057=ADVANCED_FACE('',(#505),#77,.F.);
#7058=ADVANCED_FACE('',(#506),#6878,.F.);
#7059=ADVANCED_FACE('',(#507),#78,.F.);
#7060=ADVANCED_FACE('',(#508),#6879,.F.);
#7061=ADVANCED_FACE('',(#509),#6880,.F.);
#7062=ADVANCED_FACE('',(#510),#79,.F.);
#7063=ADVANCED_FACE('',(#511),#6881,.F.);
#7064=ADVANCED_FACE('',(#512),#80,.F.);
#7065=ADVANCED_FACE('',(#513),#6882,.F.);
#7066=ADVANCED_FACE('',(#514),#6883,.F.);
#7067=ADVANCED_FACE('',(#515),#81,.F.);
#7068=ADVANCED_FACE('',(#516),#6884,.F.);
#7069=ADVANCED_FACE('',(#517),#6885,.F.);
#7070=ADVANCED_FACE('',(#518),#82,.F.);
#7071=ADVANCED_FACE('',(#519),#6886,.F.);
#7072=ADVANCED_FACE('',(#520),#6887,.F.);
#7073=ADVANCED_FACE('',(#521,#192),#304,.T.);
#7074=ADVANCED_FACE('',(#522),#6888,.F.);
#7075=ADVANCED_FACE('',(#523,#193,#194,#195,#196,#197,#198,#199,#200,#201,
#202),#305,.T.);
#7076=ADVANCED_FACE('',(#524),#83,.F.);
#7077=ADVANCED_FACE('',(#525),#6889,.F.);
#7078=ADVANCED_FACE('',(#526),#84,.F.);
#7079=ADVANCED_FACE('',(#527),#6890,.F.);
#7080=ADVANCED_FACE('',(#528),#6891,.F.);
#7081=ADVANCED_FACE('',(#529),#85,.F.);
#7082=ADVANCED_FACE('',(#530),#6892,.F.);
#7083=ADVANCED_FACE('',(#531),#86,.F.);
#7084=ADVANCED_FACE('',(#532),#6893,.F.);
#7085=ADVANCED_FACE('',(#533),#306,.T.);
#7086=ADVANCED_FACE('',(#534),#87,.F.);
#7087=ADVANCED_FACE('',(#535),#6894,.F.);
#7088=ADVANCED_FACE('',(#536),#88,.F.);
#7089=ADVANCED_FACE('',(#537),#307,.T.);
#7090=ADVANCED_FACE('',(#538),#308,.T.);
#7091=ADVANCED_FACE('',(#539),#309,.T.);
#7092=ADVANCED_FACE('',(#540),#310,.T.);
#7093=ADVANCED_FACE('',(#541),#311,.T.);
#7094=ADVANCED_FACE('',(#542),#6895,.F.);
#7095=ADVANCED_FACE('',(#543),#312,.T.);
#7096=ADVANCED_FACE('',(#544),#6896,.T.);
#7097=ADVANCED_FACE('',(#545),#313,.T.);
#7098=ADVANCED_FACE('',(#546),#6897,.T.);
#7099=ADVANCED_FACE('',(#547),#314,.T.);
#7100=ADVANCED_FACE('',(#548),#6898,.T.);
#7101=ADVANCED_FACE('',(#549),#315,.T.);
#7102=ADVANCED_FACE('',(#550),#316,.T.);
#7103=ADVANCED_FACE('',(#551),#317,.F.);
#7104=ADVANCED_FACE('',(#552),#89,.T.);
#7105=ADVANCED_FACE('',(#553),#318,.F.);
#7106=ADVANCED_FACE('',(#554),#319,.F.);
#7107=ADVANCED_FACE('',(#555),#320,.F.);
#7108=ADVANCED_FACE('',(#556),#321,.T.);
#7109=ADVANCED_FACE('',(#557),#322,.F.);
#7110=ADVANCED_FACE('',(#558),#323,.T.);
#7111=ADVANCED_FACE('',(#559),#324,.T.);
#7112=ADVANCED_FACE('',(#560),#6899,.F.);
#7113=ADVANCED_FACE('',(#561),#325,.T.);
#7114=ADVANCED_FACE('',(#562),#6900,.T.);
#7115=ADVANCED_FACE('',(#563),#326,.T.);
#7116=ADVANCED_FACE('',(#564),#6901,.T.);
#7117=ADVANCED_FACE('',(#565),#327,.T.);
#7118=ADVANCED_FACE('',(#566),#6902,.T.);
#7119=ADVANCED_FACE('',(#567),#328,.T.);
#7120=ADVANCED_FACE('',(#568),#329,.T.);
#7121=ADVANCED_FACE('',(#569),#330,.T.);
#7122=ADVANCED_FACE('',(#570),#331,.T.);
#7123=ADVANCED_FACE('',(#571),#90,.T.);
#7124=ADVANCED_FACE('',(#572),#332,.F.);
#7125=ADVANCED_FACE('',(#573),#91,.T.);
#7126=ADVANCED_FACE('',(#574),#333,.T.);
#7127=ADVANCED_FACE('',(#575),#92,.F.);
#7128=ADVANCED_FACE('',(#576),#334,.F.);
#7129=ADVANCED_FACE('',(#577),#6903,.F.);
#7130=ADVANCED_FACE('',(#578),#6904,.T.);
#7131=ADVANCED_FACE('',(#579),#6905,.T.);
#7132=ADVANCED_FACE('',(#580),#6906,.T.);
#7133=ADVANCED_FACE('',(#581),#6907,.T.);
#7134=ADVANCED_FACE('',(#582,#203),#335,.T.);
#7135=ADVANCED_FACE('',(#583,#204),#336,.T.);
#7136=ADVANCED_FACE('',(#584,#205),#337,.T.);
#7137=ADVANCED_FACE('',(#585,#206),#338,.T.);
#7138=ADVANCED_FACE('',(#586),#339,.F.);
#7139=ADVANCED_FACE('',(#587),#6908,.F.);
#7140=ADVANCED_FACE('',(#588,#207),#340,.F.);
#7141=ADVANCED_FACE('',(#589),#93,.F.);
#7142=ADVANCED_FACE('',(#590),#6909,.F.);
#7143=ADVANCED_FACE('',(#591,#208),#341,.F.);
#7144=ADVANCED_FACE('',(#592),#94,.F.);
#7145=ADVANCED_FACE('',(#593),#6910,.F.);
#7146=ADVANCED_FACE('',(#594,#209),#342,.F.);
#7147=ADVANCED_FACE('',(#595),#95,.F.);
#7148=ADVANCED_FACE('',(#596),#6911,.F.);
#7149=ADVANCED_FACE('',(#597,#210),#343,.F.);
#7150=ADVANCED_FACE('',(#598),#96,.F.);
#7151=ADVANCED_FACE('',(#599),#6912,.T.);
#7152=ADVANCED_FACE('',(#600),#97,.T.);
#7153=ADVANCED_FACE('',(#601),#6913,.T.);
#7154=ADVANCED_FACE('',(#602),#98,.T.);
#7155=ADVANCED_FACE('',(#603),#6914,.T.);
#7156=ADVANCED_FACE('',(#604),#99,.T.);
#7157=ADVANCED_FACE('',(#605),#6915,.T.);
#7158=ADVANCED_FACE('',(#606),#100,.T.);
#7159=ADVANCED_FACE('',(#607),#6916,.F.);
#7160=ADVANCED_FACE('',(#608,#211,#212,#213,#214,#215,#216,#217,#218,#219,
#220,#221),#344,.T.);
#7161=ADVANCED_FACE('',(#609),#101,.F.);
#7162=ADVANCED_FACE('',(#610),#6917,.F.);
#7163=ADVANCED_FACE('',(#611),#102,.F.);
#7164=ADVANCED_FACE('',(#612),#6918,.F.);
#7165=ADVANCED_FACE('',(#613),#6919,.F.);
#7166=ADVANCED_FACE('',(#614),#103,.F.);
#7167=ADVANCED_FACE('',(#615),#6920,.F.);
#7168=ADVANCED_FACE('',(#616),#104,.F.);
#7169=ADVANCED_FACE('',(#617),#6921,.F.);
#7170=ADVANCED_FACE('',(#618),#6922,.F.);
#7171=ADVANCED_FACE('',(#619),#105,.F.);
#7172=ADVANCED_FACE('',(#620),#6923,.F.);
#7173=ADVANCED_FACE('',(#621),#6924,.F.);
#7174=ADVANCED_FACE('',(#622),#106,.F.);
#7175=ADVANCED_FACE('',(#623),#6925,.F.);
#7176=ADVANCED_FACE('',(#624),#6926,.F.);
#7177=ADVANCED_FACE('',(#625,#222),#345,.F.);
#7178=ADVANCED_FACE('',(#626),#6927,.F.);
#7179=ADVANCED_FACE('',(#627,#223,#224,#225,#226,#227,#228,#229,#230,#231,
#232),#346,.F.);
#7180=ADVANCED_FACE('',(#628),#107,.F.);
#7181=ADVANCED_FACE('',(#629),#6928,.F.);
#7182=ADVANCED_FACE('',(#630),#108,.F.);
#7183=ADVANCED_FACE('',(#631),#6929,.F.);
#7184=ADVANCED_FACE('',(#632),#6930,.F.);
#7185=ADVANCED_FACE('',(#633),#109,.F.);
#7186=ADVANCED_FACE('',(#634),#6931,.F.);
#7187=ADVANCED_FACE('',(#635),#110,.F.);
#7188=ADVANCED_FACE('',(#636),#6932,.F.);
#7189=ADVANCED_FACE('',(#637),#347,.F.);
#7190=ADVANCED_FACE('',(#638),#111,.F.);
#7191=ADVANCED_FACE('',(#639),#6933,.F.);
#7192=ADVANCED_FACE('',(#640),#112,.F.);
#7193=ADVANCED_FACE('',(#641),#348,.F.);
#7194=ADVANCED_FACE('',(#642),#349,.F.);
#7195=ADVANCED_FACE('',(#643),#350,.F.);
#7196=ADVANCED_FACE('',(#644),#351,.F.);
#7197=ADVANCED_FACE('',(#645),#352,.F.);
#7198=ADVANCED_FACE('',(#646),#6934,.F.);
#7199=ADVANCED_FACE('',(#647),#353,.F.);
#7200=ADVANCED_FACE('',(#648),#6935,.T.);
#7201=ADVANCED_FACE('',(#649),#354,.F.);
#7202=ADVANCED_FACE('',(#650),#6936,.T.);
#7203=ADVANCED_FACE('',(#651),#355,.F.);
#7204=ADVANCED_FACE('',(#652),#6937,.T.);
#7205=ADVANCED_FACE('',(#653),#356,.F.);
#7206=ADVANCED_FACE('',(#654),#357,.F.);
#7207=ADVANCED_FACE('',(#655),#358,.T.);
#7208=ADVANCED_FACE('',(#656),#113,.T.);
#7209=ADVANCED_FACE('',(#657),#359,.T.);
#7210=ADVANCED_FACE('',(#658),#360,.T.);
#7211=ADVANCED_FACE('',(#659),#361,.T.);
#7212=ADVANCED_FACE('',(#660),#362,.F.);
#7213=ADVANCED_FACE('',(#661),#363,.T.);
#7214=ADVANCED_FACE('',(#662),#364,.F.);
#7215=ADVANCED_FACE('',(#663),#365,.F.);
#7216=ADVANCED_FACE('',(#664),#6938,.F.);
#7217=ADVANCED_FACE('',(#665),#366,.F.);
#7218=ADVANCED_FACE('',(#666),#6939,.T.);
#7219=ADVANCED_FACE('',(#667),#367,.F.);
#7220=ADVANCED_FACE('',(#668),#6940,.T.);
#7221=ADVANCED_FACE('',(#669),#368,.F.);
#7222=ADVANCED_FACE('',(#670),#6941,.T.);
#7223=ADVANCED_FACE('',(#671),#369,.F.);
#7224=ADVANCED_FACE('',(#672),#370,.F.);
#7225=ADVANCED_FACE('',(#673),#371,.F.);
#7226=ADVANCED_FACE('',(#674),#372,.F.);
#7227=ADVANCED_FACE('',(#675),#114,.T.);
#7228=ADVANCED_FACE('',(#676),#373,.T.);
#7229=ADVANCED_FACE('',(#677),#115,.T.);
#7230=ADVANCED_FACE('',(#678),#374,.F.);
#7231=ADVANCED_FACE('',(#679),#116,.F.);
#7232=ADVANCED_FACE('',(#680),#375,.T.);
#7233=ADVANCED_FACE('',(#681),#6942,.F.);
#7234=ADVANCED_FACE('',(#682),#6943,.T.);
#7235=ADVANCED_FACE('',(#683),#6944,.T.);
#7236=ADVANCED_FACE('',(#684),#6945,.T.);
#7237=ADVANCED_FACE('',(#685),#6946,.T.);
#7238=ADVANCED_FACE('',(#686,#233),#376,.F.);
#7239=ADVANCED_FACE('',(#687,#234),#377,.F.);
#7240=ADVANCED_FACE('',(#688,#235),#378,.F.);
#7241=ADVANCED_FACE('',(#689,#236),#379,.F.);
#7242=ADVANCED_FACE('',(#690),#380,.T.);
#7243=ADVANCED_FACE('',(#691),#6947,.F.);
#7244=ADVANCED_FACE('',(#692,#237,#238),#117,.F.);
#7245=ADVANCED_FACE('',(#693),#381,.T.);
#7246=ADVANCED_FACE('',(#694),#382,.F.);
#7247=ADVANCED_FACE('',(#695),#6948,.F.);
#7248=ADVANCED_FACE('',(#696,#239,#240,#241,#242,#243,#244,#245,#246,#247,
#248),#383,.F.);
#7249=ADVANCED_FACE('',(#697),#6949,.F.);
#7250=ADVANCED_FACE('',(#698),#6950,.F.);
#7251=ADVANCED_FACE('',(#699),#118,.F.);
#7252=ADVANCED_FACE('',(#700),#6951,.F.);
#7253=ADVANCED_FACE('',(#701),#119,.F.);
#7254=ADVANCED_FACE('',(#702),#6952,.F.);
#7255=ADVANCED_FACE('',(#703),#120,.F.);
#7256=ADVANCED_FACE('',(#704),#19,.T.);
#7257=ADVANCED_FACE('',(#705),#121,.F.);
#7258=ADVANCED_FACE('',(#706),#6953,.F.);
#7259=ADVANCED_FACE('',(#707),#122,.F.);
#7260=ADVANCED_FACE('',(#708,#249),#384,.F.);
#7261=ADVANCED_FACE('',(#709),#6954,.F.);
#7262=ADVANCED_FACE('',(#710,#250),#385,.F.);
#7263=ADVANCED_FACE('',(#711),#6955,.F.);
#7264=ADVANCED_FACE('',(#712),#123,.F.);
#7265=ADVANCED_FACE('',(#713),#6956,.F.);
#7266=ADVANCED_FACE('',(#714),#124,.F.);
#7267=ADVANCED_FACE('',(#715),#6957,.F.);
#7268=ADVANCED_FACE('',(#716),#125,.F.);
#7269=ADVANCED_FACE('',(#717),#6958,.F.);
#7270=ADVANCED_FACE('',(#718),#126,.F.);
#7271=ADVANCED_FACE('',(#719),#127,.F.);
#7272=ADVANCED_FACE('',(#720),#6959,.F.);
#7273=ADVANCED_FACE('',(#721),#128,.F.);
#7274=ADVANCED_FACE('',(#722,#251),#386,.T.);
#7275=ADVANCED_FACE('',(#723),#6960,.F.);
#7276=ADVANCED_FACE('',(#724,#252),#387,.T.);
#7277=ADVANCED_FACE('',(#725),#6961,.F.);
#7278=ADVANCED_FACE('',(#726,#253),#388,.T.);
#7279=ADVANCED_FACE('',(#727),#6962,.F.);
#7280=ADVANCED_FACE('',(#728,#254),#389,.T.);
#7281=ADVANCED_FACE('',(#729),#6963,.F.);
#7282=ADVANCED_FACE('',(#730,#255),#390,.T.);
#7283=ADVANCED_FACE('',(#731),#6964,.F.);
#7284=ADVANCED_FACE('',(#732,#256),#391,.T.);
#7285=ADVANCED_FACE('',(#733),#6965,.F.);
#7286=ADVANCED_FACE('',(#734,#257),#392,.T.);
#7287=ADVANCED_FACE('',(#735),#6966,.F.);
#7288=ADVANCED_FACE('',(#736,#258),#393,.T.);
#7289=ADVANCED_FACE('',(#737),#6967,.F.);
#7290=ADVANCED_FACE('',(#738),#129,.F.);
#7291=ADVANCED_FACE('',(#739),#394,.T.);
#7292=ADVANCED_FACE('',(#740),#395,.T.);
#7293=ADVANCED_FACE('',(#741),#396,.T.);
#7294=ADVANCED_FACE('',(#742),#397,.T.);
#7295=ADVANCED_FACE('',(#743),#6968,.F.);
#7296=ADVANCED_FACE('',(#744),#398,.T.);
#7297=ADVANCED_FACE('',(#745),#6969,.T.);
#7298=ADVANCED_FACE('',(#746),#399,.T.);
#7299=ADVANCED_FACE('',(#747),#6970,.T.);
#7300=ADVANCED_FACE('',(#748),#400,.T.);
#7301=ADVANCED_FACE('',(#749),#6971,.T.);
#7302=ADVANCED_FACE('',(#750),#401,.T.);
#7303=ADVANCED_FACE('',(#751),#402,.T.);
#7304=ADVANCED_FACE('',(#752),#403,.T.);
#7305=ADVANCED_FACE('',(#753),#6972,.F.);
#7306=ADVANCED_FACE('',(#754),#404,.F.);
#7307=ADVANCED_FACE('',(#755),#405,.F.);
#7308=ADVANCED_FACE('',(#756),#406,.F.);
#7309=ADVANCED_FACE('',(#757),#407,.T.);
#7310=ADVANCED_FACE('',(#758),#408,.F.);
#7311=ADVANCED_FACE('',(#759),#409,.F.);
#7312=ADVANCED_FACE('',(#760),#410,.F.);
#7313=ADVANCED_FACE('',(#761),#130,.F.);
#7314=ADVANCED_FACE('',(#762),#6973,.F.);
#7315=ADVANCED_FACE('',(#763,#259,#260,#261,#262,#263,#264),#411,.T.);
#7316=ADVANCED_FACE('',(#764),#6974,.F.);
#7317=ADVANCED_FACE('',(#765),#131,.F.);
#7318=ADVANCED_FACE('',(#766),#6975,.F.);
#7319=ADVANCED_FACE('',(#767),#132,.F.);
#7320=ADVANCED_FACE('',(#768),#6976,.F.);
#7321=ADVANCED_FACE('',(#769),#133,.F.);
#7322=ADVANCED_FACE('',(#770),#6977,.F.);
#7323=ADVANCED_FACE('',(#771),#134,.F.);
#7324=ADVANCED_FACE('',(#772),#6978,.F.);
#7325=ADVANCED_FACE('',(#773),#135,.F.);
#7326=ADVANCED_FACE('',(#774),#6979,.F.);
#7327=ADVANCED_FACE('',(#775),#6980,.F.);
#7328=ADVANCED_FACE('',(#776),#136,.F.);
#7329=ADVANCED_FACE('',(#777),#6981,.F.);
#7330=ADVANCED_FACE('',(#778),#137,.F.);
#7331=ADVANCED_FACE('',(#779),#6982,.F.);
#7332=ADVANCED_FACE('',(#780),#138,.F.);
#7333=ADVANCED_FACE('',(#781),#412,.T.);
#7334=ADVANCED_FACE('',(#782),#6983,.T.);
#7335=ADVANCED_FACE('',(#783),#413,.T.);
#7336=ADVANCED_FACE('',(#784),#6984,.T.);
#7337=ADVANCED_FACE('',(#785),#414,.T.);
#7338=ADVANCED_FACE('',(#786),#415,.T.);
#7339=ADVANCED_FACE('',(#787),#416,.T.);
#7340=ADVANCED_FACE('',(#788),#417,.T.);
#7341=ADVANCED_FACE('',(#789),#418,.T.);
#7342=ADVANCED_FACE('',(#790),#419,.T.);
#7343=ADVANCED_FACE('',(#791),#6985,.F.);
#7344=ADVANCED_FACE('',(#792),#420,.T.);
#7345=ADVANCED_FACE('',(#793),#20,.T.);
#7346=ADVANCED_FACE('',(#794),#421,.T.);
#7347=ADVANCED_FACE('',(#795),#139,.T.);
#7348=ADVANCED_FACE('',(#796),#422,.F.);
#7349=ADVANCED_FACE('',(#797),#21,.T.);
#7350=ADVANCED_FACE('',(#798),#140,.F.);
#7351=ADVANCED_FACE('',(#799,#265),#423,.T.);
#7352=ADVANCED_FACE('',(#800),#424,.T.);
#7353=ADVANCED_FACE('',(#801),#6986,.T.);
#7354=ADVANCED_FACE('',(#802),#425,.T.);
#7355=ADVANCED_FACE('',(#803),#6987,.T.);
#7356=ADVANCED_FACE('',(#804),#426,.T.);
#7357=ADVANCED_FACE('',(#805),#6988,.T.);
#7358=ADVANCED_FACE('',(#806),#427,.T.);
#7359=ADVANCED_FACE('',(#807),#6989,.T.);
#7360=ADVANCED_FACE('',(#808),#141,.T.);
#7361=ADVANCED_FACE('',(#809),#142,.T.);
#7362=ADVANCED_FACE('',(#810,#266),#428,.T.);
#7363=ADVANCED_FACE('',(#811),#6990,.F.);
#7364=ADVANCED_FACE('',(#812),#143,.F.);
#7365=ADVANCED_FACE('',(#813),#429,.F.);
#7366=ADVANCED_FACE('',(#814),#144,.T.);
#7367=ADVANCED_FACE('',(#815),#145,.T.);
#7368=ADVANCED_FACE('',(#816),#146,.T.);
#7369=ADVANCED_FACE('',(#817),#430,.F.);
#7370=ADVANCED_FACE('',(#818,#267),#431,.T.);
#7371=ADVANCED_FACE('',(#819),#6991,.F.);
#7372=ADVANCED_FACE('',(#820,#268,#269),#147,.F.);
#7373=ADVANCED_FACE('',(#821),#432,.F.);
#7374=ADVANCED_FACE('',(#822),#433,.T.);
#7375=ADVANCED_FACE('',(#823),#6992,.F.);
#7376=ADVANCED_FACE('',(#824,#270,#271,#272,#273,#274,#275,#276,#277,#278,
#279),#434,.T.);
#7377=ADVANCED_FACE('',(#825),#6993,.F.);
#7378=ADVANCED_FACE('',(#826),#6994,.F.);
#7379=ADVANCED_FACE('',(#827),#148,.F.);
#7380=ADVANCED_FACE('',(#828),#6995,.F.);
#7381=ADVANCED_FACE('',(#829),#149,.F.);
#7382=ADVANCED_FACE('',(#830),#6996,.F.);
#7383=ADVANCED_FACE('',(#831),#150,.F.);
#7384=ADVANCED_FACE('',(#832),#22,.F.);
#7385=ADVANCED_FACE('',(#833),#151,.F.);
#7386=ADVANCED_FACE('',(#834),#6997,.F.);
#7387=ADVANCED_FACE('',(#835),#152,.F.);
#7388=ADVANCED_FACE('',(#836,#280),#435,.T.);
#7389=ADVANCED_FACE('',(#837),#6998,.F.);
#7390=ADVANCED_FACE('',(#838,#281),#436,.T.);
#7391=ADVANCED_FACE('',(#839),#6999,.F.);
#7392=ADVANCED_FACE('',(#840),#153,.F.);
#7393=ADVANCED_FACE('',(#841),#7000,.F.);
#7394=ADVANCED_FACE('',(#842),#154,.F.);
#7395=ADVANCED_FACE('',(#843),#7001,.F.);
#7396=ADVANCED_FACE('',(#844),#155,.F.);
#7397=ADVANCED_FACE('',(#845),#7002,.F.);
#7398=ADVANCED_FACE('',(#846),#156,.F.);
#7399=ADVANCED_FACE('',(#847),#157,.F.);
#7400=ADVANCED_FACE('',(#848),#7003,.F.);
#7401=ADVANCED_FACE('',(#849),#158,.F.);
#7402=ADVANCED_FACE('',(#850,#282),#437,.F.);
#7403=ADVANCED_FACE('',(#851),#7004,.F.);
#7404=ADVANCED_FACE('',(#852,#283),#438,.F.);
#7405=ADVANCED_FACE('',(#853),#7005,.F.);
#7406=ADVANCED_FACE('',(#854,#284),#439,.F.);
#7407=ADVANCED_FACE('',(#855),#7006,.F.);
#7408=ADVANCED_FACE('',(#856,#285),#440,.F.);
#7409=ADVANCED_FACE('',(#857),#7007,.F.);
#7410=ADVANCED_FACE('',(#858,#286),#441,.F.);
#7411=ADVANCED_FACE('',(#859),#7008,.F.);
#7412=ADVANCED_FACE('',(#860,#287),#442,.F.);
#7413=ADVANCED_FACE('',(#861),#7009,.F.);
#7414=ADVANCED_FACE('',(#862,#288),#443,.F.);
#7415=ADVANCED_FACE('',(#863),#7010,.F.);
#7416=ADVANCED_FACE('',(#864,#289),#444,.F.);
#7417=ADVANCED_FACE('',(#865),#7011,.F.);
#7418=ADVANCED_FACE('',(#866),#159,.F.);
#7419=ADVANCED_FACE('',(#867),#445,.F.);
#7420=ADVANCED_FACE('',(#868),#446,.F.);
#7421=ADVANCED_FACE('',(#869),#447,.F.);
#7422=ADVANCED_FACE('',(#870),#448,.F.);
#7423=ADVANCED_FACE('',(#871),#7012,.F.);
#7424=ADVANCED_FACE('',(#872),#449,.F.);
#7425=ADVANCED_FACE('',(#873),#7013,.T.);
#7426=ADVANCED_FACE('',(#874),#450,.F.);
#7427=ADVANCED_FACE('',(#875),#7014,.T.);
#7428=ADVANCED_FACE('',(#876),#451,.F.);
#7429=ADVANCED_FACE('',(#877),#7015,.T.);
#7430=ADVANCED_FACE('',(#878),#452,.F.);
#7431=ADVANCED_FACE('',(#879),#453,.F.);
#7432=ADVANCED_FACE('',(#880),#454,.F.);
#7433=ADVANCED_FACE('',(#881),#7016,.F.);
#7434=ADVANCED_FACE('',(#882),#455,.T.);
#7435=ADVANCED_FACE('',(#883),#456,.T.);
#7436=ADVANCED_FACE('',(#884),#457,.T.);
#7437=ADVANCED_FACE('',(#885),#458,.F.);
#7438=ADVANCED_FACE('',(#886),#459,.T.);
#7439=ADVANCED_FACE('',(#887),#460,.T.);
#7440=ADVANCED_FACE('',(#888),#461,.T.);
#7441=ADVANCED_FACE('',(#889),#160,.F.);
#7442=ADVANCED_FACE('',(#890),#7017,.F.);
#7443=ADVANCED_FACE('',(#891,#290,#291,#292,#293,#294,#295),#462,.F.);
#7444=ADVANCED_FACE('',(#892),#7018,.F.);
#7445=ADVANCED_FACE('',(#893),#161,.F.);
#7446=ADVANCED_FACE('',(#894),#7019,.F.);
#7447=ADVANCED_FACE('',(#895),#162,.F.);
#7448=ADVANCED_FACE('',(#896),#7020,.F.);
#7449=ADVANCED_FACE('',(#897),#163,.F.);
#7450=ADVANCED_FACE('',(#898),#7021,.F.);
#7451=ADVANCED_FACE('',(#899),#164,.F.);
#7452=ADVANCED_FACE('',(#900),#7022,.F.);
#7453=ADVANCED_FACE('',(#901),#165,.F.);
#7454=ADVANCED_FACE('',(#902),#7023,.F.);
#7455=ADVANCED_FACE('',(#903),#7024,.F.);
#7456=ADVANCED_FACE('',(#904),#166,.F.);
#7457=ADVANCED_FACE('',(#905),#7025,.F.);
#7458=ADVANCED_FACE('',(#906),#167,.F.);
#7459=ADVANCED_FACE('',(#907),#7026,.F.);
#7460=ADVANCED_FACE('',(#908),#168,.F.);
#7461=ADVANCED_FACE('',(#909),#463,.F.);
#7462=ADVANCED_FACE('',(#910),#7027,.T.);
#7463=ADVANCED_FACE('',(#911),#464,.F.);
#7464=ADVANCED_FACE('',(#912),#7028,.T.);
#7465=ADVANCED_FACE('',(#913),#465,.F.);
#7466=ADVANCED_FACE('',(#914),#466,.F.);
#7467=ADVANCED_FACE('',(#915),#467,.F.);
#7468=ADVANCED_FACE('',(#916),#468,.F.);
#7469=ADVANCED_FACE('',(#917),#469,.F.);
#7470=ADVANCED_FACE('',(#918),#470,.F.);
#7471=ADVANCED_FACE('',(#919),#7029,.F.);
#7472=ADVANCED_FACE('',(#920),#471,.F.);
#7473=ADVANCED_FACE('',(#921),#23,.F.);
#7474=ADVANCED_FACE('',(#922),#472,.F.);
#7475=ADVANCED_FACE('',(#923),#169,.T.);
#7476=ADVANCED_FACE('',(#924),#473,.T.);
#7477=ADVANCED_FACE('',(#925),#24,.F.);
#7478=ADVANCED_FACE('',(#926),#170,.F.);
#7479=ADVANCED_FACE('',(#927,#296),#474,.F.);
#7480=ADVANCED_FACE('',(#928),#475,.F.);
#7481=ADVANCED_FACE('',(#929),#7030,.T.);
#7482=ADVANCED_FACE('',(#930),#476,.F.);
#7483=ADVANCED_FACE('',(#931),#7031,.T.);
#7484=ADVANCED_FACE('',(#932),#477,.F.);
#7485=ADVANCED_FACE('',(#933),#7032,.T.);
#7486=ADVANCED_FACE('',(#934),#478,.F.);
#7487=ADVANCED_FACE('',(#935),#7033,.T.);
#7488=ADVANCED_FACE('',(#936),#171,.T.);
#7489=ADVANCED_FACE('',(#937),#172,.T.);
#7490=ADVANCED_FACE('',(#938,#297),#479,.F.);
#7491=ADVANCED_FACE('',(#939),#7034,.F.);
#7492=ADVANCED_FACE('',(#940),#173,.F.);
#7493=ADVANCED_FACE('',(#941),#480,.T.);
#7494=ADVANCED_FACE('',(#942),#174,.T.);
#7495=ADVANCED_FACE('',(#943),#175,.T.);
#7496=ADVANCED_FACE('',(#944),#176,.T.);
#7497=ADVANCED_FACE('',(#945),#481,.T.);
#7498=ADVANCED_FACE('',(#946,#298),#482,.F.);
#7499=CLOSED_SHELL('',(#7035,#7036,#7037,#7038,#7039,#7040,#7041,#7042,
#7043,#7044,#7045,#7046,#7047,#7048,#7049,#7050,#7051,#7052,#7053,#7054,
#7055,#7056,#7057,#7058,#7059,#7060,#7061,#7062,#7063,#7064,#7065,#7066,
#7067,#7068,#7069,#7070,#7071,#7072,#7073,#7074,#7075,#7076,#7077,#7078,
#7079,#7080,#7081,#7082,#7083,#7084,#7085,#7086,#7087,#7088,#7089,#7090,
#7091,#7092,#7093,#7094,#7095,#7096,#7097,#7098,#7099,#7100,#7101,#7102,
#7103,#7104,#7105,#7106,#7107,#7108,#7109,#7110,#7111,#7112,#7113,#7114,
#7115,#7116,#7117,#7118,#7119,#7120,#7121,#7122,#7123,#7124,#7125,#7126,
#7127,#7128,#7129,#7130,#7131,#7132,#7133,#7134,#7135,#7136,#7137,#7138));
#7500=CLOSED_SHELL('',(#7139,#7140,#7141,#7142,#7143,#7144,#7145,#7146,
#7147,#7148,#7149,#7150,#7151,#7152,#7153,#7154,#7155,#7156,#7157,#7158,
#7159,#7160,#7161,#7162,#7163,#7164,#7165,#7166,#7167,#7168,#7169,#7170,
#7171,#7172,#7173,#7174,#7175,#7176,#7177,#7178,#7179,#7180,#7181,#7182,
#7183,#7184,#7185,#7186,#7187,#7188,#7189,#7190,#7191,#7192,#7193,#7194,
#7195,#7196,#7197,#7198,#7199,#7200,#7201,#7202,#7203,#7204,#7205,#7206,
#7207,#7208,#7209,#7210,#7211,#7212,#7213,#7214,#7215,#7216,#7217,#7218,
#7219,#7220,#7221,#7222,#7223,#7224,#7225,#7226,#7227,#7228,#7229,#7230,
#7231,#7232,#7233,#7234,#7235,#7236,#7237,#7238,#7239,#7240,#7241,#7242));
#7501=CLOSED_SHELL('',(#7243,#7244,#7245,#7246,#7247,#7248,#7249,#7250,
#7251,#7252,#7253,#7254,#7255,#7256,#7257,#7258,#7259,#7260,#7261,#7262,
#7263,#7264,#7265,#7266,#7267,#7268,#7269,#7270,#7271,#7272,#7273,#7274,
#7275,#7276,#7277,#7278,#7279,#7280,#7281,#7282,#7283,#7284,#7285,#7286,
#7287,#7288,#7289,#7290,#7291,#7292,#7293,#7294,#7295,#7296,#7297,#7298,
#7299,#7300,#7301,#7302,#7303,#7304,#7305,#7306,#7307,#7308,#7309,#7310,
#7311,#7312,#7313,#7314,#7315,#7316,#7317,#7318,#7319,#7320,#7321,#7322,
#7323,#7324,#7325,#7326,#7327,#7328,#7329,#7330,#7331,#7332,#7333,#7334,
#7335,#7336,#7337,#7338,#7339,#7340,#7341,#7342,#7343,#7344,#7345,#7346,
#7347,#7348,#7349,#7350,#7351,#7352,#7353,#7354,#7355,#7356,#7357,#7358,
#7359,#7360,#7361,#7362,#7363,#7364,#7365,#7366,#7367,#7368,#7369,#7370));
#7502=CLOSED_SHELL('',(#7371,#7372,#7373,#7374,#7375,#7376,#7377,#7378,
#7379,#7380,#7381,#7382,#7383,#7384,#7385,#7386,#7387,#7388,#7389,#7390,
#7391,#7392,#7393,#7394,#7395,#7396,#7397,#7398,#7399,#7400,#7401,#7402,
#7403,#7404,#7405,#7406,#7407,#7408,#7409,#7410,#7411,#7412,#7413,#7414,
#7415,#7416,#7417,#7418,#7419,#7420,#7421,#7422,#7423,#7424,#7425,#7426,
#7427,#7428,#7429,#7430,#7431,#7432,#7433,#7434,#7435,#7436,#7437,#7438,
#7439,#7440,#7441,#7442,#7443,#7444,#7445,#7446,#7447,#7448,#7449,#7450,
#7451,#7452,#7453,#7454,#7455,#7456,#7457,#7458,#7459,#7460,#7461,#7462,
#7463,#7464,#7465,#7466,#7467,#7468,#7469,#7470,#7471,#7472,#7473,#7474,
#7475,#7476,#7477,#7478,#7479,#7480,#7481,#7482,#7483,#7484,#7485,#7486,
#7487,#7488,#7489,#7490,#7491,#7492,#7493,#7494,#7495,#7496,#7497,#7498));
#7503=DERIVED_UNIT_ELEMENT(#7506,1.);
#7504=DERIVED_UNIT_ELEMENT(#13633,-3.);
#7505=DIMENSIONAL_EXPONENTS(0.,1.,0.,0.,0.,0.,0.);
#7506=(
CONVERSION_BASED_UNIT('gram',#7508)
MASS_UNIT()
NAMED_UNIT(#7505)
);
#7507=(
MASS_UNIT()
NAMED_UNIT(*)
SI_UNIT(.KILO.,.GRAM.)
);
#7508=MASS_MEASURE_WITH_UNIT(MASS_MEASURE(0.001),#7507);
#7509=DERIVED_UNIT((#7503,#7504));
#7510=MEASURE_REPRESENTATION_ITEM('density measure',
POSITIVE_RATIO_MEASURE(1.),#7509);
#7511=PROPERTY_DEFINITION_REPRESENTATION(#7516,#7513);
#7512=PROPERTY_DEFINITION_REPRESENTATION(#7517,#7514);
#7513=REPRESENTATION('material name',(#7515),#13630);
#7514=REPRESENTATION('density',(#7510),#13630);
#7515=DESCRIPTIVE_REPRESENTATION_ITEM('Generic','Generic');
#7516=PROPERTY_DEFINITION('material property','material name',#13640);
#7517=PROPERTY_DEFINITION('material property','density of part',#13640);
#7518=DATE_TIME_ROLE('creation_date');
#7519=APPLIED_DATE_AND_TIME_ASSIGNMENT(#7520,#7518,(#13640));
#7520=DATE_AND_TIME(#7521,#7522);
#7521=CALENDAR_DATE(2025,16,8);
#7522=LOCAL_TIME(13,17,8.,#7523);
#7523=COORDINATED_UNIVERSAL_TIME_OFFSET(0,0,.BEHIND.);
#7524=AXIS2_PLACEMENT_3D('',#10727,#8391,#8392);
#7525=AXIS2_PLACEMENT_3D('',#10728,#8393,#8394);
#7526=AXIS2_PLACEMENT_3D('',#10730,#8395,#8396);
#7527=AXIS2_PLACEMENT_3D('',#10733,#8398,#8399);
#7528=AXIS2_PLACEMENT_3D('',#10734,#8400,#8401);
#7529=AXIS2_PLACEMENT_3D('',#10736,#8402,#8403);
#7530=AXIS2_PLACEMENT_3D('',#10737,#8404,#8405);
#7531=AXIS2_PLACEMENT_3D('',#10740,#8407,#8408);
#7532=AXIS2_PLACEMENT_3D('',#10741,#8409,#8410);
#7533=AXIS2_PLACEMENT_3D('',#10743,#8411,#8412);
#7534=AXIS2_PLACEMENT_3D('',#10746,#8414,#8415);
#7535=AXIS2_PLACEMENT_3D('',#10747,#8416,#8417);
#7536=AXIS2_PLACEMENT_3D('',#10749,#8418,#8419);
#7537=AXIS2_PLACEMENT_3D('',#10750,#8420,#8421);
#7538=AXIS2_PLACEMENT_3D('',#10753,#8423,#8424);
#7539=AXIS2_PLACEMENT_3D('',#10754,#8425,#8426);
#7540=AXIS2_PLACEMENT_3D('',#10756,#8427,#8428);
#7541=AXIS2_PLACEMENT_3D('',#10759,#8430,#8431);
#7542=AXIS2_PLACEMENT_3D('',#10760,#8432,#8433);
#7543=AXIS2_PLACEMENT_3D('',#10762,#8434,#8435);
#7544=AXIS2_PLACEMENT_3D('',#10763,#8436,#8437);
#7545=AXIS2_PLACEMENT_3D('',#10766,#8439,#8440);
#7546=AXIS2_PLACEMENT_3D('',#10767,#8441,#8442);
#7547=AXIS2_PLACEMENT_3D('',#10769,#8443,#8444);
#7548=AXIS2_PLACEMENT_3D('',#10772,#8446,#8447);
#7549=AXIS2_PLACEMENT_3D('',#10773,#8448,#8449);
#7550=AXIS2_PLACEMENT_3D('',#10775,#8450,#8451);
#7551=AXIS2_PLACEMENT_3D('',#10776,#8452,#8453);
#7552=AXIS2_PLACEMENT_3D('',#10779,#8455,#8456);
#7553=AXIS2_PLACEMENT_3D('',#10780,#8457,#8458);
#7554=AXIS2_PLACEMENT_3D('',#10783,#8460,#8461);
#7555=AXIS2_PLACEMENT_3D('',#10784,#8462,#8463);
#7556=AXIS2_PLACEMENT_3D('',#10786,#8464,#8465);
#7557=AXIS2_PLACEMENT_3D('',#10788,#8467,#8468);
#7558=AXIS2_PLACEMENT_3D('',#10791,#8470,#8471);
#7559=AXIS2_PLACEMENT_3D('',#10792,#8472,#8473);
#7560=AXIS2_PLACEMENT_3D('',#10794,#8474,#8475);
#7561=AXIS2_PLACEMENT_3D('',#10796,#8477,#8478);
#7562=AXIS2_PLACEMENT_3D('',#10799,#8480,#8481);
#7563=AXIS2_PLACEMENT_3D('',#10800,#8482,#8483);
#7564=AXIS2_PLACEMENT_3D('',#10802,#8484,#8485);
#7565=AXIS2_PLACEMENT_3D('',#10804,#8487,#8488);
#7566=AXIS2_PLACEMENT_3D('',#10807,#8490,#8491);
#7567=AXIS2_PLACEMENT_3D('',#10808,#8492,#8493);
#7568=AXIS2_PLACEMENT_3D('',#10810,#8494,#8495);
#7569=AXIS2_PLACEMENT_3D('',#10812,#8497,#8498);
#7570=AXIS2_PLACEMENT_3D('',#10814,#8499,#8500);
#7571=AXIS2_PLACEMENT_3D('',#10818,#8502,#8503);
#7572=AXIS2_PLACEMENT_3D('',#10819,#8504,#8505);
#7573=AXIS2_PLACEMENT_3D('',#10820,#8506,#8507);
#7574=AXIS2_PLACEMENT_3D('',#10833,#8513,#8514);
#7575=AXIS2_PLACEMENT_3D('',#10837,#8516,#8517);
#7576=AXIS2_PLACEMENT_3D('',#10841,#8519,#8520);
#7577=AXIS2_PLACEMENT_3D('',#10845,#8522,#8523);
#7578=AXIS2_PLACEMENT_3D('',#10850,#8526,#8527);
#7579=AXIS2_PLACEMENT_3D('',#10852,#8528,#8529);
#7580=AXIS2_PLACEMENT_3D('',#10854,#8530,#8531);
#7581=AXIS2_PLACEMENT_3D('',#10856,#8532,#8533);
#7582=AXIS2_PLACEMENT_3D('',#10858,#8534,#8535);
#7583=AXIS2_PLACEMENT_3D('',#10860,#8536,#8537);
#7584=AXIS2_PLACEMENT_3D('',#10862,#8538,#8539);
#7585=AXIS2_PLACEMENT_3D('',#10864,#8540,#8541);
#7586=AXIS2_PLACEMENT_3D('',#10866,#8542,#8543);
#7587=AXIS2_PLACEMENT_3D('',#10868,#8544,#8545);
#7588=AXIS2_PLACEMENT_3D('',#10869,#8546,#8547);
#7589=AXIS2_PLACEMENT_3D('',#10872,#8549,#8550);
#7590=AXIS2_PLACEMENT_3D('',#10873,#8551,#8552);
#7591=AXIS2_PLACEMENT_3D('',#10876,#8554,#8555);
#7592=AXIS2_PLACEMENT_3D('',#10877,#8556,#8557);
#7593=AXIS2_PLACEMENT_3D('',#10879,#8558,#8559);
#7594=AXIS2_PLACEMENT_3D('',#10881,#8561,#8562);
#7595=AXIS2_PLACEMENT_3D('',#10883,#8564,#8565);
#7596=AXIS2_PLACEMENT_3D('',#10886,#8567,#8568);
#7597=AXIS2_PLACEMENT_3D('',#10887,#8569,#8570);
#7598=AXIS2_PLACEMENT_3D('',#10889,#8571,#8572);
#7599=AXIS2_PLACEMENT_3D('',#10891,#8574,#8575);
#7600=AXIS2_PLACEMENT_3D('',#10895,#8577,#8578);
#7601=AXIS2_PLACEMENT_3D('',#10896,#8579,#8580);
#7602=AXIS2_PLACEMENT_3D('',#10897,#8581,#8582);
#7603=AXIS2_PLACEMENT_3D('',#10900,#8584,#8585);
#7604=AXIS2_PLACEMENT_3D('',#10901,#8586,#8587);
#7605=AXIS2_PLACEMENT_3D('',#10903,#8589,#8590);
#7606=AXIS2_PLACEMENT_3D('',#10907,#8592,#8593);
#7607=AXIS2_PLACEMENT_3D('',#10908,#8594,#8595);
#7608=AXIS2_PLACEMENT_3D('',#10909,#8596,#8597);
#7609=AXIS2_PLACEMENT_3D('',#10912,#8599,#8600);
#7610=AXIS2_PLACEMENT_3D('',#10913,#8601,#8602);
#7611=AXIS2_PLACEMENT_3D('',#10915,#8604,#8605);
#7612=AXIS2_PLACEMENT_3D('',#10919,#8607,#8608);
#7613=AXIS2_PLACEMENT_3D('',#10920,#8609,#8610);
#7614=AXIS2_PLACEMENT_3D('',#10921,#8611,#8612);
#7615=AXIS2_PLACEMENT_3D('',#10924,#8614,#8615);
#7616=AXIS2_PLACEMENT_3D('',#10925,#8616,#8617);
#7617=AXIS2_PLACEMENT_3D('',#10927,#8619,#8620);
#7618=AXIS2_PLACEMENT_3D('',#10930,#8622,#8623);
#7619=AXIS2_PLACEMENT_3D('',#10931,#8624,#8625);
#7620=AXIS2_PLACEMENT_3D('',#10933,#8626,#8627);
#7621=AXIS2_PLACEMENT_3D('',#10934,#8628,#8629);
#7622=AXIS2_PLACEMENT_3D('',#10936,#8630,#8631);
#7623=AXIS2_PLACEMENT_3D('',#10939,#8633,#8634);
#7624=AXIS2_PLACEMENT_3D('',#10940,#8635,#8636);
#7625=AXIS2_PLACEMENT_3D('',#10943,#8637,#8638);
#7626=AXIS2_PLACEMENT_3D('',#10947,#8640,#8641);
#7627=AXIS2_PLACEMENT_3D('',#10951,#8643,#8644);
#7628=AXIS2_PLACEMENT_3D('',#10955,#8646,#8647);
#7629=AXIS2_PLACEMENT_3D('',#10959,#8649,#8650);
#7630=AXIS2_PLACEMENT_3D('',#10974,#8658,#8659);
#7631=AXIS2_PLACEMENT_3D('',#10976,#8660,#8661);
#7632=AXIS2_PLACEMENT_3D('',#10978,#8662,#8663);
#7633=AXIS2_PLACEMENT_3D('',#10980,#8664,#8665);
#7634=AXIS2_PLACEMENT_3D('',#10982,#8666,#8667);
#7635=AXIS2_PLACEMENT_3D('',#10984,#8668,#8669);
#7636=AXIS2_PLACEMENT_3D('',#10986,#8670,#8671);
#7637=AXIS2_PLACEMENT_3D('',#10988,#8672,#8673);
#7638=AXIS2_PLACEMENT_3D('',#10990,#8674,#8675);
#7639=AXIS2_PLACEMENT_3D('',#10992,#8676,#8677);
#7640=AXIS2_PLACEMENT_3D('',#10993,#8678,#8679);
#7641=AXIS2_PLACEMENT_3D('',#10996,#8681,#8682);
#7642=AXIS2_PLACEMENT_3D('',#10997,#8683,#8684);
#7643=AXIS2_PLACEMENT_3D('',#10999,#8685,#8686);
#7644=AXIS2_PLACEMENT_3D('',#11001,#8688,#8689);
#7645=AXIS2_PLACEMENT_3D('',#11004,#8691,#8692);
#7646=AXIS2_PLACEMENT_3D('',#11005,#8693,#8694);
#7647=AXIS2_PLACEMENT_3D('',#11007,#8696,#8697);
#7648=AXIS2_PLACEMENT_3D('',#11009,#8698,#8699);
#7649=AXIS2_PLACEMENT_3D('',#11011,#8701,#8702);
#7650=AXIS2_PLACEMENT_3D('',#11014,#8704,#8705);
#7651=AXIS2_PLACEMENT_3D('',#11015,#8706,#8707);
#7652=AXIS2_PLACEMENT_3D('',#11017,#8708,#8709);
#7653=AXIS2_PLACEMENT_3D('',#11019,#8711,#8712);
#7654=AXIS2_PLACEMENT_3D('',#11022,#8714,#8715);
#7655=AXIS2_PLACEMENT_3D('',#11023,#8716,#8717);
#7656=AXIS2_PLACEMENT_3D('',#11025,#8718,#8719);
#7657=AXIS2_PLACEMENT_3D('',#11030,#8721,#8722);
#7658=AXIS2_PLACEMENT_3D('',#11036,#8726,#8727);
#7659=AXIS2_PLACEMENT_3D('',#11038,#8729,#8730);
#7660=AXIS2_PLACEMENT_3D('',#11041,#8732,#8733);
#7661=AXIS2_PLACEMENT_3D('',#11042,#8734,#8735);
#7662=AXIS2_PLACEMENT_3D('',#11044,#8736,#8737);
#7663=AXIS2_PLACEMENT_3D('',#11046,#8739,#8740);
#7664=AXIS2_PLACEMENT_3D('',#11052,#8744,#8745);
#7665=AXIS2_PLACEMENT_3D('',#11058,#8749,#8750);
#7666=AXIS2_PLACEMENT_3D('',#11060,#8752,#8753);
#7667=AXIS2_PLACEMENT_3D('',#11064,#8756,#8757);
#7668=AXIS2_PLACEMENT_3D('',#11068,#8760,#8761);
#7669=AXIS2_PLACEMENT_3D('',#11071,#8763,#8764);
#7670=AXIS2_PLACEMENT_3D('',#11072,#8765,#8766);
#7671=AXIS2_PLACEMENT_3D('',#11076,#8769,#8770);
#7672=AXIS2_PLACEMENT_3D('',#11079,#8772,#8773);
#7673=AXIS2_PLACEMENT_3D('',#11080,#8774,#8775);
#7674=AXIS2_PLACEMENT_3D('',#11084,#8778,#8779);
#7675=AXIS2_PLACEMENT_3D('',#11087,#8781,#8782);
#7676=AXIS2_PLACEMENT_3D('',#11088,#8783,#8784);
#7677=AXIS2_PLACEMENT_3D('',#11092,#8787,#8788);
#7678=AXIS2_PLACEMENT_3D('',#11095,#8790,#8791);
#7679=AXIS2_PLACEMENT_3D('',#11096,#8792,#8793);
#7680=AXIS2_PLACEMENT_3D('',#11100,#8796,#8797);
#7681=AXIS2_PLACEMENT_3D('',#11102,#8799,#8800);
#7682=AXIS2_PLACEMENT_3D('',#11108,#8804,#8805);
#7683=AXIS2_PLACEMENT_3D('',#11111,#8807,#8808);
#7684=AXIS2_PLACEMENT_3D('',#11112,#8809,#8810);
#7685=AXIS2_PLACEMENT_3D('',#11116,#8813,#8814);
#7686=AXIS2_PLACEMENT_3D('',#11120,#8817,#8818);
#7687=AXIS2_PLACEMENT_3D('',#11124,#8821,#8822);
#7688=AXIS2_PLACEMENT_3D('',#11128,#8825,#8826);
#7689=AXIS2_PLACEMENT_3D('',#11132,#8829,#8830);
#7690=AXIS2_PLACEMENT_3D('',#11135,#8833,#8834);
#7691=AXIS2_PLACEMENT_3D('',#11137,#8836,#8837);
#7692=AXIS2_PLACEMENT_3D('',#11140,#8839,#8840);
#7693=AXIS2_PLACEMENT_3D('',#11141,#8841,#8842);
#7694=AXIS2_PLACEMENT_3D('',#11145,#8845,#8846);
#7695=AXIS2_PLACEMENT_3D('',#11147,#8847,#8848);
#7696=AXIS2_PLACEMENT_3D('',#11149,#8850,#8851);
#7697=AXIS2_PLACEMENT_3D('',#11153,#8854,#8855);
#7698=AXIS2_PLACEMENT_3D('',#11155,#8857,#8858);
#7699=AXIS2_PLACEMENT_3D('',#11156,#8859,#8860);
#7700=AXIS2_PLACEMENT_3D('',#11158,#8862,#8863);
#7701=AXIS2_PLACEMENT_3D('',#11160,#8865,#8866);
#7702=AXIS2_PLACEMENT_3D('',#11161,#8867,#8868);
#7703=AXIS2_PLACEMENT_3D('',#11164,#8871,#8872);
#7704=AXIS2_PLACEMENT_3D('',#11166,#8874,#8875);
#7705=AXIS2_PLACEMENT_3D('',#11167,#8876,#8877);
#7706=AXIS2_PLACEMENT_3D('',#11169,#8879,#8880);
#7707=AXIS2_PLACEMENT_3D('',#11171,#8882,#8883);
#7708=AXIS2_PLACEMENT_3D('',#11173,#8885,#8886);
#7709=AXIS2_PLACEMENT_3D('',#11175,#8888,#8889);
#7710=AXIS2_PLACEMENT_3D('',#11177,#8891,#8892);
#7711=AXIS2_PLACEMENT_3D('',#11179,#8894,#8895);
#7712=AXIS2_PLACEMENT_3D('',#11181,#8897,#8898);
#7713=AXIS2_PLACEMENT_3D('',#11183,#8900,#8901);
#7714=AXIS2_PLACEMENT_3D('',#11185,#8903,#8904);
#7715=AXIS2_PLACEMENT_3D('',#11187,#8906,#8907);
#7716=AXIS2_PLACEMENT_3D('',#11189,#8909,#8910);
#7717=AXIS2_PLACEMENT_3D('',#11190,#8911,#8912);
#7718=AXIS2_PLACEMENT_3D('',#11191,#8913,#8914);
#7719=AXIS2_PLACEMENT_3D('',#11192,#8915,#8916);
#7720=AXIS2_PLACEMENT_3D('',#11193,#8917,#8918);
#7721=AXIS2_PLACEMENT_3D('',#11194,#8919,#8920);
#7722=AXIS2_PLACEMENT_3D('',#11196,#8921,#8922);
#7723=AXIS2_PLACEMENT_3D('',#11199,#8924,#8925);
#7724=AXIS2_PLACEMENT_3D('',#11200,#8926,#8927);
#7725=AXIS2_PLACEMENT_3D('',#11202,#8928,#8929);
#7726=AXIS2_PLACEMENT_3D('',#11203,#8930,#8931);
#7727=AXIS2_PLACEMENT_3D('',#11206,#8933,#8934);
#7728=AXIS2_PLACEMENT_3D('',#11207,#8935,#8936);
#7729=AXIS2_PLACEMENT_3D('',#11209,#8937,#8938);
#7730=AXIS2_PLACEMENT_3D('',#11212,#8940,#8941);
#7731=AXIS2_PLACEMENT_3D('',#11213,#8942,#8943);
#7732=AXIS2_PLACEMENT_3D('',#11215,#8944,#8945);
#7733=AXIS2_PLACEMENT_3D('',#11216,#8946,#8947);
#7734=AXIS2_PLACEMENT_3D('',#11219,#8949,#8950);
#7735=AXIS2_PLACEMENT_3D('',#11220,#8951,#8952);
#7736=AXIS2_PLACEMENT_3D('',#11222,#8953,#8954);
#7737=AXIS2_PLACEMENT_3D('',#11225,#8956,#8957);
#7738=AXIS2_PLACEMENT_3D('',#11226,#8958,#8959);
#7739=AXIS2_PLACEMENT_3D('',#11228,#8960,#8961);
#7740=AXIS2_PLACEMENT_3D('',#11229,#8962,#8963);
#7741=AXIS2_PLACEMENT_3D('',#11232,#8965,#8966);
#7742=AXIS2_PLACEMENT_3D('',#11233,#8967,#8968);
#7743=AXIS2_PLACEMENT_3D('',#11235,#8969,#8970);
#7744=AXIS2_PLACEMENT_3D('',#11238,#8972,#8973);
#7745=AXIS2_PLACEMENT_3D('',#11239,#8974,#8975);
#7746=AXIS2_PLACEMENT_3D('',#11241,#8976,#8977);
#7747=AXIS2_PLACEMENT_3D('',#11242,#8978,#8979);
#7748=AXIS2_PLACEMENT_3D('',#11245,#8981,#8982);
#7749=AXIS2_PLACEMENT_3D('',#11246,#8983,#8984);
#7750=AXIS2_PLACEMENT_3D('',#11249,#8986,#8987);
#7751=AXIS2_PLACEMENT_3D('',#11250,#8988,#8989);
#7752=AXIS2_PLACEMENT_3D('',#11252,#8990,#8991);
#7753=AXIS2_PLACEMENT_3D('',#11254,#8993,#8994);
#7754=AXIS2_PLACEMENT_3D('',#11257,#8996,#8997);
#7755=AXIS2_PLACEMENT_3D('',#11258,#8998,#8999);
#7756=AXIS2_PLACEMENT_3D('',#11260,#9000,#9001);
#7757=AXIS2_PLACEMENT_3D('',#11262,#9003,#9004);
#7758=AXIS2_PLACEMENT_3D('',#11265,#9006,#9007);
#7759=AXIS2_PLACEMENT_3D('',#11266,#9008,#9009);
#7760=AXIS2_PLACEMENT_3D('',#11268,#9010,#9011);
#7761=AXIS2_PLACEMENT_3D('',#11270,#9013,#9014);
#7762=AXIS2_PLACEMENT_3D('',#11273,#9016,#9017);
#7763=AXIS2_PLACEMENT_3D('',#11274,#9018,#9019);
#7764=AXIS2_PLACEMENT_3D('',#11276,#9020,#9021);
#7765=AXIS2_PLACEMENT_3D('',#11278,#9023,#9024);
#7766=AXIS2_PLACEMENT_3D('',#11280,#9025,#9026);
#7767=AXIS2_PLACEMENT_3D('',#11284,#9028,#9029);
#7768=AXIS2_PLACEMENT_3D('',#11285,#9030,#9031);
#7769=AXIS2_PLACEMENT_3D('',#11286,#9032,#9033);
#7770=AXIS2_PLACEMENT_3D('',#11295,#9037,#9038);
#7771=AXIS2_PLACEMENT_3D('',#11299,#9040,#9041);
#7772=AXIS2_PLACEMENT_3D('',#11303,#9043,#9044);
#7773=AXIS2_PLACEMENT_3D('',#11307,#9046,#9047);
#7774=AXIS2_PLACEMENT_3D('',#11316,#9052,#9053);
#7775=AXIS2_PLACEMENT_3D('',#11318,#9054,#9055);
#7776=AXIS2_PLACEMENT_3D('',#11320,#9056,#9057);
#7777=AXIS2_PLACEMENT_3D('',#11322,#9058,#9059);
#7778=AXIS2_PLACEMENT_3D('',#11324,#9060,#9061);
#7779=AXIS2_PLACEMENT_3D('',#11326,#9062,#9063);
#7780=AXIS2_PLACEMENT_3D('',#11328,#9064,#9065);
#7781=AXIS2_PLACEMENT_3D('',#11330,#9066,#9067);
#7782=AXIS2_PLACEMENT_3D('',#11332,#9068,#9069);
#7783=AXIS2_PLACEMENT_3D('',#11334,#9070,#9071);
#7784=AXIS2_PLACEMENT_3D('',#11335,#9072,#9073);
#7785=AXIS2_PLACEMENT_3D('',#11338,#9075,#9076);
#7786=AXIS2_PLACEMENT_3D('',#11339,#9077,#9078);
#7787=AXIS2_PLACEMENT_3D('',#11342,#9080,#9081);
#7788=AXIS2_PLACEMENT_3D('',#11343,#9082,#9083);
#7789=AXIS2_PLACEMENT_3D('',#11345,#9084,#9085);
#7790=AXIS2_PLACEMENT_3D('',#11347,#9087,#9088);
#7791=AXIS2_PLACEMENT_3D('',#11349,#9090,#9091);
#7792=AXIS2_PLACEMENT_3D('',#11352,#9093,#9094);
#7793=AXIS2_PLACEMENT_3D('',#11353,#9095,#9096);
#7794=AXIS2_PLACEMENT_3D('',#11355,#9097,#9098);
#7795=AXIS2_PLACEMENT_3D('',#11357,#9100,#9101);
#7796=AXIS2_PLACEMENT_3D('',#11361,#9103,#9104);
#7797=AXIS2_PLACEMENT_3D('',#11362,#9105,#9106);
#7798=AXIS2_PLACEMENT_3D('',#11363,#9107,#9108);
#7799=AXIS2_PLACEMENT_3D('',#11366,#9110,#9111);
#7800=AXIS2_PLACEMENT_3D('',#11367,#9112,#9113);
#7801=AXIS2_PLACEMENT_3D('',#11369,#9115,#9116);
#7802=AXIS2_PLACEMENT_3D('',#11373,#9118,#9119);
#7803=AXIS2_PLACEMENT_3D('',#11374,#9120,#9121);
#7804=AXIS2_PLACEMENT_3D('',#11375,#9122,#9123);
#7805=AXIS2_PLACEMENT_3D('',#11378,#9125,#9126);
#7806=AXIS2_PLACEMENT_3D('',#11379,#9127,#9128);
#7807=AXIS2_PLACEMENT_3D('',#11381,#9130,#9131);
#7808=AXIS2_PLACEMENT_3D('',#11385,#9133,#9134);
#7809=AXIS2_PLACEMENT_3D('',#11386,#9135,#9136);
#7810=AXIS2_PLACEMENT_3D('',#11387,#9137,#9138);
#7811=AXIS2_PLACEMENT_3D('',#11390,#9140,#9141);
#7812=AXIS2_PLACEMENT_3D('',#11391,#9142,#9143);
#7813=AXIS2_PLACEMENT_3D('',#11393,#9145,#9146);
#7814=AXIS2_PLACEMENT_3D('',#11396,#9148,#9149);
#7815=AXIS2_PLACEMENT_3D('',#11397,#9150,#9151);
#7816=AXIS2_PLACEMENT_3D('',#11399,#9152,#9153);
#7817=AXIS2_PLACEMENT_3D('',#11400,#9154,#9155);
#7818=AXIS2_PLACEMENT_3D('',#11402,#9156,#9157);
#7819=AXIS2_PLACEMENT_3D('',#11405,#9159,#9160);
#7820=AXIS2_PLACEMENT_3D('',#11406,#9161,#9162);
#7821=AXIS2_PLACEMENT_3D('',#11409,#9163,#9164);
#7822=AXIS2_PLACEMENT_3D('',#11411,#9165,#9166);
#7823=AXIS2_PLACEMENT_3D('',#11427,#9174,#9175);
#7824=AXIS2_PLACEMENT_3D('',#11431,#9177,#9178);
#7825=AXIS2_PLACEMENT_3D('',#11435,#9180,#9181);
#7826=AXIS2_PLACEMENT_3D('',#11439,#9183,#9184);
#7827=AXIS2_PLACEMENT_3D('',#11442,#9186,#9187);
#7828=AXIS2_PLACEMENT_3D('',#11444,#9188,#9189);
#7829=AXIS2_PLACEMENT_3D('',#11446,#9190,#9191);
#7830=AXIS2_PLACEMENT_3D('',#11448,#9192,#9193);
#7831=AXIS2_PLACEMENT_3D('',#11450,#9194,#9195);
#7832=AXIS2_PLACEMENT_3D('',#11452,#9196,#9197);
#7833=AXIS2_PLACEMENT_3D('',#11454,#9198,#9199);
#7834=AXIS2_PLACEMENT_3D('',#11456,#9200,#9201);
#7835=AXIS2_PLACEMENT_3D('',#11458,#9202,#9203);
#7836=AXIS2_PLACEMENT_3D('',#11459,#9204,#9205);
#7837=AXIS2_PLACEMENT_3D('',#11462,#9207,#9208);
#7838=AXIS2_PLACEMENT_3D('',#11463,#9209,#9210);
#7839=AXIS2_PLACEMENT_3D('',#11465,#9211,#9212);
#7840=AXIS2_PLACEMENT_3D('',#11467,#9214,#9215);
#7841=AXIS2_PLACEMENT_3D('',#11470,#9217,#9218);
#7842=AXIS2_PLACEMENT_3D('',#11471,#9219,#9220);
#7843=AXIS2_PLACEMENT_3D('',#11473,#9222,#9223);
#7844=AXIS2_PLACEMENT_3D('',#11475,#9224,#9225);
#7845=AXIS2_PLACEMENT_3D('',#11477,#9227,#9228);
#7846=AXIS2_PLACEMENT_3D('',#11480,#9230,#9231);
#7847=AXIS2_PLACEMENT_3D('',#11481,#9232,#9233);
#7848=AXIS2_PLACEMENT_3D('',#11483,#9234,#9235);
#7849=AXIS2_PLACEMENT_3D('',#11485,#9237,#9238);
#7850=AXIS2_PLACEMENT_3D('',#11488,#9240,#9241);
#7851=AXIS2_PLACEMENT_3D('',#11489,#9242,#9243);
#7852=AXIS2_PLACEMENT_3D('',#11491,#9244,#9245);
#7853=AXIS2_PLACEMENT_3D('',#11496,#9247,#9248);
#7854=AXIS2_PLACEMENT_3D('',#11502,#9252,#9253);
#7855=AXIS2_PLACEMENT_3D('',#11504,#9255,#9256);
#7856=AXIS2_PLACEMENT_3D('',#11507,#9258,#9259);
#7857=AXIS2_PLACEMENT_3D('',#11508,#9260,#9261);
#7858=AXIS2_PLACEMENT_3D('',#11510,#9262,#9263);
#7859=AXIS2_PLACEMENT_3D('',#11512,#9265,#9266);
#7860=AXIS2_PLACEMENT_3D('',#11518,#9270,#9271);
#7861=AXIS2_PLACEMENT_3D('',#11524,#9275,#9276);
#7862=AXIS2_PLACEMENT_3D('',#11526,#9278,#9279);
#7863=AXIS2_PLACEMENT_3D('',#11530,#9282,#9283);
#7864=AXIS2_PLACEMENT_3D('',#11534,#9286,#9287);
#7865=AXIS2_PLACEMENT_3D('',#11536,#9288,#9289);
#7866=AXIS2_PLACEMENT_3D('',#11538,#9291,#9292);
#7867=AXIS2_PLACEMENT_3D('',#11542,#9295,#9296);
#7868=AXIS2_PLACEMENT_3D('',#11544,#9297,#9298);
#7869=AXIS2_PLACEMENT_3D('',#11546,#9300,#9301);
#7870=AXIS2_PLACEMENT_3D('',#11550,#9304,#9305);
#7871=AXIS2_PLACEMENT_3D('',#11553,#9307,#9308);
#7872=AXIS2_PLACEMENT_3D('',#11554,#9309,#9310);
#7873=AXIS2_PLACEMENT_3D('',#11558,#9313,#9314);
#7874=AXIS2_PLACEMENT_3D('',#11561,#9316,#9317);
#7875=AXIS2_PLACEMENT_3D('',#11562,#9318,#9319);
#7876=AXIS2_PLACEMENT_3D('',#11566,#9322,#9323);
#7877=AXIS2_PLACEMENT_3D('',#11568,#9325,#9326);
#7878=AXIS2_PLACEMENT_3D('',#11574,#9330,#9331);
#7879=AXIS2_PLACEMENT_3D('',#11576,#9332,#9333);
#7880=AXIS2_PLACEMENT_3D('',#11578,#9335,#9336);
#7881=AXIS2_PLACEMENT_3D('',#11582,#9339,#9340);
#7882=AXIS2_PLACEMENT_3D('',#11586,#9343,#9344);
#7883=AXIS2_PLACEMENT_3D('',#11590,#9347,#9348);
#7884=AXIS2_PLACEMENT_3D('',#11594,#9351,#9352);
#7885=AXIS2_PLACEMENT_3D('',#11598,#9355,#9356);
#7886=AXIS2_PLACEMENT_3D('',#11601,#9359,#9360);
#7887=AXIS2_PLACEMENT_3D('',#11603,#9362,#9363);
#7888=AXIS2_PLACEMENT_3D('',#11606,#9365,#9366);
#7889=AXIS2_PLACEMENT_3D('',#11607,#9367,#9368);
#7890=AXIS2_PLACEMENT_3D('',#11611,#9371,#9372);
#7891=AXIS2_PLACEMENT_3D('',#11614,#9374,#9375);
#7892=AXIS2_PLACEMENT_3D('',#11615,#9376,#9377);
#7893=AXIS2_PLACEMENT_3D('',#11619,#9380,#9381);
#7894=AXIS2_PLACEMENT_3D('',#11621,#9383,#9384);
#7895=AXIS2_PLACEMENT_3D('',#11622,#9385,#9386);
#7896=AXIS2_PLACEMENT_3D('',#11624,#9388,#9389);
#7897=AXIS2_PLACEMENT_3D('',#11626,#9391,#9392);
#7898=AXIS2_PLACEMENT_3D('',#11627,#9393,#9394);
#7899=AXIS2_PLACEMENT_3D('',#11630,#9397,#9398);
#7900=AXIS2_PLACEMENT_3D('',#11632,#9400,#9401);
#7901=AXIS2_PLACEMENT_3D('',#11633,#9402,#9403);
#7902=AXIS2_PLACEMENT_3D('',#11635,#9405,#9406);
#7903=AXIS2_PLACEMENT_3D('',#11637,#9408,#9409);
#7904=AXIS2_PLACEMENT_3D('',#11639,#9411,#9412);
#7905=AXIS2_PLACEMENT_3D('',#11641,#9414,#9415);
#7906=AXIS2_PLACEMENT_3D('',#11643,#9417,#9418);
#7907=AXIS2_PLACEMENT_3D('',#11645,#9420,#9421);
#7908=AXIS2_PLACEMENT_3D('',#11647,#9423,#9424);
#7909=AXIS2_PLACEMENT_3D('',#11649,#9426,#9427);
#7910=AXIS2_PLACEMENT_3D('',#11651,#9429,#9430);
#7911=AXIS2_PLACEMENT_3D('',#11653,#9432,#9433);
#7912=AXIS2_PLACEMENT_3D('',#11655,#9435,#9436);
#7913=AXIS2_PLACEMENT_3D('',#11656,#9437,#9438);
#7914=AXIS2_PLACEMENT_3D('',#11657,#9439,#9440);
#7915=AXIS2_PLACEMENT_3D('',#11658,#9441,#9442);
#7916=AXIS2_PLACEMENT_3D('',#11659,#9443,#9444);
#7917=AXIS2_PLACEMENT_3D('',#11660,#9445,#9446);
#7918=AXIS2_PLACEMENT_3D('',#11667,#9447,#9448);
#7919=AXIS2_PLACEMENT_3D('',#11669,#9449,#9450);
#7920=AXIS2_PLACEMENT_3D('',#11674,#9451,#9452);
#7921=AXIS2_PLACEMENT_3D('',#11675,#9453,#9454);
#7922=AXIS2_PLACEMENT_3D('',#11679,#9456,#9457);
#7923=AXIS2_PLACEMENT_3D('',#11683,#9460,#9461);
#7924=AXIS2_PLACEMENT_3D('',#11744,#9462,#9463);
#7925=AXIS2_PLACEMENT_3D('',#11747,#9466,#9467);
#7926=AXIS2_PLACEMENT_3D('',#11748,#9468,#9469);
#7927=AXIS2_PLACEMENT_3D('',#11750,#9470,#9471);
#7928=AXIS2_PLACEMENT_3D('',#11753,#9473,#9474);
#7929=AXIS2_PLACEMENT_3D('',#11754,#9475,#9476);
#7930=AXIS2_PLACEMENT_3D('',#11759,#9478,#9479);
#7931=AXIS2_PLACEMENT_3D('',#11761,#9480,#9481);
#7932=AXIS2_PLACEMENT_3D('',#11777,#9489,#9490);
#7933=AXIS2_PLACEMENT_3D('',#11781,#9492,#9493);
#7934=AXIS2_PLACEMENT_3D('',#11785,#9495,#9496);
#7935=AXIS2_PLACEMENT_3D('',#11788,#9498,#9499);
#7936=AXIS2_PLACEMENT_3D('',#11790,#9500,#9501);
#7937=AXIS2_PLACEMENT_3D('',#11792,#9502,#9503);
#7938=AXIS2_PLACEMENT_3D('',#11794,#9504,#9505);
#7939=AXIS2_PLACEMENT_3D('',#11796,#9506,#9507);
#7940=AXIS2_PLACEMENT_3D('',#11798,#9508,#9509);
#7941=AXIS2_PLACEMENT_3D('',#11800,#9510,#9511);
#7942=AXIS2_PLACEMENT_3D('',#11802,#9512,#9513);
#7943=AXIS2_PLACEMENT_3D('',#11804,#9514,#9515);
#7944=AXIS2_PLACEMENT_3D('',#11806,#9516,#9517);
#7945=AXIS2_PLACEMENT_3D('',#11807,#9518,#9519);
#7946=AXIS2_PLACEMENT_3D('',#11810,#9521,#9522);
#7947=AXIS2_PLACEMENT_3D('',#11811,#9523,#9524);
#7948=AXIS2_PLACEMENT_3D('',#11814,#9526,#9527);
#7949=AXIS2_PLACEMENT_3D('',#11815,#9528,#9529);
#7950=AXIS2_PLACEMENT_3D('',#11817,#9530,#9531);
#7951=AXIS2_PLACEMENT_3D('',#11819,#9533,#9534);
#7952=AXIS2_PLACEMENT_3D('',#11822,#9536,#9537);
#7953=AXIS2_PLACEMENT_3D('',#11823,#9538,#9539);
#7954=AXIS2_PLACEMENT_3D('',#11825,#9540,#9541);
#7955=AXIS2_PLACEMENT_3D('',#11827,#9543,#9544);
#7956=AXIS2_PLACEMENT_3D('',#11830,#9546,#9547);
#7957=AXIS2_PLACEMENT_3D('',#11831,#9548,#9549);
#7958=AXIS2_PLACEMENT_3D('',#11833,#9550,#9551);
#7959=AXIS2_PLACEMENT_3D('',#11992,#9554,#9555);
#7960=AXIS2_PLACEMENT_3D('',#11995,#9557,#9558);
#7961=AXIS2_PLACEMENT_3D('',#11996,#9559,#9560);
#7962=AXIS2_PLACEMENT_3D('',#11998,#9561,#9562);
#7963=AXIS2_PLACEMENT_3D('',#12001,#9564,#9565);
#7964=AXIS2_PLACEMENT_3D('',#12002,#9566,#9567);
#7965=AXIS2_PLACEMENT_3D('',#12004,#9568,#9569);
#7966=AXIS2_PLACEMENT_3D('',#12006,#9571,#9572);
#7967=AXIS2_PLACEMENT_3D('',#12015,#9577,#9578);
#7968=AXIS2_PLACEMENT_3D('',#12017,#9579,#9580);
#7969=AXIS2_PLACEMENT_3D('',#12019,#9582,#9583);
#7970=AXIS2_PLACEMENT_3D('',#12020,#9584,#9585);
#7971=AXIS2_PLACEMENT_3D('',#12023,#9587,#9588);
#7972=AXIS2_PLACEMENT_3D('',#12024,#9589,#9590);
#7973=AXIS2_PLACEMENT_3D('',#12026,#9591,#9592);
#7974=AXIS2_PLACEMENT_3D('',#12028,#9594,#9595);
#7975=AXIS2_PLACEMENT_3D('',#12031,#9597,#9598);
#7976=AXIS2_PLACEMENT_3D('',#12032,#9599,#9600);
#7977=AXIS2_PLACEMENT_3D('',#12034,#9601,#9602);
#7978=AXIS2_PLACEMENT_3D('',#12036,#9604,#9605);
#7979=AXIS2_PLACEMENT_3D('',#12039,#9607,#9608);
#7980=AXIS2_PLACEMENT_3D('',#12040,#9609,#9610);
#7981=AXIS2_PLACEMENT_3D('',#12042,#9611,#9612);
#7982=AXIS2_PLACEMENT_3D('',#12044,#9614,#9615);
#7983=AXIS2_PLACEMENT_3D('',#12047,#9617,#9618);
#7984=AXIS2_PLACEMENT_3D('',#12048,#9619,#9620);
#7985=AXIS2_PLACEMENT_3D('',#12050,#9621,#9622);
#7986=AXIS2_PLACEMENT_3D('',#12052,#9624,#9625);
#7987=AXIS2_PLACEMENT_3D('',#12054,#9626,#9627);
#7988=AXIS2_PLACEMENT_3D('',#12056,#9629,#9630);
#7989=AXIS2_PLACEMENT_3D('',#12058,#9631,#9632);
#7990=AXIS2_PLACEMENT_3D('',#12061,#9634,#9635);
#7991=AXIS2_PLACEMENT_3D('',#12062,#9636,#9637);
#7992=AXIS2_PLACEMENT_3D('',#12064,#9639,#9640);
#7993=AXIS2_PLACEMENT_3D('',#12066,#9641,#9642);
#7994=AXIS2_PLACEMENT_3D('',#12067,#9643,#9644);
#7995=AXIS2_PLACEMENT_3D('',#12070,#9646,#9647);
#7996=AXIS2_PLACEMENT_3D('',#12071,#9648,#9649);
#7997=AXIS2_PLACEMENT_3D('',#12073,#9650,#9651);
#7998=AXIS2_PLACEMENT_3D('',#12074,#9652,#9653);
#7999=AXIS2_PLACEMENT_3D('',#12077,#9655,#9656);
#8000=AXIS2_PLACEMENT_3D('',#12078,#9657,#9658);
#8001=AXIS2_PLACEMENT_3D('',#12080,#9659,#9660);
#8002=AXIS2_PLACEMENT_3D('',#12081,#9661,#9662);
#8003=AXIS2_PLACEMENT_3D('',#12084,#9664,#9665);
#8004=AXIS2_PLACEMENT_3D('',#12085,#9666,#9667);
#8005=AXIS2_PLACEMENT_3D('',#12087,#9668,#9669);
#8006=AXIS2_PLACEMENT_3D('',#12088,#9670,#9671);
#8007=AXIS2_PLACEMENT_3D('',#12091,#9673,#9674);
#8008=AXIS2_PLACEMENT_3D('',#12092,#9675,#9676);
#8009=AXIS2_PLACEMENT_3D('',#12094,#9677,#9678);
#8010=AXIS2_PLACEMENT_3D('',#12095,#9679,#9680);
#8011=AXIS2_PLACEMENT_3D('',#12098,#9682,#9683);
#8012=AXIS2_PLACEMENT_3D('',#12099,#9684,#9685);
#8013=AXIS2_PLACEMENT_3D('',#12101,#9686,#9687);
#8014=AXIS2_PLACEMENT_3D('',#12102,#9688,#9689);
#8015=AXIS2_PLACEMENT_3D('',#12105,#9691,#9692);
#8016=AXIS2_PLACEMENT_3D('',#12106,#9693,#9694);
#8017=AXIS2_PLACEMENT_3D('',#12108,#9695,#9696);
#8018=AXIS2_PLACEMENT_3D('',#12109,#9697,#9698);
#8019=AXIS2_PLACEMENT_3D('',#12112,#9700,#9701);
#8020=AXIS2_PLACEMENT_3D('',#12113,#9702,#9703);
#8021=AXIS2_PLACEMENT_3D('',#12115,#9704,#9705);
#8022=AXIS2_PLACEMENT_3D('',#12116,#9706,#9707);
#8023=AXIS2_PLACEMENT_3D('',#12119,#9709,#9710);
#8024=AXIS2_PLACEMENT_3D('',#12120,#9711,#9712);
#8025=AXIS2_PLACEMENT_3D('',#12122,#9713,#9714);
#8026=AXIS2_PLACEMENT_3D('',#12124,#9716,#9717);
#8027=AXIS2_PLACEMENT_3D('',#12130,#9721,#9722);
#8028=AXIS2_PLACEMENT_3D('',#12134,#9725,#9726);
#8029=AXIS2_PLACEMENT_3D('',#12138,#9729,#9730);
#8030=AXIS2_PLACEMENT_3D('',#12147,#9734,#9735);
#8031=AXIS2_PLACEMENT_3D('',#12150,#9737,#9738);
#8032=AXIS2_PLACEMENT_3D('',#12151,#9739,#9740);
#8033=AXIS2_PLACEMENT_3D('',#12155,#9743,#9744);
#8034=AXIS2_PLACEMENT_3D('',#12158,#9746,#9747);
#8035=AXIS2_PLACEMENT_3D('',#12159,#9748,#9749);
#8036=AXIS2_PLACEMENT_3D('',#12163,#9752,#9753);
#8037=AXIS2_PLACEMENT_3D('',#12166,#9755,#9756);
#8038=AXIS2_PLACEMENT_3D('',#12167,#9757,#9758);
#8039=AXIS2_PLACEMENT_3D('',#12171,#9761,#9762);
#8040=AXIS2_PLACEMENT_3D('',#12174,#9764,#9765);
#8041=AXIS2_PLACEMENT_3D('',#12175,#9766,#9767);
#8042=AXIS2_PLACEMENT_3D('',#12179,#9770,#9771);
#8043=AXIS2_PLACEMENT_3D('',#12181,#9773,#9774);
#8044=AXIS2_PLACEMENT_3D('',#12183,#9776,#9777);
#8045=AXIS2_PLACEMENT_3D('',#12186,#9779,#9780);
#8046=AXIS2_PLACEMENT_3D('',#12187,#9781,#9782);
#8047=AXIS2_PLACEMENT_3D('',#12193,#9786,#9787);
#8048=AXIS2_PLACEMENT_3D('',#12197,#9790,#9791);
#8049=AXIS2_PLACEMENT_3D('',#12201,#9794,#9795);
#8050=AXIS2_PLACEMENT_3D('',#12205,#9798,#9799);
#8051=AXIS2_PLACEMENT_3D('',#12209,#9802,#9803);
#8052=AXIS2_PLACEMENT_3D('',#12213,#9806,#9807);
#8053=AXIS2_PLACEMENT_3D('',#12217,#9810,#9811);
#8054=AXIS2_PLACEMENT_3D('',#12220,#9812,#9813);
#8055=AXIS2_PLACEMENT_3D('',#12221,#9814,#9815);
#8056=AXIS2_PLACEMENT_3D('',#12223,#9817,#9818);
#8057=AXIS2_PLACEMENT_3D('',#12227,#9820,#9821);
#8058=AXIS2_PLACEMENT_3D('',#12228,#9822,#9823);
#8059=AXIS2_PLACEMENT_3D('',#12229,#9824,#9825);
#8060=AXIS2_PLACEMENT_3D('',#12232,#9826,#9827);
#8061=AXIS2_PLACEMENT_3D('',#12236,#9829,#9830);
#8062=AXIS2_PLACEMENT_3D('',#12238,#9831,#9832);
#8063=AXIS2_PLACEMENT_3D('',#12242,#9834,#9835);
#8064=AXIS2_PLACEMENT_3D('',#12244,#9836,#9837);
#8065=AXIS2_PLACEMENT_3D('',#12245,#9838,#9839);
#8066=AXIS2_PLACEMENT_3D('',#12247,#9840,#9841);
#8067=AXIS2_PLACEMENT_3D('',#12251,#9843,#9844);
#8068=AXIS2_PLACEMENT_3D('',#12255,#9846,#9847);
#8069=AXIS2_PLACEMENT_3D('',#12270,#9855,#9856);
#8070=AXIS2_PLACEMENT_3D('',#12272,#9857,#9858);
#8071=AXIS2_PLACEMENT_3D('',#12274,#9859,#9860);
#8072=AXIS2_PLACEMENT_3D('',#12275,#9861,#9862);
#8073=AXIS2_PLACEMENT_3D('',#12276,#9863,#9864);
#8074=AXIS2_PLACEMENT_3D('',#12278,#9865,#9866);
#8075=AXIS2_PLACEMENT_3D('',#12280,#9867,#9868);
#8076=AXIS2_PLACEMENT_3D('',#12282,#9869,#9870);
#8077=AXIS2_PLACEMENT_3D('',#12284,#9871,#9872);
#8078=AXIS2_PLACEMENT_3D('',#12285,#9873,#9874);
#8079=AXIS2_PLACEMENT_3D('',#12287,#9875,#9876);
#8080=AXIS2_PLACEMENT_3D('',#12289,#9878,#9879);
#8081=AXIS2_PLACEMENT_3D('',#12291,#9881,#9882);
#8082=AXIS2_PLACEMENT_3D('',#12293,#9883,#9884);
#8083=AXIS2_PLACEMENT_3D('',#12295,#9886,#9887);
#8084=AXIS2_PLACEMENT_3D('',#12297,#9889,#9890);
#8085=AXIS2_PLACEMENT_3D('',#12299,#9891,#9892);
#8086=AXIS2_PLACEMENT_3D('',#12301,#9894,#9895);
#8087=AXIS2_PLACEMENT_3D('',#12303,#9897,#9898);
#8088=AXIS2_PLACEMENT_3D('',#12305,#9899,#9900);
#8089=AXIS2_PLACEMENT_3D('',#12307,#9902,#9903);
#8090=AXIS2_PLACEMENT_3D('',#12309,#9905,#9906);
#8091=AXIS2_PLACEMENT_3D('',#12311,#9907,#9908);
#8092=AXIS2_PLACEMENT_3D('',#12313,#9910,#9911);
#8093=AXIS2_PLACEMENT_3D('',#12315,#9913,#9914);
#8094=AXIS2_PLACEMENT_3D('',#12324,#9916,#9917);
#8095=AXIS2_PLACEMENT_3D('',#12326,#9918,#9919);
#8096=AXIS2_PLACEMENT_3D('',#12340,#9921,#9922);
#8097=AXIS2_PLACEMENT_3D('',#12342,#9924,#9925);
#8098=AXIS2_PLACEMENT_3D('',#12344,#9926,#9927);
#8099=AXIS2_PLACEMENT_3D('',#12346,#9929,#9930);
#8100=AXIS2_PLACEMENT_3D('',#12348,#9932,#9933);
#8101=AXIS2_PLACEMENT_3D('',#12350,#9934,#9935);
#8102=AXIS2_PLACEMENT_3D('',#12352,#9937,#9938);
#8103=AXIS2_PLACEMENT_3D('',#12354,#9940,#9941);
#8104=AXIS2_PLACEMENT_3D('',#12356,#9942,#9943);
#8105=AXIS2_PLACEMENT_3D('',#12360,#9946,#9947);
#8106=AXIS2_PLACEMENT_3D('',#12363,#9949,#9950);
#8107=AXIS2_PLACEMENT_3D('',#12364,#9951,#9952);
#8108=AXIS2_PLACEMENT_3D('',#12368,#9955,#9956);
#8109=AXIS2_PLACEMENT_3D('',#12370,#9958,#9959);
#8110=AXIS2_PLACEMENT_3D('',#12371,#9960,#9961);
#8111=AXIS2_PLACEMENT_3D('',#12373,#9963,#9964);
#8112=AXIS2_PLACEMENT_3D('',#12375,#9966,#9967);
#8113=AXIS2_PLACEMENT_3D('',#12377,#9969,#9970);
#8114=AXIS2_PLACEMENT_3D('',#12379,#9972,#9973);
#8115=AXIS2_PLACEMENT_3D('',#12381,#9975,#9976);
#8116=AXIS2_PLACEMENT_3D('',#12384,#9979,#9980);
#8117=AXIS2_PLACEMENT_3D('',#12387,#9982,#9983);
#8118=AXIS2_PLACEMENT_3D('',#12388,#9984,#9985);
#8119=AXIS2_PLACEMENT_3D('',#12420,#9987,#9988);
#8120=AXIS2_PLACEMENT_3D('',#12422,#9989,#9990);
#8121=AXIS2_PLACEMENT_3D('',#12424,#9992,#9993);
#8122=AXIS2_PLACEMENT_3D('',#12427,#9996,#9997);
#8123=AXIS2_PLACEMENT_3D('',#12575,#10002,#10003);
#8124=AXIS2_PLACEMENT_3D('',#12577,#10004,#10005);
#8125=AXIS2_PLACEMENT_3D('',#12579,#10007,#10008);
#8126=AXIS2_PLACEMENT_3D('',#12586,#10013,#10014);
#8127=AXIS2_PLACEMENT_3D('',#12592,#10018,#10019);
#8128=AXIS2_PLACEMENT_3D('',#12596,#10021,#10022);
#8129=AXIS2_PLACEMENT_3D('',#12597,#10023,#10024);
#8130=AXIS2_PLACEMENT_3D('',#12598,#10025,#10026);
#8131=AXIS2_PLACEMENT_3D('',#12604,#10030,#10031);
#8132=AXIS2_PLACEMENT_3D('',#12606,#10032,#10033);
#8133=AXIS2_PLACEMENT_3D('',#12608,#10035,#10036);
#8134=AXIS2_PLACEMENT_3D('',#12609,#10037,#10038);
#8135=AXIS2_PLACEMENT_3D('',#12613,#10041,#10042);
#8136=AXIS2_PLACEMENT_3D('',#12615,#10043,#10044);
#8137=AXIS2_PLACEMENT_3D('',#12617,#10046,#10047);
#8138=AXIS2_PLACEMENT_3D('',#12618,#10048,#10049);
#8139=AXIS2_PLACEMENT_3D('',#12622,#10052,#10053);
#8140=AXIS2_PLACEMENT_3D('',#12623,#10054,#10055);
#8141=AXIS2_PLACEMENT_3D('',#12624,#10056,#10057);
#8142=AXIS2_PLACEMENT_3D('',#12625,#10058,#10059);
#8143=AXIS2_PLACEMENT_3D('',#12626,#10060,#10061);
#8144=AXIS2_PLACEMENT_3D('',#12627,#10062,#10063);
#8145=AXIS2_PLACEMENT_3D('',#12629,#10064,#10065);
#8146=AXIS2_PLACEMENT_3D('',#12630,#10066,#10067);
#8147=AXIS2_PLACEMENT_3D('',#12632,#10069,#10070);
#8148=AXIS2_PLACEMENT_3D('',#12633,#10071,#10072);
#8149=AXIS2_PLACEMENT_3D('',#12635,#10074,#10075);
#8150=AXIS2_PLACEMENT_3D('',#12636,#10076,#10077);
#8151=AXIS2_PLACEMENT_3D('',#12638,#10079,#10080);
#8152=AXIS2_PLACEMENT_3D('',#12640,#10082,#10083);
#8153=AXIS2_PLACEMENT_3D('',#12641,#10084,#10085);
#8154=AXIS2_PLACEMENT_3D('',#12642,#10086,#10087);
#8155=AXIS2_PLACEMENT_3D('',#12649,#10088,#10089);
#8156=AXIS2_PLACEMENT_3D('',#12655,#10090,#10091);
#8157=AXIS2_PLACEMENT_3D('',#12656,#10092,#10093);
#8158=AXIS2_PLACEMENT_3D('',#12657,#10094,#10095);
#8159=AXIS2_PLACEMENT_3D('',#12660,#10097,#10098);
#8160=AXIS2_PLACEMENT_3D('',#12664,#10100,#10101);
#8161=AXIS2_PLACEMENT_3D('',#12726,#10103,#10104);
#8162=AXIS2_PLACEMENT_3D('',#12729,#10107,#10108);
#8163=AXIS2_PLACEMENT_3D('',#12730,#10109,#10110);
#8164=AXIS2_PLACEMENT_3D('',#12732,#10111,#10112);
#8165=AXIS2_PLACEMENT_3D('',#12735,#10114,#10115);
#8166=AXIS2_PLACEMENT_3D('',#12736,#10116,#10117);
#8167=AXIS2_PLACEMENT_3D('',#12741,#10119,#10120);
#8168=AXIS2_PLACEMENT_3D('',#12745,#10122,#10123);
#8169=AXIS2_PLACEMENT_3D('',#12749,#10125,#10126);
#8170=AXIS2_PLACEMENT_3D('',#12753,#10128,#10129);
#8171=AXIS2_PLACEMENT_3D('',#12769,#10137,#10138);
#8172=AXIS2_PLACEMENT_3D('',#12770,#10139,#10140);
#8173=AXIS2_PLACEMENT_3D('',#12772,#10141,#10142);
#8174=AXIS2_PLACEMENT_3D('',#12774,#10143,#10144);
#8175=AXIS2_PLACEMENT_3D('',#12776,#10145,#10146);
#8176=AXIS2_PLACEMENT_3D('',#12778,#10147,#10148);
#8177=AXIS2_PLACEMENT_3D('',#12780,#10149,#10150);
#8178=AXIS2_PLACEMENT_3D('',#12782,#10151,#10152);
#8179=AXIS2_PLACEMENT_3D('',#12784,#10153,#10154);
#8180=AXIS2_PLACEMENT_3D('',#12786,#10155,#10156);
#8181=AXIS2_PLACEMENT_3D('',#12788,#10157,#10158);
#8182=AXIS2_PLACEMENT_3D('',#12789,#10159,#10160);
#8183=AXIS2_PLACEMENT_3D('',#12792,#10162,#10163);
#8184=AXIS2_PLACEMENT_3D('',#12793,#10164,#10165);
#8185=AXIS2_PLACEMENT_3D('',#12796,#10167,#10168);
#8186=AXIS2_PLACEMENT_3D('',#12797,#10169,#10170);
#8187=AXIS2_PLACEMENT_3D('',#12799,#10171,#10172);
#8188=AXIS2_PLACEMENT_3D('',#12801,#10174,#10175);
#8189=AXIS2_PLACEMENT_3D('',#12804,#10177,#10178);
#8190=AXIS2_PLACEMENT_3D('',#12805,#10179,#10180);
#8191=AXIS2_PLACEMENT_3D('',#12807,#10181,#10182);
#8192=AXIS2_PLACEMENT_3D('',#12809,#10184,#10185);
#8193=AXIS2_PLACEMENT_3D('',#12812,#10187,#10188);
#8194=AXIS2_PLACEMENT_3D('',#12813,#10189,#10190);
#8195=AXIS2_PLACEMENT_3D('',#12815,#10191,#10192);
#8196=AXIS2_PLACEMENT_3D('',#12974,#10195,#10196);
#8197=AXIS2_PLACEMENT_3D('',#12977,#10198,#10199);
#8198=AXIS2_PLACEMENT_3D('',#12978,#10200,#10201);
#8199=AXIS2_PLACEMENT_3D('',#12980,#10202,#10203);
#8200=AXIS2_PLACEMENT_3D('',#12983,#10205,#10206);
#8201=AXIS2_PLACEMENT_3D('',#12984,#10207,#10208);
#8202=AXIS2_PLACEMENT_3D('',#12986,#10209,#10210);
#8203=AXIS2_PLACEMENT_3D('',#12988,#10212,#10213);
#8204=AXIS2_PLACEMENT_3D('',#12997,#10218,#10219);
#8205=AXIS2_PLACEMENT_3D('',#12999,#10220,#10221);
#8206=AXIS2_PLACEMENT_3D('',#13001,#10223,#10224);
#8207=AXIS2_PLACEMENT_3D('',#13002,#10225,#10226);
#8208=AXIS2_PLACEMENT_3D('',#13005,#10228,#10229);
#8209=AXIS2_PLACEMENT_3D('',#13006,#10230,#10231);
#8210=AXIS2_PLACEMENT_3D('',#13008,#10232,#10233);
#8211=AXIS2_PLACEMENT_3D('',#13010,#10235,#10236);
#8212=AXIS2_PLACEMENT_3D('',#13013,#10238,#10239);
#8213=AXIS2_PLACEMENT_3D('',#13014,#10240,#10241);
#8214=AXIS2_PLACEMENT_3D('',#13016,#10242,#10243);
#8215=AXIS2_PLACEMENT_3D('',#13018,#10245,#10246);
#8216=AXIS2_PLACEMENT_3D('',#13021,#10248,#10249);
#8217=AXIS2_PLACEMENT_3D('',#13022,#10250,#10251);
#8218=AXIS2_PLACEMENT_3D('',#13024,#10252,#10253);
#8219=AXIS2_PLACEMENT_3D('',#13026,#10255,#10256);
#8220=AXIS2_PLACEMENT_3D('',#13029,#10258,#10259);
#8221=AXIS2_PLACEMENT_3D('',#13030,#10260,#10261);
#8222=AXIS2_PLACEMENT_3D('',#13032,#10262,#10263);
#8223=AXIS2_PLACEMENT_3D('',#13034,#10265,#10266);
#8224=AXIS2_PLACEMENT_3D('',#13036,#10267,#10268);
#8225=AXIS2_PLACEMENT_3D('',#13038,#10270,#10271);
#8226=AXIS2_PLACEMENT_3D('',#13040,#10272,#10273);
#8227=AXIS2_PLACEMENT_3D('',#13043,#10275,#10276);
#8228=AXIS2_PLACEMENT_3D('',#13044,#10277,#10278);
#8229=AXIS2_PLACEMENT_3D('',#13046,#10280,#10281);
#8230=AXIS2_PLACEMENT_3D('',#13048,#10282,#10283);
#8231=AXIS2_PLACEMENT_3D('',#13049,#10284,#10285);
#8232=AXIS2_PLACEMENT_3D('',#13052,#10287,#10288);
#8233=AXIS2_PLACEMENT_3D('',#13053,#10289,#10290);
#8234=AXIS2_PLACEMENT_3D('',#13055,#10291,#10292);
#8235=AXIS2_PLACEMENT_3D('',#13056,#10293,#10294);
#8236=AXIS2_PLACEMENT_3D('',#13059,#10296,#10297);
#8237=AXIS2_PLACEMENT_3D('',#13060,#10298,#10299);
#8238=AXIS2_PLACEMENT_3D('',#13062,#10300,#10301);
#8239=AXIS2_PLACEMENT_3D('',#13063,#10302,#10303);
#8240=AXIS2_PLACEMENT_3D('',#13066,#10305,#10306);
#8241=AXIS2_PLACEMENT_3D('',#13067,#10307,#10308);
#8242=AXIS2_PLACEMENT_3D('',#13069,#10309,#10310);
#8243=AXIS2_PLACEMENT_3D('',#13070,#10311,#10312);
#8244=AXIS2_PLACEMENT_3D('',#13073,#10314,#10315);
#8245=AXIS2_PLACEMENT_3D('',#13074,#10316,#10317);
#8246=AXIS2_PLACEMENT_3D('',#13076,#10318,#10319);
#8247=AXIS2_PLACEMENT_3D('',#13077,#10320,#10321);
#8248=AXIS2_PLACEMENT_3D('',#13080,#10323,#10324);
#8249=AXIS2_PLACEMENT_3D('',#13081,#10325,#10326);
#8250=AXIS2_PLACEMENT_3D('',#13083,#10327,#10328);
#8251=AXIS2_PLACEMENT_3D('',#13084,#10329,#10330);
#8252=AXIS2_PLACEMENT_3D('',#13087,#10332,#10333);
#8253=AXIS2_PLACEMENT_3D('',#13088,#10334,#10335);
#8254=AXIS2_PLACEMENT_3D('',#13090,#10336,#10337);
#8255=AXIS2_PLACEMENT_3D('',#13091,#10338,#10339);
#8256=AXIS2_PLACEMENT_3D('',#13094,#10341,#10342);
#8257=AXIS2_PLACEMENT_3D('',#13095,#10343,#10344);
#8258=AXIS2_PLACEMENT_3D('',#13097,#10345,#10346);
#8259=AXIS2_PLACEMENT_3D('',#13098,#10347,#10348);
#8260=AXIS2_PLACEMENT_3D('',#13101,#10350,#10351);
#8261=AXIS2_PLACEMENT_3D('',#13102,#10352,#10353);
#8262=AXIS2_PLACEMENT_3D('',#13104,#10354,#10355);
#8263=AXIS2_PLACEMENT_3D('',#13106,#10357,#10358);
#8264=AXIS2_PLACEMENT_3D('',#13112,#10362,#10363);
#8265=AXIS2_PLACEMENT_3D('',#13116,#10366,#10367);
#8266=AXIS2_PLACEMENT_3D('',#13120,#10370,#10371);
#8267=AXIS2_PLACEMENT_3D('',#13129,#10375,#10376);
#8268=AXIS2_PLACEMENT_3D('',#13131,#10377,#10378);
#8269=AXIS2_PLACEMENT_3D('',#13133,#10380,#10381);
#8270=AXIS2_PLACEMENT_3D('',#13137,#10384,#10385);
#8271=AXIS2_PLACEMENT_3D('',#13139,#10386,#10387);
#8272=AXIS2_PLACEMENT_3D('',#13141,#10389,#10390);
#8273=AXIS2_PLACEMENT_3D('',#13145,#10393,#10394);
#8274=AXIS2_PLACEMENT_3D('',#13148,#10396,#10397);
#8275=AXIS2_PLACEMENT_3D('',#13149,#10398,#10399);
#8276=AXIS2_PLACEMENT_3D('',#13153,#10402,#10403);
#8277=AXIS2_PLACEMENT_3D('',#13156,#10405,#10406);
#8278=AXIS2_PLACEMENT_3D('',#13157,#10407,#10408);
#8279=AXIS2_PLACEMENT_3D('',#13161,#10411,#10412);
#8280=AXIS2_PLACEMENT_3D('',#13163,#10414,#10415);
#8281=AXIS2_PLACEMENT_3D('',#13165,#10417,#10418);
#8282=AXIS2_PLACEMENT_3D('',#13168,#10420,#10421);
#8283=AXIS2_PLACEMENT_3D('',#13169,#10422,#10423);
#8284=AXIS2_PLACEMENT_3D('',#13175,#10427,#10428);
#8285=AXIS2_PLACEMENT_3D('',#13179,#10431,#10432);
#8286=AXIS2_PLACEMENT_3D('',#13183,#10435,#10436);
#8287=AXIS2_PLACEMENT_3D('',#13187,#10439,#10440);
#8288=AXIS2_PLACEMENT_3D('',#13191,#10443,#10444);
#8289=AXIS2_PLACEMENT_3D('',#13195,#10447,#10448);
#8290=AXIS2_PLACEMENT_3D('',#13199,#10451,#10452);
#8291=AXIS2_PLACEMENT_3D('',#13202,#10453,#10454);
#8292=AXIS2_PLACEMENT_3D('',#13204,#10456,#10457);
#8293=AXIS2_PLACEMENT_3D('',#13205,#10458,#10459);
#8294=AXIS2_PLACEMENT_3D('',#13209,#10461,#10462);
#8295=AXIS2_PLACEMENT_3D('',#13210,#10463,#10464);
#8296=AXIS2_PLACEMENT_3D('',#13211,#10465,#10466);
#8297=AXIS2_PLACEMENT_3D('',#13214,#10467,#10468);
#8298=AXIS2_PLACEMENT_3D('',#13230,#10476,#10477);
#8299=AXIS2_PLACEMENT_3D('',#13234,#10479,#10480);
#8300=AXIS2_PLACEMENT_3D('',#13237,#10482,#10483);
#8301=AXIS2_PLACEMENT_3D('',#13239,#10484,#10485);
#8302=AXIS2_PLACEMENT_3D('',#13241,#10486,#10487);
#8303=AXIS2_PLACEMENT_3D('',#13243,#10488,#10489);
#8304=AXIS2_PLACEMENT_3D('',#13247,#10491,#10492);
#8305=AXIS2_PLACEMENT_3D('',#13249,#10493,#10494);
#8306=AXIS2_PLACEMENT_3D('',#13252,#10496,#10497);
#8307=AXIS2_PLACEMENT_3D('',#13254,#10498,#10499);
#8308=AXIS2_PLACEMENT_3D('',#13255,#10500,#10501);
#8309=AXIS2_PLACEMENT_3D('',#13257,#10502,#10503);
#8310=AXIS2_PLACEMENT_3D('',#13258,#10504,#10505);
#8311=AXIS2_PLACEMENT_3D('',#13260,#10506,#10507);
#8312=AXIS2_PLACEMENT_3D('',#13262,#10508,#10509);
#8313=AXIS2_PLACEMENT_3D('',#13264,#10510,#10511);
#8314=AXIS2_PLACEMENT_3D('',#13266,#10512,#10513);
#8315=AXIS2_PLACEMENT_3D('',#13267,#10514,#10515);
#8316=AXIS2_PLACEMENT_3D('',#13269,#10516,#10517);
#8317=AXIS2_PLACEMENT_3D('',#13271,#10519,#10520);
#8318=AXIS2_PLACEMENT_3D('',#13273,#10522,#10523);
#8319=AXIS2_PLACEMENT_3D('',#13275,#10524,#10525);
#8320=AXIS2_PLACEMENT_3D('',#13277,#10527,#10528);
#8321=AXIS2_PLACEMENT_3D('',#13279,#10530,#10531);
#8322=AXIS2_PLACEMENT_3D('',#13281,#10532,#10533);
#8323=AXIS2_PLACEMENT_3D('',#13283,#10535,#10536);
#8324=AXIS2_PLACEMENT_3D('',#13285,#10538,#10539);
#8325=AXIS2_PLACEMENT_3D('',#13287,#10540,#10541);
#8326=AXIS2_PLACEMENT_3D('',#13289,#10543,#10544);
#8327=AXIS2_PLACEMENT_3D('',#13291,#10546,#10547);
#8328=AXIS2_PLACEMENT_3D('',#13293,#10548,#10549);
#8329=AXIS2_PLACEMENT_3D('',#13295,#10551,#10552);
#8330=AXIS2_PLACEMENT_3D('',#13297,#10554,#10555);
#8331=AXIS2_PLACEMENT_3D('',#13306,#10557,#10558);
#8332=AXIS2_PLACEMENT_3D('',#13308,#10559,#10560);
#8333=AXIS2_PLACEMENT_3D('',#13322,#10562,#10563);
#8334=AXIS2_PLACEMENT_3D('',#13324,#10565,#10566);
#8335=AXIS2_PLACEMENT_3D('',#13326,#10567,#10568);
#8336=AXIS2_PLACEMENT_3D('',#13328,#10570,#10571);
#8337=AXIS2_PLACEMENT_3D('',#13330,#10573,#10574);
#8338=AXIS2_PLACEMENT_3D('',#13332,#10575,#10576);
#8339=AXIS2_PLACEMENT_3D('',#13334,#10578,#10579);
#8340=AXIS2_PLACEMENT_3D('',#13336,#10581,#10582);
#8341=AXIS2_PLACEMENT_3D('',#13338,#10583,#10584);
#8342=AXIS2_PLACEMENT_3D('',#13342,#10587,#10588);
#8343=AXIS2_PLACEMENT_3D('',#13345,#10590,#10591);
#8344=AXIS2_PLACEMENT_3D('',#13346,#10592,#10593);
#8345=AXIS2_PLACEMENT_3D('',#13350,#10596,#10597);
#8346=AXIS2_PLACEMENT_3D('',#13352,#10599,#10600);
#8347=AXIS2_PLACEMENT_3D('',#13353,#10601,#10602);
#8348=AXIS2_PLACEMENT_3D('',#13355,#10604,#10605);
#8349=AXIS2_PLACEMENT_3D('',#13357,#10607,#10608);
#8350=AXIS2_PLACEMENT_3D('',#13359,#10610,#10611);
#8351=AXIS2_PLACEMENT_3D('',#13361,#10613,#10614);
#8352=AXIS2_PLACEMENT_3D('',#13363,#10616,#10617);
#8353=AXIS2_PLACEMENT_3D('',#13366,#10620,#10621);
#8354=AXIS2_PLACEMENT_3D('',#13369,#10623,#10624);
#8355=AXIS2_PLACEMENT_3D('',#13370,#10625,#10626);
#8356=AXIS2_PLACEMENT_3D('',#13402,#10628,#10629);
#8357=AXIS2_PLACEMENT_3D('',#13404,#10630,#10631);
#8358=AXIS2_PLACEMENT_3D('',#13406,#10633,#10634);
#8359=AXIS2_PLACEMENT_3D('',#13409,#10637,#10638);
#8360=AXIS2_PLACEMENT_3D('',#13557,#10643,#10644);
#8361=AXIS2_PLACEMENT_3D('',#13559,#10645,#10646);
#8362=AXIS2_PLACEMENT_3D('',#13561,#10648,#10649);
#8363=AXIS2_PLACEMENT_3D('',#13568,#10654,#10655);
#8364=AXIS2_PLACEMENT_3D('',#13574,#10659,#10660);
#8365=AXIS2_PLACEMENT_3D('',#13578,#10662,#10663);
#8366=AXIS2_PLACEMENT_3D('',#13579,#10664,#10665);
#8367=AXIS2_PLACEMENT_3D('',#13580,#10666,#10667);
#8368=AXIS2_PLACEMENT_3D('',#13586,#10671,#10672);
#8369=AXIS2_PLACEMENT_3D('',#13587,#10673,#10674);
#8370=AXIS2_PLACEMENT_3D('',#13590,#10676,#10677);
#8371=AXIS2_PLACEMENT_3D('',#13591,#10678,#10679);
#8372=AXIS2_PLACEMENT_3D('',#13595,#10682,#10683);
#8373=AXIS2_PLACEMENT_3D('',#13596,#10684,#10685);
#8374=AXIS2_PLACEMENT_3D('',#13599,#10687,#10688);
#8375=AXIS2_PLACEMENT_3D('',#13600,#10689,#10690);
#8376=AXIS2_PLACEMENT_3D('',#13604,#10693,#10694);
#8377=AXIS2_PLACEMENT_3D('',#13605,#10695,#10696);
#8378=AXIS2_PLACEMENT_3D('',#13606,#10697,#10698);
#8379=AXIS2_PLACEMENT_3D('',#13607,#10699,#10700);
#8380=AXIS2_PLACEMENT_3D('',#13608,#10701,#10702);
#8381=AXIS2_PLACEMENT_3D('',#13609,#10703,#10704);
#8382=AXIS2_PLACEMENT_3D('',#13611,#10705,#10706);
#8383=AXIS2_PLACEMENT_3D('',#13612,#10707,#10708);
#8384=AXIS2_PLACEMENT_3D('',#13614,#10710,#10711);
#8385=AXIS2_PLACEMENT_3D('',#13615,#10712,#10713);
#8386=AXIS2_PLACEMENT_3D('',#13617,#10715,#10716);
#8387=AXIS2_PLACEMENT_3D('',#13618,#10717,#10718);
#8388=AXIS2_PLACEMENT_3D('',#13620,#10720,#10721);
#8389=AXIS2_PLACEMENT_3D('',#13622,#10723,#10724);
#8390=AXIS2_PLACEMENT_3D('',#13623,#10725,#10726);
#8391=DIRECTION('axis',(0.,0.,1.));
#8392=DIRECTION('refdir',(1.,0.,0.));
#8393=DIRECTION('center_axis',(0.,0.,1.));
#8394=DIRECTION('ref_axis',(0.,1.,0.));
#8395=DIRECTION('center_axis',(0.,0.,-1.));
#8396=DIRECTION('ref_axis',(0.,1.,0.));
#8397=DIRECTION('',(-8.65956056235493E-17,-0.707106781186547,0.707106781186547));
#8398=DIRECTION('center_axis',(0.,0.,1.));
#8399=DIRECTION('ref_axis',(0.,1.,0.));
#8400=DIRECTION('center_axis',(0.,0.,1.));
#8401=DIRECTION('ref_axis',(1.,0.,0.));
#8402=DIRECTION('center_axis',(0.,0.,-1.));
#8403=DIRECTION('ref_axis',(0.,1.,0.));
#8404=DIRECTION('center_axis',(0.,0.,-1.));
#8405=DIRECTION('ref_axis',(0.,1.,0.));
#8406=DIRECTION('',(0.,0.,-1.));
#8407=DIRECTION('center_axis',(0.,0.,1.));
#8408=DIRECTION('ref_axis',(0.,1.,0.));
#8409=DIRECTION('center_axis',(0.,0.,1.));
#8410=DIRECTION('ref_axis',(0.,1.,0.));
#8411=DIRECTION('center_axis',(0.,0.,-1.));
#8412=DIRECTION('ref_axis',(0.,1.,0.));
#8413=DIRECTION('',(-8.65956056235493E-17,-0.707106781186547,0.707106781186547));
#8414=DIRECTION('center_axis',(0.,0.,1.));
#8415=DIRECTION('ref_axis',(0.,1.,0.));
#8416=DIRECTION('center_axis',(0.,0.,1.));
#8417=DIRECTION('ref_axis',(1.,0.,0.));
#8418=DIRECTION('center_axis',(0.,0.,-1.));
#8419=DIRECTION('ref_axis',(0.,1.,0.));
#8420=DIRECTION('center_axis',(0.,0.,-1.));
#8421=DIRECTION('ref_axis',(0.,1.,0.));
#8422=DIRECTION('',(0.,0.,-1.));
#8423=DIRECTION('center_axis',(0.,0.,1.));
#8424=DIRECTION('ref_axis',(0.,1.,0.));
#8425=DIRECTION('center_axis',(0.,0.,1.));
#8426=DIRECTION('ref_axis',(0.,1.,0.));
#8427=DIRECTION('center_axis',(0.,0.,-1.));
#8428=DIRECTION('ref_axis',(0.,1.,0.));
#8429=DIRECTION('',(-8.65956056235493E-17,-0.707106781186547,0.707106781186547));
#8430=DIRECTION('center_axis',(0.,0.,1.));
#8431=DIRECTION('ref_axis',(0.,1.,0.));
#8432=DIRECTION('center_axis',(0.,0.,1.));
#8433=DIRECTION('ref_axis',(1.,0.,0.));
#8434=DIRECTION('center_axis',(0.,0.,-1.));
#8435=DIRECTION('ref_axis',(0.,1.,0.));
#8436=DIRECTION('center_axis',(0.,0.,-1.));
#8437=DIRECTION('ref_axis',(0.,1.,0.));
#8438=DIRECTION('',(0.,0.,-1.));
#8439=DIRECTION('center_axis',(0.,0.,1.));
#8440=DIRECTION('ref_axis',(0.,1.,0.));
#8441=DIRECTION('center_axis',(0.,0.,1.));
#8442=DIRECTION('ref_axis',(0.,1.,0.));
#8443=DIRECTION('center_axis',(0.,0.,-1.));
#8444=DIRECTION('ref_axis',(0.,1.,0.));
#8445=DIRECTION('',(-8.65956056235493E-17,-0.707106781186547,0.707106781186547));
#8446=DIRECTION('center_axis',(0.,0.,1.));
#8447=DIRECTION('ref_axis',(0.,1.,0.));
#8448=DIRECTION('center_axis',(0.,0.,1.));
#8449=DIRECTION('ref_axis',(1.,0.,0.));
#8450=DIRECTION('center_axis',(0.,0.,-1.));
#8451=DIRECTION('ref_axis',(0.,1.,0.));
#8452=DIRECTION('center_axis',(0.,0.,-1.));
#8453=DIRECTION('ref_axis',(0.,1.,0.));
#8454=DIRECTION('',(0.,0.,-1.));
#8455=DIRECTION('center_axis',(0.,0.,1.));
#8456=DIRECTION('ref_axis',(0.,1.,0.));
#8457=DIRECTION('center_axis',(0.,0.,-1.));
#8458=DIRECTION('ref_axis',(0.,1.,0.));
#8459=DIRECTION('',(8.65956056235493E-17,-0.707106781186548,-0.707106781186548));
#8460=DIRECTION('center_axis',(0.,0.,1.));
#8461=DIRECTION('ref_axis',(0.,1.,0.));
#8462=DIRECTION('center_axis',(0.,0.,-1.));
#8463=DIRECTION('ref_axis',(0.,1.,0.));
#8464=DIRECTION('center_axis',(0.,0.,-1.));
#8465=DIRECTION('ref_axis',(0.,1.,0.));
#8466=DIRECTION('',(0.,0.,1.));
#8467=DIRECTION('center_axis',(0.,0.,-1.));
#8468=DIRECTION('ref_axis',(0.,1.,0.));
#8469=DIRECTION('',(8.65956056235493E-17,-0.707106781186548,-0.707106781186548));
#8470=DIRECTION('center_axis',(0.,0.,1.));
#8471=DIRECTION('ref_axis',(0.,1.,0.));
#8472=DIRECTION('center_axis',(0.,0.,-1.));
#8473=DIRECTION('ref_axis',(0.,1.,0.));
#8474=DIRECTION('center_axis',(0.,0.,-1.));
#8475=DIRECTION('ref_axis',(0.,1.,0.));
#8476=DIRECTION('',(0.,0.,1.));
#8477=DIRECTION('center_axis',(0.,0.,-1.));
#8478=DIRECTION('ref_axis',(0.,1.,0.));
#8479=DIRECTION('',(8.65956056235493E-17,-0.707106781186548,-0.707106781186548));
#8480=DIRECTION('center_axis',(0.,0.,1.));
#8481=DIRECTION('ref_axis',(0.,1.,0.));
#8482=DIRECTION('center_axis',(0.,0.,-1.));
#8483=DIRECTION('ref_axis',(0.,1.,0.));
#8484=DIRECTION('center_axis',(0.,0.,-1.));
#8485=DIRECTION('ref_axis',(0.,1.,0.));
#8486=DIRECTION('',(0.,0.,1.));
#8487=DIRECTION('center_axis',(0.,0.,-1.));
#8488=DIRECTION('ref_axis',(0.,1.,0.));
#8489=DIRECTION('',(8.65956056235493E-17,-0.707106781186548,-0.707106781186548));
#8490=DIRECTION('center_axis',(0.,0.,1.));
#8491=DIRECTION('ref_axis',(0.,1.,0.));
#8492=DIRECTION('center_axis',(0.,0.,-1.));
#8493=DIRECTION('ref_axis',(0.,1.,0.));
#8494=DIRECTION('center_axis',(0.,0.,-1.));
#8495=DIRECTION('ref_axis',(0.,1.,0.));
#8496=DIRECTION('',(0.,0.,1.));
#8497=DIRECTION('center_axis',(0.,0.,-1.));
#8498=DIRECTION('ref_axis',(1.,0.,0.));
#8499=DIRECTION('center_axis',(0.,0.,-1.));
#8500=DIRECTION('ref_axis',(1.,0.,0.));
#8501=DIRECTION('',(0.707106781186547,-8.65956056235493E-17,0.707106781186547));
#8502=DIRECTION('center_axis',(0.,0.,1.));
#8503=DIRECTION('ref_axis',(1.,0.,0.));
#8504=DIRECTION('center_axis',(0.,0.,1.));
#8505=DIRECTION('ref_axis',(1.,0.,0.));
#8506=DIRECTION('center_axis',(0.,0.,1.));
#8507=DIRECTION('ref_axis',(1.,0.,0.));
#8508=DIRECTION('',(1.,0.,0.));
#8509=DIRECTION('',(0.707106781186547,-0.707106781186547,0.));
#8510=DIRECTION('',(0.,-1.,0.));
#8511=DIRECTION('',(-0.707106781186548,-0.707106781186548,0.));
#8512=DIRECTION('',(-1.,0.,0.));
#8513=DIRECTION('center_axis',(0.,0.,1.));
#8514=DIRECTION('ref_axis',(0.258819050604006,0.96592582481495,0.));
#8515=DIRECTION('',(-0.866025403788329,0.499999999993262,0.));
#8516=DIRECTION('center_axis',(0.,0.,1.));
#8517=DIRECTION('ref_axis',(0.866025403788329,0.499999999993262,0.));
#8518=DIRECTION('',(0.,1.,0.));
#8519=DIRECTION('center_axis',(0.,0.,1.));
#8520=DIRECTION('ref_axis',(0.707106781186548,-0.707106781186548,0.));
#8521=DIRECTION('',(1.,0.,0.));
#8522=DIRECTION('center_axis',(0.,0.,-1.));
#8523=DIRECTION('ref_axis',(0.,1.,0.));
#8524=DIRECTION('',(0.,1.,0.));
#8525=DIRECTION('',(0.707106781186548,0.707106781186548,0.));
#8526=DIRECTION('center_axis',(0.,0.,-1.));
#8527=DIRECTION('ref_axis',(0.,1.,0.));
#8528=DIRECTION('center_axis',(0.,0.,-1.));
#8529=DIRECTION('ref_axis',(0.,1.,0.));
#8530=DIRECTION('center_axis',(0.,0.,-1.));
#8531=DIRECTION('ref_axis',(0.,1.,0.));
#8532=DIRECTION('center_axis',(0.,0.,-1.));
#8533=DIRECTION('ref_axis',(0.,1.,0.));
#8534=DIRECTION('center_axis',(0.,0.,-1.));
#8535=DIRECTION('ref_axis',(0.,1.,0.));
#8536=DIRECTION('center_axis',(0.,0.,-1.));
#8537=DIRECTION('ref_axis',(0.,1.,0.));
#8538=DIRECTION('center_axis',(0.,0.,-1.));
#8539=DIRECTION('ref_axis',(1.,0.,0.));
#8540=DIRECTION('center_axis',(0.,0.,-1.));
#8541=DIRECTION('ref_axis',(1.,0.,0.));
#8542=DIRECTION('center_axis',(0.,0.,-1.));
#8543=DIRECTION('ref_axis',(1.,0.,0.));
#8544=DIRECTION('center_axis',(0.,0.,-1.));
#8545=DIRECTION('ref_axis',(0.,1.,0.));
#8546=DIRECTION('center_axis',(0.,0.,1.));
#8547=DIRECTION('ref_axis',(-1.,0.,0.));
#8548=DIRECTION('',(0.,0.,1.));
#8549=DIRECTION('center_axis',(0.,0.,1.));
#8550=DIRECTION('ref_axis',(-1.,0.,0.));
#8551=DIRECTION('center_axis',(0.,0.,-1.));
#8552=DIRECTION('ref_axis',(0.,1.,0.));
#8553=DIRECTION('',(8.65956056235494E-17,0.707106781186547,0.707106781186547));
#8554=DIRECTION('center_axis',(0.,0.,1.));
#8555=DIRECTION('ref_axis',(0.,1.,0.));
#8556=DIRECTION('center_axis',(0.,0.,-1.));
#8557=DIRECTION('ref_axis',(0.,1.,0.));
#8558=DIRECTION('center_axis',(0.,0.,-1.));
#8559=DIRECTION('ref_axis',(0.,1.,0.));
#8560=DIRECTION('',(0.,0.,-1.));
#8561=DIRECTION('center_axis',(0.,0.,-1.));
#8562=DIRECTION('ref_axis',(0.,1.,0.));
#8563=DIRECTION('',(8.65956056235494E-17,0.707106781186547,0.707106781186547));
#8564=DIRECTION('center_axis',(0.,0.,-1.));
#8565=DIRECTION('ref_axis',(0.,1.,0.));
#8566=DIRECTION('',(8.65956056235494E-17,0.707106781186547,0.707106781186547));
#8567=DIRECTION('center_axis',(0.,0.,1.));
#8568=DIRECTION('ref_axis',(0.,1.,0.));
#8569=DIRECTION('center_axis',(0.,0.,-1.));
#8570=DIRECTION('ref_axis',(0.,1.,0.));
#8571=DIRECTION('center_axis',(0.,0.,-1.));
#8572=DIRECTION('ref_axis',(0.,1.,0.));
#8573=DIRECTION('',(0.,0.,-1.));
#8574=DIRECTION('center_axis',(0.,0.,-1.));
#8575=DIRECTION('ref_axis',(1.,0.,0.));
#8576=DIRECTION('',(0.707106781186547,-8.65956056235493E-17,0.707106781186547));
#8577=DIRECTION('center_axis',(0.,0.,1.));
#8578=DIRECTION('ref_axis',(1.,0.,0.));
#8579=DIRECTION('center_axis',(0.,0.,1.));
#8580=DIRECTION('ref_axis',(1.,0.,0.));
#8581=DIRECTION('center_axis',(0.,0.,1.));
#8582=DIRECTION('ref_axis',(-1.,0.,0.));
#8583=DIRECTION('',(0.,0.,1.));
#8584=DIRECTION('center_axis',(0.,0.,1.));
#8585=DIRECTION('ref_axis',(-1.,0.,0.));
#8586=DIRECTION('center_axis',(0.,0.,-1.));
#8587=DIRECTION('ref_axis',(0.,1.,0.));
#8588=DIRECTION('',(8.65956056235494E-17,0.707106781186547,0.707106781186547));
#8589=DIRECTION('center_axis',(0.,0.,-1.));
#8590=DIRECTION('ref_axis',(1.,0.,0.));
#8591=DIRECTION('',(0.707106781186548,-8.65956056235493E-17,0.707106781186548));
#8592=DIRECTION('center_axis',(0.,0.,1.));
#8593=DIRECTION('ref_axis',(1.,0.,0.));
#8594=DIRECTION('center_axis',(0.,0.,1.));
#8595=DIRECTION('ref_axis',(1.,0.,0.));
#8596=DIRECTION('center_axis',(0.,0.,1.));
#8597=DIRECTION('ref_axis',(-1.,0.,0.));
#8598=DIRECTION('',(0.,0.,1.));
#8599=DIRECTION('center_axis',(0.,0.,1.));
#8600=DIRECTION('ref_axis',(-1.,0.,0.));
#8601=DIRECTION('center_axis',(0.,0.,-1.));
#8602=DIRECTION('ref_axis',(0.,1.,0.));
#8603=DIRECTION('',(8.65956056235494E-17,0.707106781186547,0.707106781186547));
#8604=DIRECTION('center_axis',(0.,0.,-1.));
#8605=DIRECTION('ref_axis',(1.,0.,0.));
#8606=DIRECTION('',(0.707106781186547,-8.65956056235493E-17,0.707106781186547));
#8607=DIRECTION('center_axis',(0.,0.,1.));
#8608=DIRECTION('ref_axis',(1.,0.,0.));
#8609=DIRECTION('center_axis',(0.,0.,1.));
#8610=DIRECTION('ref_axis',(1.,0.,0.));
#8611=DIRECTION('center_axis',(0.,0.,1.));
#8612=DIRECTION('ref_axis',(-1.,0.,0.));
#8613=DIRECTION('',(0.,0.,1.));
#8614=DIRECTION('center_axis',(0.,0.,1.));
#8615=DIRECTION('ref_axis',(-1.,0.,0.));
#8616=DIRECTION('center_axis',(0.,0.,-1.));
#8617=DIRECTION('ref_axis',(0.,1.,0.));
#8618=DIRECTION('',(8.65956056235494E-17,0.707106781186547,0.707106781186547));
#8619=DIRECTION('center_axis',(0.,0.,1.));
#8620=DIRECTION('ref_axis',(0.,1.,0.));
#8621=DIRECTION('',(-8.65956056235494E-17,-0.707106781186547,0.707106781186547));
#8622=DIRECTION('center_axis',(0.,0.,1.));
#8623=DIRECTION('ref_axis',(0.,1.,0.));
#8624=DIRECTION('center_axis',(0.,0.,1.));
#8625=DIRECTION('ref_axis',(1.,0.,0.));
#8626=DIRECTION('center_axis',(0.,0.,1.));
#8627=DIRECTION('ref_axis',(1.,0.,0.));
#8628=DIRECTION('center_axis',(0.,0.,1.));
#8629=DIRECTION('ref_axis',(0.,1.,0.));
#8630=DIRECTION('center_axis',(0.,0.,-1.));
#8631=DIRECTION('ref_axis',(0.,1.,0.));
#8632=DIRECTION('',(-8.65956056235494E-17,-0.707106781186547,0.707106781186547));
#8633=DIRECTION('center_axis',(0.,0.,1.));
#8634=DIRECTION('ref_axis',(0.,1.,0.));
#8635=DIRECTION('center_axis',(0.,0.,1.));
#8636=DIRECTION('ref_axis',(1.,0.,0.));
#8637=DIRECTION('center_axis',(0.,0.,1.));
#8638=DIRECTION('ref_axis',(0.,1.,0.));
#8639=DIRECTION('',(0.,-1.,0.));
#8640=DIRECTION('center_axis',(0.,0.,1.));
#8641=DIRECTION('ref_axis',(0.,1.,0.));
#8642=DIRECTION('',(-1.,0.,0.));
#8643=DIRECTION('center_axis',(0.,0.,-1.));
#8644=DIRECTION('ref_axis',(0.707106781186548,-0.707106781186548,0.));
#8645=DIRECTION('',(0.,-1.,0.));
#8646=DIRECTION('center_axis',(0.,0.,-1.));
#8647=DIRECTION('ref_axis',(0.866025403788329,0.499999999993262,0.));
#8648=DIRECTION('',(0.866025403788329,-0.499999999993262,0.));
#8649=DIRECTION('center_axis',(0.,0.,-1.));
#8650=DIRECTION('ref_axis',(0.258819050604006,0.96592582481495,0.));
#8651=DIRECTION('',(1.,0.,0.));
#8652=DIRECTION('',(0.707106781186548,0.707106781186548,0.));
#8653=DIRECTION('',(0.,1.,0.));
#8654=DIRECTION('',(-0.707106781186548,0.707106781186548,0.));
#8655=DIRECTION('',(-1.,0.,0.));
#8656=DIRECTION('',(-0.707106781186548,-0.707106781186548,0.));
#8657=DIRECTION('',(0.,-1.,0.));
#8658=DIRECTION('center_axis',(0.,0.,1.));
#8659=DIRECTION('ref_axis',(0.,1.,0.));
#8660=DIRECTION('center_axis',(0.,0.,1.));
#8661=DIRECTION('ref_axis',(0.,1.,0.));
#8662=DIRECTION('center_axis',(0.,0.,1.));
#8663=DIRECTION('ref_axis',(0.,1.,0.));
#8664=DIRECTION('center_axis',(0.,0.,1.));
#8665=DIRECTION('ref_axis',(0.,1.,0.));
#8666=DIRECTION('center_axis',(0.,0.,1.));
#8667=DIRECTION('ref_axis',(0.,1.,0.));
#8668=DIRECTION('center_axis',(0.,0.,1.));
#8669=DIRECTION('ref_axis',(0.,1.,0.));
#8670=DIRECTION('center_axis',(0.,0.,1.));
#8671=DIRECTION('ref_axis',(0.,1.,0.));
#8672=DIRECTION('center_axis',(0.,0.,1.));
#8673=DIRECTION('ref_axis',(0.,1.,0.));
#8674=DIRECTION('center_axis',(0.,0.,1.));
#8675=DIRECTION('ref_axis',(0.,1.,0.));
#8676=DIRECTION('center_axis',(0.,0.,1.));
#8677=DIRECTION('ref_axis',(0.,1.,0.));
#8678=DIRECTION('center_axis',(0.,0.,-1.));
#8679=DIRECTION('ref_axis',(0.,1.,0.));
#8680=DIRECTION('',(0.,0.,-1.));
#8681=DIRECTION('center_axis',(0.,0.,-1.));
#8682=DIRECTION('ref_axis',(0.,1.,0.));
#8683=DIRECTION('center_axis',(0.,0.,1.));
#8684=DIRECTION('ref_axis',(0.,1.,0.));
#8685=DIRECTION('center_axis',(0.,0.,-1.));
#8686=DIRECTION('ref_axis',(0.,1.,0.));
#8687=DIRECTION('',(-8.65956056235494E-17,-0.707106781186547,0.707106781186547));
#8688=DIRECTION('center_axis',(0.,0.,-1.));
#8689=DIRECTION('ref_axis',(0.,1.,0.));
#8690=DIRECTION('',(0.,0.,-1.));
#8691=DIRECTION('center_axis',(0.,0.,-1.));
#8692=DIRECTION('ref_axis',(0.,1.,0.));
#8693=DIRECTION('center_axis',(0.,0.,1.));
#8694=DIRECTION('ref_axis',(0.,1.,0.));
#8695=DIRECTION('',(-8.65956056235494E-17,-0.707106781186547,0.707106781186547));
#8696=DIRECTION('center_axis',(0.,0.,1.));
#8697=DIRECTION('ref_axis',(0.,1.,0.));
#8698=DIRECTION('center_axis',(0.,0.,-1.));
#8699=DIRECTION('ref_axis',(0.,1.,0.));
#8700=DIRECTION('',(-8.65956056235494E-17,-0.707106781186547,0.707106781186547));
#8701=DIRECTION('center_axis',(0.,0.,-1.));
#8702=DIRECTION('ref_axis',(0.,1.,0.));
#8703=DIRECTION('',(0.,0.,-1.));
#8704=DIRECTION('center_axis',(0.,0.,-1.));
#8705=DIRECTION('ref_axis',(0.,1.,0.));
#8706=DIRECTION('center_axis',(0.,0.,1.));
#8707=DIRECTION('ref_axis',(0.,1.,0.));
#8708=DIRECTION('center_axis',(0.,0.,-1.));
#8709=DIRECTION('ref_axis',(0.,1.,0.));
#8710=DIRECTION('',(-8.65956056235494E-17,-0.707106781186547,0.707106781186547));
#8711=DIRECTION('center_axis',(0.,0.,-1.));
#8712=DIRECTION('ref_axis',(0.,1.,0.));
#8713=DIRECTION('',(0.,0.,-1.));
#8714=DIRECTION('center_axis',(0.,0.,-1.));
#8715=DIRECTION('ref_axis',(0.,1.,0.));
#8716=DIRECTION('center_axis',(0.,0.,1.));
#8717=DIRECTION('ref_axis',(0.,1.,0.));
#8718=DIRECTION('center_axis',(0.,0.,-1.));
#8719=DIRECTION('ref_axis',(0.,1.,0.));
#8720=DIRECTION('',(-8.65956056235493E-17,-0.707106781186547,0.707106781186547));
#8721=DIRECTION('center_axis',(0.707106781186535,0.,0.70710678118656));
#8722=DIRECTION('ref_axis',(0.70710678118656,0.,-0.707106781186535));
#8723=DIRECTION('',(0.678598344545877,-0.281084637714793,-0.678598344545829));
#8724=DIRECTION('',(0.,1.,0.));
#8725=DIRECTION('',(-0.70710678118656,0.,0.707106781186535));
#8726=DIRECTION('center_axis',(0.,0.,1.));
#8727=DIRECTION('ref_axis',(0.,1.,0.));
#8728=DIRECTION('',(0.,0.,1.));
#8729=DIRECTION('center_axis',(0.,0.,-1.));
#8730=DIRECTION('ref_axis',(0.,1.,0.));
#8731=DIRECTION('',(8.65956056235493E-17,0.707106781186547,0.707106781186547));
#8732=DIRECTION('center_axis',(0.,0.,1.));
#8733=DIRECTION('ref_axis',(0.,1.,0.));
#8734=DIRECTION('center_axis',(0.,0.,-1.));
#8735=DIRECTION('ref_axis',(0.,1.,0.));
#8736=DIRECTION('center_axis',(0.,0.,-1.));
#8737=DIRECTION('ref_axis',(0.,1.,0.));
#8738=DIRECTION('',(0.,0.,-1.));
#8739=DIRECTION('center_axis',(-0.707106781186548,0.,-0.707106781186548));
#8740=DIRECTION('ref_axis',(-0.707106781186548,0.,0.707106781186548));
#8741=DIRECTION('',(-0.678598344519982,-0.281084637839823,0.678598344519934));
#8742=DIRECTION('',(0.,1.,0.));
#8743=DIRECTION('',(-0.678598344545855,0.281084637714784,0.678598344545855));
#8744=DIRECTION('center_axis',(0.,-0.707106781186548,-0.707106781186548));
#8745=DIRECTION('ref_axis',(-1.,0.,0.));
#8746=DIRECTION('',(-1.,0.,0.));
#8747=DIRECTION('',(0.281084637714837,0.678598344545868,-0.678598344545819));
#8748=DIRECTION('',(0.281084637714828,-0.678598344545845,0.678598344545845));
#8749=DIRECTION('center_axis',(-0.499999999999974,-0.499999999999974,-0.707106781186585));
#8750=DIRECTION('ref_axis',(-0.816496580927755,0.,0.577350269189585));
#8751=DIRECTION('',(-0.707106781186548,0.707106781186548,0.));
#8752=DIRECTION('center_axis',(0.500000000000004,-0.500000000000004,-0.707106781186542));
#8753=DIRECTION('ref_axis',(-0.816496580927722,0.,-0.577350269189632));
#8754=DIRECTION('',(-0.707106781186548,-0.707106781186548,0.));
#8755=DIRECTION('',(0.678598344545868,-0.281084637714837,0.678598344545819));
#8756=DIRECTION('center_axis',(0.707106781186535,0.,-0.70710678118656));
#8757=DIRECTION('ref_axis',(-0.70710678118656,0.,-0.707106781186535));
#8758=DIRECTION('',(0.70710678118656,0.,0.707106781186535));
#8759=DIRECTION('',(0.,-1.,0.));
#8760=DIRECTION('center_axis',(0.,0.,-1.));
#8761=DIRECTION('ref_axis',(0.,1.,0.));
#8762=DIRECTION('',(0.,-0.707106781186535,0.70710678118656));
#8763=DIRECTION('center_axis',(0.,0.,1.));
#8764=DIRECTION('ref_axis',(0.,1.,0.));
#8765=DIRECTION('center_axis',(0.,-0.707106781186522,-0.707106781186573));
#8766=DIRECTION('ref_axis',(-1.,0.,0.));
#8767=DIRECTION('',(0.,-0.707106781186573,0.707106781186522));
#8768=DIRECTION('',(-1.,0.,0.));
#8769=DIRECTION('center_axis',(0.,0.,1.));
#8770=DIRECTION('ref_axis',(0.707106781186547,-0.707106781186547,0.));
#8771=DIRECTION('',(0.707106781186547,0.,0.707106781186547));
#8772=DIRECTION('center_axis',(0.,0.,-1.));
#8773=DIRECTION('ref_axis',(0.707106781186548,-0.707106781186548,0.));
#8774=DIRECTION('center_axis',(0.707106781186548,0.,-0.707106781186548));
#8775=DIRECTION('ref_axis',(-0.707106781186548,0.,-0.707106781186548));
#8776=DIRECTION('',(0.707106781186547,0.,0.707106781186547));
#8777=DIRECTION('',(0.,-1.,0.));
#8778=DIRECTION('center_axis',(0.,0.,1.));
#8779=DIRECTION('ref_axis',(0.866025403788329,0.499999999993262,0.));
#8780=DIRECTION('',(0.353553390605243,0.612372435751108,0.70710678113266));
#8781=DIRECTION('center_axis',(0.,0.,-1.));
#8782=DIRECTION('ref_axis',(0.866025403788329,0.499999999993262,0.));
#8783=DIRECTION('center_axis',(0.35355339058851,0.612372435698547,-0.707106781186546));
#8784=DIRECTION('ref_axis',(-0.894427191002326,0.,-0.447213595495138));
#8785=DIRECTION('',(0.353553390610932,0.612372435737412,0.707106781141676));
#8786=DIRECTION('',(0.866025403788329,-0.499999999993262,0.));
#8787=DIRECTION('center_axis',(0.,0.,1.));
#8788=DIRECTION('ref_axis',(0.258819050604006,0.96592582481495,0.));
#8789=DIRECTION('',(0.,0.707106781186535,0.70710678118656));
#8790=DIRECTION('center_axis',(0.,0.,-1.));
#8791=DIRECTION('ref_axis',(0.258819050604006,0.96592582481495,0.));
#8792=DIRECTION('center_axis',(0.,0.707106781186548,-0.707106781186548));
#8793=DIRECTION('ref_axis',(-1.,0.,0.));
#8794=DIRECTION('',(1.,0.,0.));
#8795=DIRECTION('',(-0.281084637714806,0.67859834454585,0.67859834454585));
#8796=DIRECTION('center_axis',(-0.500000000000004,0.500000000000004,-0.707106781186542));
#8797=DIRECTION('ref_axis',(-0.816496580927722,0.,0.577350269189632));
#8798=DIRECTION('',(0.707106781186548,0.707106781186548,0.));
#8799=DIRECTION('center_axis',(-0.499999999993262,-0.866025403788329,0.));
#8800=DIRECTION('ref_axis',(0.866025403788329,-0.499999999993262,0.));
#8801=DIRECTION('',(0.,0.,-1.));
#8802=DIRECTION('',(-0.866025403788329,0.499999999993262,0.));
#8803=DIRECTION('',(0.,0.,-1.));
#8804=DIRECTION('center_axis',(0.,0.,-1.));
#8805=DIRECTION('ref_axis',(0.258819045098769,0.965925826290074,0.));
#8806=DIRECTION('',(0.,0.,-1.));
#8807=DIRECTION('center_axis',(0.,0.,1.));
#8808=DIRECTION('ref_axis',(0.258819050604006,0.96592582481495,0.));
#8809=DIRECTION('center_axis',(0.,-1.,0.));
#8810=DIRECTION('ref_axis',(1.,0.,0.));
#8811=DIRECTION('',(0.,0.,-1.));
#8812=DIRECTION('',(-1.,0.,0.));
#8813=DIRECTION('center_axis',(0.707106781186548,-0.707106781186548,0.));
#8814=DIRECTION('ref_axis',(0.707106781186548,0.707106781186548,0.));
#8815=DIRECTION('',(0.,0.,-1.));
#8816=DIRECTION('',(-0.707106781186548,-0.707106781186548,0.));
#8817=DIRECTION('center_axis',(1.,0.,0.));
#8818=DIRECTION('ref_axis',(0.,1.,0.));
#8819=DIRECTION('',(0.,0.,-1.));
#8820=DIRECTION('',(0.,-1.,0.));
#8821=DIRECTION('center_axis',(-0.707106781186548,-0.707106781186548,0.));
#8822=DIRECTION('ref_axis',(0.707106781186548,-0.707106781186548,0.));
#8823=DIRECTION('',(0.,0.,-1.));
#8824=DIRECTION('',(0.707106781186548,-0.707106781186548,0.));
#8825=DIRECTION('center_axis',(0.,1.,0.));
#8826=DIRECTION('ref_axis',(-1.,0.,0.));
#8827=DIRECTION('',(0.,0.,-1.));
#8828=DIRECTION('',(1.,0.,0.));
#8829=DIRECTION('center_axis',(-0.707106781186522,0.,0.707106781186573));
#8830=DIRECTION('ref_axis',(0.707106781186573,0.,0.707106781186522));
#8831=DIRECTION('',(-0.678598344545877,0.281084637714793,-0.678598344545829));
#8832=DIRECTION('',(-0.678598344519991,-0.281084637839778,-0.678598344519943));
#8833=DIRECTION('center_axis',(-0.499999999999986,0.499999999999986,0.707106781186567));
#8834=DIRECTION('ref_axis',(0.816496580927741,0.,0.577350269189605));
#8835=DIRECTION('',(-0.281084637714815,0.678598344545872,-0.678598344545824));
#8836=DIRECTION('center_axis',(0.,0.,1.));
#8837=DIRECTION('ref_axis',(0.,1.,0.));
#8838=DIRECTION('',(0.,0.707106781186535,0.70710678118656));
#8839=DIRECTION('center_axis',(0.,0.,-1.));
#8840=DIRECTION('ref_axis',(0.,1.,0.));
#8841=DIRECTION('center_axis',(0.,-0.707106781186522,0.707106781186573));
#8842=DIRECTION('ref_axis',(1.,0.,0.));
#8843=DIRECTION('',(0.,0.707106781186573,0.707106781186522));
#8844=DIRECTION('',(1.,0.,0.));
#8845=DIRECTION('center_axis',(0.,0.,-1.));
#8846=DIRECTION('ref_axis',(0.707106781186547,-0.707106781186547,0.));
#8847=DIRECTION('center_axis',(0.,0.,1.));
#8848=DIRECTION('ref_axis',(0.707106781186548,-0.707106781186548,0.));
#8849=DIRECTION('',(-0.707106781186547,0.,0.707106781186547));
#8850=DIRECTION('center_axis',(0.707106781186522,0.,0.707106781186573));
#8851=DIRECTION('ref_axis',(0.707106781186573,0.,-0.707106781186522));
#8852=DIRECTION('',(-0.707106781186573,0.,0.707106781186522));
#8853=DIRECTION('',(0.,1.,0.));
#8854=DIRECTION('center_axis',(0.,0.,-1.));
#8855=DIRECTION('ref_axis',(0.866025403788329,0.499999999993262,0.));
#8856=DIRECTION('',(-0.353553390605243,-0.612372435751108,0.70710678113266));
#8857=DIRECTION('center_axis',(0.,0.,1.));
#8858=DIRECTION('ref_axis',(0.866025403788329,0.499999999993262,0.));
#8859=DIRECTION('center_axis',(0.353553390588497,0.612372435698525,0.707106781186571));
#8860=DIRECTION('ref_axis',(0.894427191002338,0.,-0.447213595495113));
#8861=DIRECTION('',(-0.353553390610945,-0.612372435737434,0.707106781141651));
#8862=DIRECTION('center_axis',(0.,0.,-1.));
#8863=DIRECTION('ref_axis',(0.258819050604006,0.96592582481495,0.));
#8864=DIRECTION('',(0.,-0.707106781186535,0.70710678118656));
#8865=DIRECTION('center_axis',(0.,0.707106781186522,0.707106781186573));
#8866=DIRECTION('ref_axis',(1.,0.,0.));
#8867=DIRECTION('center_axis',(0.499999999999986,-0.499999999999986,0.707106781186567));
#8868=DIRECTION('ref_axis',(0.816496580927741,0.,-0.577350269189605));
#8869=DIRECTION('',(0.707106781186548,0.707106781186548,0.));
#8870=DIRECTION('',(0.281084637714793,-0.678598344545877,-0.678598344545829));
#8871=DIRECTION('center_axis',(0.,-0.707106781186522,0.707106781186573));
#8872=DIRECTION('ref_axis',(1.,0.,0.));
#8873=DIRECTION('',(-0.281084637714793,-0.678598344545877,-0.678598344545829));
#8874=DIRECTION('center_axis',(-0.500000000000017,-0.500000000000017,0.707106781186524));
#8875=DIRECTION('ref_axis',(0.816496580927708,0.,0.577350269189651));
#8876=DIRECTION('center_axis',(0.,0.,-1.));
#8877=DIRECTION('ref_axis',(0.866025403778324,0.500000000010591,0.));
#8878=DIRECTION('',(0.,0.,-1.));
#8879=DIRECTION('center_axis',(-1.,0.,0.));
#8880=DIRECTION('ref_axis',(0.,0.,1.));
#8881=DIRECTION('',(0.,0.,-1.));
#8882=DIRECTION('center_axis',(0.,0.,-1.));
#8883=DIRECTION('ref_axis',(0.707106781186548,-0.707106781186547,0.));
#8884=DIRECTION('',(0.,0.,-1.));
#8885=DIRECTION('center_axis',(0.,-1.,0.));
#8886=DIRECTION('ref_axis',(0.,0.,-1.));
#8887=DIRECTION('',(0.,0.,-1.));
#8888=DIRECTION('center_axis',(0.,0.,-1.));
#8889=DIRECTION('ref_axis',(0.,1.,0.));
#8890=DIRECTION('',(0.,0.,-1.));
#8891=DIRECTION('center_axis',(-1.,0.,0.));
#8892=DIRECTION('ref_axis',(0.,1.,0.));
#8893=DIRECTION('',(0.,0.,1.));
#8894=DIRECTION('center_axis',(0.,0.,1.));
#8895=DIRECTION('ref_axis',(0.,1.,0.));
#8896=DIRECTION('',(-8.65956056235493E-17,-0.707106781186547,0.707106781186547));
#8897=DIRECTION('center_axis',(0.,0.,-1.));
#8898=DIRECTION('ref_axis',(0.,1.,0.));
#8899=DIRECTION('',(8.65956056235493E-17,-0.707106781186548,-0.707106781186548));
#8900=DIRECTION('center_axis',(0.,0.,-1.));
#8901=DIRECTION('ref_axis',(0.,1.,0.));
#8902=DIRECTION('',(8.65956056235493E-17,-0.707106781186548,-0.707106781186548));
#8903=DIRECTION('center_axis',(0.,0.,-1.));
#8904=DIRECTION('ref_axis',(0.,1.,0.));
#8905=DIRECTION('',(8.65956056235493E-17,-0.707106781186548,-0.707106781186548));
#8906=DIRECTION('center_axis',(0.,0.,-1.));
#8907=DIRECTION('ref_axis',(0.,1.,0.));
#8908=DIRECTION('',(8.65956056235493E-17,-0.707106781186548,-0.707106781186548));
#8909=DIRECTION('center_axis',(0.,0.,-1.));
#8910=DIRECTION('ref_axis',(-1.,0.,0.));
#8911=DIRECTION('center_axis',(0.,0.,-1.));
#8912=DIRECTION('ref_axis',(-1.,0.,0.));
#8913=DIRECTION('center_axis',(0.,0.,-1.));
#8914=DIRECTION('ref_axis',(-1.,0.,0.));
#8915=DIRECTION('center_axis',(0.,0.,-1.));
#8916=DIRECTION('ref_axis',(-1.,0.,0.));
#8917=DIRECTION('center_axis',(-0.707106781186548,0.707106781186548,0.));
#8918=DIRECTION('ref_axis',(-0.707106781186548,-0.707106781186548,0.));
#8919=DIRECTION('center_axis',(0.,0.,1.));
#8920=DIRECTION('ref_axis',(0.,1.,0.));
#8921=DIRECTION('center_axis',(0.,0.,1.));
#8922=DIRECTION('ref_axis',(0.,1.,0.));
#8923=DIRECTION('',(8.65956056235493E-17,-0.707106781186547,0.707106781186547));
#8924=DIRECTION('center_axis',(0.,0.,-1.));
#8925=DIRECTION('ref_axis',(0.,1.,0.));
#8926=DIRECTION('center_axis',(0.,0.,-1.));
#8927=DIRECTION('ref_axis',(-1.,0.,0.));
#8928=DIRECTION('center_axis',(0.,0.,1.));
#8929=DIRECTION('ref_axis',(0.,1.,0.));
#8930=DIRECTION('center_axis',(0.,0.,1.));
#8931=DIRECTION('ref_axis',(0.,1.,0.));
#8932=DIRECTION('',(0.,0.,-1.));
#8933=DIRECTION('center_axis',(0.,0.,-1.));
#8934=DIRECTION('ref_axis',(0.,1.,0.));
#8935=DIRECTION('center_axis',(0.,0.,1.));
#8936=DIRECTION('ref_axis',(0.,1.,0.));
#8937=DIRECTION('center_axis',(0.,0.,1.));
#8938=DIRECTION('ref_axis',(0.,1.,0.));
#8939=DIRECTION('',(8.65956056235493E-17,-0.707106781186547,0.707106781186547));
#8940=DIRECTION('center_axis',(0.,0.,-1.));
#8941=DIRECTION('ref_axis',(0.,1.,0.));
#8942=DIRECTION('center_axis',(0.,0.,-1.));
#8943=DIRECTION('ref_axis',(-1.,0.,0.));
#8944=DIRECTION('center_axis',(0.,0.,1.));
#8945=DIRECTION('ref_axis',(0.,1.,0.));
#8946=DIRECTION('center_axis',(0.,0.,1.));
#8947=DIRECTION('ref_axis',(0.,1.,0.));
#8948=DIRECTION('',(0.,0.,-1.));
#8949=DIRECTION('center_axis',(0.,0.,-1.));
#8950=DIRECTION('ref_axis',(0.,1.,0.));
#8951=DIRECTION('center_axis',(0.,0.,1.));
#8952=DIRECTION('ref_axis',(0.,1.,0.));
#8953=DIRECTION('center_axis',(0.,0.,1.));
#8954=DIRECTION('ref_axis',(0.,1.,0.));
#8955=DIRECTION('',(8.65956056235493E-17,-0.707106781186547,0.707106781186547));
#8956=DIRECTION('center_axis',(0.,0.,-1.));
#8957=DIRECTION('ref_axis',(0.,1.,0.));
#8958=DIRECTION('center_axis',(0.,0.,-1.));
#8959=DIRECTION('ref_axis',(-1.,0.,0.));
#8960=DIRECTION('center_axis',(0.,0.,1.));
#8961=DIRECTION('ref_axis',(0.,1.,0.));
#8962=DIRECTION('center_axis',(0.,0.,1.));
#8963=DIRECTION('ref_axis',(0.,1.,0.));
#8964=DIRECTION('',(0.,0.,-1.));
#8965=DIRECTION('center_axis',(0.,0.,-1.));
#8966=DIRECTION('ref_axis',(0.,1.,0.));
#8967=DIRECTION('center_axis',(0.,0.,1.));
#8968=DIRECTION('ref_axis',(0.,1.,0.));
#8969=DIRECTION('center_axis',(0.,0.,1.));
#8970=DIRECTION('ref_axis',(0.,1.,0.));
#8971=DIRECTION('',(8.65956056235493E-17,-0.707106781186547,0.707106781186547));
#8972=DIRECTION('center_axis',(0.,0.,-1.));
#8973=DIRECTION('ref_axis',(0.,1.,0.));
#8974=DIRECTION('center_axis',(0.,0.,-1.));
#8975=DIRECTION('ref_axis',(-1.,0.,0.));
#8976=DIRECTION('center_axis',(0.,0.,1.));
#8977=DIRECTION('ref_axis',(0.,1.,0.));
#8978=DIRECTION('center_axis',(0.,0.,1.));
#8979=DIRECTION('ref_axis',(0.,1.,0.));
#8980=DIRECTION('',(0.,0.,-1.));
#8981=DIRECTION('center_axis',(0.,0.,-1.));
#8982=DIRECTION('ref_axis',(0.,1.,0.));
#8983=DIRECTION('center_axis',(0.,0.,-1.));
#8984=DIRECTION('ref_axis',(0.,1.,0.));
#8985=DIRECTION('',(-8.65956056235493E-17,-0.707106781186548,-0.707106781186548));
#8986=DIRECTION('center_axis',(0.,0.,-1.));
#8987=DIRECTION('ref_axis',(0.,1.,0.));
#8988=DIRECTION('center_axis',(0.,0.,1.));
#8989=DIRECTION('ref_axis',(0.,1.,0.));
#8990=DIRECTION('center_axis',(0.,0.,1.));
#8991=DIRECTION('ref_axis',(0.,1.,0.));
#8992=DIRECTION('',(0.,0.,1.));
#8993=DIRECTION('center_axis',(0.,0.,-1.));
#8994=DIRECTION('ref_axis',(0.,1.,0.));
#8995=DIRECTION('',(-8.65956056235493E-17,-0.707106781186548,-0.707106781186548));
#8996=DIRECTION('center_axis',(0.,0.,-1.));
#8997=DIRECTION('ref_axis',(0.,1.,0.));
#8998=DIRECTION('center_axis',(0.,0.,1.));
#8999=DIRECTION('ref_axis',(0.,1.,0.));
#9000=DIRECTION('center_axis',(0.,0.,1.));
#9001=DIRECTION('ref_axis',(0.,1.,0.));
#9002=DIRECTION('',(0.,0.,1.));
#9003=DIRECTION('center_axis',(0.,0.,-1.));
#9004=DIRECTION('ref_axis',(0.,1.,0.));
#9005=DIRECTION('',(-8.65956056235493E-17,-0.707106781186548,-0.707106781186548));
#9006=DIRECTION('center_axis',(0.,0.,-1.));
#9007=DIRECTION('ref_axis',(0.,1.,0.));
#9008=DIRECTION('center_axis',(0.,0.,1.));
#9009=DIRECTION('ref_axis',(0.,1.,0.));
#9010=DIRECTION('center_axis',(0.,0.,1.));
#9011=DIRECTION('ref_axis',(0.,1.,0.));
#9012=DIRECTION('',(0.,0.,1.));
#9013=DIRECTION('center_axis',(0.,0.,-1.));
#9014=DIRECTION('ref_axis',(0.,1.,0.));
#9015=DIRECTION('',(-8.65956056235493E-17,-0.707106781186548,-0.707106781186548));
#9016=DIRECTION('center_axis',(0.,0.,-1.));
#9017=DIRECTION('ref_axis',(0.,1.,0.));
#9018=DIRECTION('center_axis',(0.,0.,1.));
#9019=DIRECTION('ref_axis',(0.,1.,0.));
#9020=DIRECTION('center_axis',(0.,0.,1.));
#9021=DIRECTION('ref_axis',(0.,1.,0.));
#9022=DIRECTION('',(0.,0.,1.));
#9023=DIRECTION('center_axis',(0.,0.,-1.));
#9024=DIRECTION('ref_axis',(-1.,0.,0.));
#9025=DIRECTION('center_axis',(0.,0.,1.));
#9026=DIRECTION('ref_axis',(-1.,0.,0.));
#9027=DIRECTION('',(-0.707106781186547,-8.65956056235493E-17,0.707106781186547));
#9028=DIRECTION('center_axis',(0.,0.,-1.));
#9029=DIRECTION('ref_axis',(-1.,0.,0.));
#9030=DIRECTION('center_axis',(0.,0.,-1.));
#9031=DIRECTION('ref_axis',(-1.,0.,0.));
#9032=DIRECTION('center_axis',(0.,0.,-1.));
#9033=DIRECTION('ref_axis',(-1.,0.,0.));
#9034=DIRECTION('',(-1.,0.,0.));
#9035=DIRECTION('',(-0.707106781186548,0.707106781186548,0.));
#9036=DIRECTION('',(0.,1.,0.));
#9037=DIRECTION('center_axis',(0.,0.,1.));
#9038=DIRECTION('ref_axis',(0.,1.,0.));
#9039=DIRECTION('',(-1.,0.,0.));
#9040=DIRECTION('center_axis',(0.,0.,-1.));
#9041=DIRECTION('ref_axis',(-0.707106781186548,-0.707106781186548,0.));
#9042=DIRECTION('',(0.,1.,0.));
#9043=DIRECTION('center_axis',(0.,0.,-1.));
#9044=DIRECTION('ref_axis',(-0.866025403788329,0.499999999993262,0.));
#9045=DIRECTION('',(0.866025403788329,0.499999999993262,0.));
#9046=DIRECTION('center_axis',(0.,0.,-1.));
#9047=DIRECTION('ref_axis',(-0.258819050604006,0.96592582481495,0.));
#9048=DIRECTION('',(1.,0.,0.));
#9049=DIRECTION('',(0.707106781186548,-0.707106781186548,0.));
#9050=DIRECTION('',(0.,-1.,0.));
#9051=DIRECTION('',(-0.707106781186547,-0.707106781186547,0.));
#9052=DIRECTION('center_axis',(0.,0.,1.));
#9053=DIRECTION('ref_axis',(0.,1.,0.));
#9054=DIRECTION('center_axis',(0.,0.,1.));
#9055=DIRECTION('ref_axis',(0.,1.,0.));
#9056=DIRECTION('center_axis',(0.,0.,1.));
#9057=DIRECTION('ref_axis',(0.,1.,0.));
#9058=DIRECTION('center_axis',(0.,0.,1.));
#9059=DIRECTION('ref_axis',(0.,1.,0.));
#9060=DIRECTION('center_axis',(0.,0.,1.));
#9061=DIRECTION('ref_axis',(0.,1.,0.));
#9062=DIRECTION('center_axis',(0.,0.,1.));
#9063=DIRECTION('ref_axis',(0.,1.,0.));
#9064=DIRECTION('center_axis',(0.,0.,1.));
#9065=DIRECTION('ref_axis',(-1.,0.,0.));
#9066=DIRECTION('center_axis',(0.,0.,1.));
#9067=DIRECTION('ref_axis',(-1.,0.,0.));
#9068=DIRECTION('center_axis',(0.,0.,1.));
#9069=DIRECTION('ref_axis',(-1.,0.,0.));
#9070=DIRECTION('center_axis',(0.,0.,1.));
#9071=DIRECTION('ref_axis',(0.,1.,0.));
#9072=DIRECTION('center_axis',(0.,0.,-1.));
#9073=DIRECTION('ref_axis',(1.,0.,0.));
#9074=DIRECTION('',(0.,0.,1.));
#9075=DIRECTION('center_axis',(0.,0.,-1.));
#9076=DIRECTION('ref_axis',(1.,0.,0.));
#9077=DIRECTION('center_axis',(0.,0.,-1.));
#9078=DIRECTION('ref_axis',(0.,1.,0.));
#9079=DIRECTION('',(-8.65956056235494E-17,0.707106781186547,0.707106781186547));
#9080=DIRECTION('center_axis',(0.,0.,-1.));
#9081=DIRECTION('ref_axis',(0.,1.,0.));
#9082=DIRECTION('center_axis',(0.,0.,1.));
#9083=DIRECTION('ref_axis',(0.,1.,0.));
#9084=DIRECTION('center_axis',(0.,0.,1.));
#9085=DIRECTION('ref_axis',(0.,1.,0.));
#9086=DIRECTION('',(0.,0.,-1.));
#9087=DIRECTION('center_axis',(0.,0.,-1.));
#9088=DIRECTION('ref_axis',(0.,1.,0.));
#9089=DIRECTION('',(-8.65956056235494E-17,0.707106781186547,0.707106781186547));
#9090=DIRECTION('center_axis',(0.,0.,-1.));
#9091=DIRECTION('ref_axis',(0.,1.,0.));
#9092=DIRECTION('',(-8.65956056235494E-17,0.707106781186547,0.707106781186547));
#9093=DIRECTION('center_axis',(0.,0.,-1.));
#9094=DIRECTION('ref_axis',(0.,1.,0.));
#9095=DIRECTION('center_axis',(0.,0.,1.));
#9096=DIRECTION('ref_axis',(0.,1.,0.));
#9097=DIRECTION('center_axis',(0.,0.,1.));
#9098=DIRECTION('ref_axis',(0.,1.,0.));
#9099=DIRECTION('',(0.,0.,-1.));
#9100=DIRECTION('center_axis',(0.,0.,-1.));
#9101=DIRECTION('ref_axis',(-1.,0.,0.));
#9102=DIRECTION('',(-0.707106781186547,-8.65956056235493E-17,0.707106781186547));
#9103=DIRECTION('center_axis',(0.,0.,-1.));
#9104=DIRECTION('ref_axis',(-1.,0.,0.));
#9105=DIRECTION('center_axis',(0.,0.,-1.));
#9106=DIRECTION('ref_axis',(-1.,0.,0.));
#9107=DIRECTION('center_axis',(0.,0.,-1.));
#9108=DIRECTION('ref_axis',(1.,0.,0.));
#9109=DIRECTION('',(0.,0.,1.));
#9110=DIRECTION('center_axis',(0.,0.,-1.));
#9111=DIRECTION('ref_axis',(1.,0.,0.));
#9112=DIRECTION('center_axis',(0.,0.,-1.));
#9113=DIRECTION('ref_axis',(0.,1.,0.));
#9114=DIRECTION('',(-8.65956056235494E-17,0.707106781186547,0.707106781186547));
#9115=DIRECTION('center_axis',(0.,0.,-1.));
#9116=DIRECTION('ref_axis',(-1.,0.,0.));
#9117=DIRECTION('',(-0.707106781186548,-8.65956056235493E-17,0.707106781186548));
#9118=DIRECTION('center_axis',(0.,0.,-1.));
#9119=DIRECTION('ref_axis',(-1.,0.,0.));
#9120=DIRECTION('center_axis',(0.,0.,-1.));
#9121=DIRECTION('ref_axis',(-1.,0.,0.));
#9122=DIRECTION('center_axis',(0.,0.,-1.));
#9123=DIRECTION('ref_axis',(1.,0.,0.));
#9124=DIRECTION('',(0.,0.,1.));
#9125=DIRECTION('center_axis',(0.,0.,-1.));
#9126=DIRECTION('ref_axis',(1.,0.,0.));
#9127=DIRECTION('center_axis',(0.,0.,-1.));
#9128=DIRECTION('ref_axis',(0.,1.,0.));
#9129=DIRECTION('',(-8.65956056235494E-17,0.707106781186547,0.707106781186547));
#9130=DIRECTION('center_axis',(0.,0.,-1.));
#9131=DIRECTION('ref_axis',(-1.,0.,0.));
#9132=DIRECTION('',(-0.707106781186547,-8.65956056235493E-17,0.707106781186547));
#9133=DIRECTION('center_axis',(0.,0.,-1.));
#9134=DIRECTION('ref_axis',(-1.,0.,0.));
#9135=DIRECTION('center_axis',(0.,0.,-1.));
#9136=DIRECTION('ref_axis',(-1.,0.,0.));
#9137=DIRECTION('center_axis',(0.,0.,-1.));
#9138=DIRECTION('ref_axis',(1.,0.,0.));
#9139=DIRECTION('',(0.,0.,1.));
#9140=DIRECTION('center_axis',(0.,0.,-1.));
#9141=DIRECTION('ref_axis',(1.,0.,0.));
#9142=DIRECTION('center_axis',(0.,0.,-1.));
#9143=DIRECTION('ref_axis',(0.,1.,0.));
#9144=DIRECTION('',(-8.65956056235494E-17,0.707106781186547,0.707106781186547));
#9145=DIRECTION('center_axis',(0.,0.,1.));
#9146=DIRECTION('ref_axis',(0.,1.,0.));
#9147=DIRECTION('',(8.65956056235494E-17,-0.707106781186547,0.707106781186547));
#9148=DIRECTION('center_axis',(0.,0.,-1.));
#9149=DIRECTION('ref_axis',(0.,1.,0.));
#9150=DIRECTION('center_axis',(0.,0.,-1.));
#9151=DIRECTION('ref_axis',(-1.,0.,0.));
#9152=DIRECTION('center_axis',(0.,0.,-1.));
#9153=DIRECTION('ref_axis',(-1.,0.,0.));
#9154=DIRECTION('center_axis',(0.,0.,1.));
#9155=DIRECTION('ref_axis',(0.,1.,0.));
#9156=DIRECTION('center_axis',(0.,0.,1.));
#9157=DIRECTION('ref_axis',(0.,1.,0.));
#9158=DIRECTION('',(8.65956056235494E-17,-0.707106781186547,0.707106781186547));
#9159=DIRECTION('center_axis',(0.,0.,-1.));
#9160=DIRECTION('ref_axis',(0.,1.,0.));
#9161=DIRECTION('center_axis',(0.,0.,-1.));
#9162=DIRECTION('ref_axis',(-1.,0.,0.));
#9163=DIRECTION('center_axis',(0.,0.,-1.));
#9164=DIRECTION('ref_axis',(0.,1.,0.));
#9165=DIRECTION('center_axis',(0.,0.,-1.));
#9166=DIRECTION('ref_axis',(0.,1.,0.));
#9167=DIRECTION('',(0.,-1.,0.));
#9168=DIRECTION('',(0.707106781186548,-0.707106781186548,0.));
#9169=DIRECTION('',(1.,0.,0.));
#9170=DIRECTION('',(0.707106781186548,0.707106781186548,0.));
#9171=DIRECTION('',(0.,1.,0.));
#9172=DIRECTION('',(-0.707106781186548,0.707106781186548,0.));
#9173=DIRECTION('',(-1.,0.,0.));
#9174=DIRECTION('center_axis',(0.,0.,1.));
#9175=DIRECTION('ref_axis',(-0.258819050604006,0.96592582481495,0.));
#9176=DIRECTION('',(-0.866025403788329,-0.499999999993262,0.));
#9177=DIRECTION('center_axis',(0.,0.,1.));
#9178=DIRECTION('ref_axis',(-0.866025403788329,0.499999999993262,0.));
#9179=DIRECTION('',(0.,-1.,0.));
#9180=DIRECTION('center_axis',(0.,0.,1.));
#9181=DIRECTION('ref_axis',(-0.707106781186548,-0.707106781186548,0.));
#9182=DIRECTION('',(1.,0.,0.));
#9183=DIRECTION('center_axis',(0.,0.,-1.));
#9184=DIRECTION('ref_axis',(0.,1.,0.));
#9185=DIRECTION('',(0.,-1.,0.));
#9186=DIRECTION('center_axis',(0.,0.,-1.));
#9187=DIRECTION('ref_axis',(0.,1.,0.));
#9188=DIRECTION('center_axis',(0.,0.,-1.));
#9189=DIRECTION('ref_axis',(0.,1.,0.));
#9190=DIRECTION('center_axis',(0.,0.,-1.));
#9191=DIRECTION('ref_axis',(0.,1.,0.));
#9192=DIRECTION('center_axis',(0.,0.,-1.));
#9193=DIRECTION('ref_axis',(0.,1.,0.));
#9194=DIRECTION('center_axis',(0.,0.,-1.));
#9195=DIRECTION('ref_axis',(0.,1.,0.));
#9196=DIRECTION('center_axis',(0.,0.,-1.));
#9197=DIRECTION('ref_axis',(0.,1.,0.));
#9198=DIRECTION('center_axis',(0.,0.,-1.));
#9199=DIRECTION('ref_axis',(0.,1.,0.));
#9200=DIRECTION('center_axis',(0.,0.,-1.));
#9201=DIRECTION('ref_axis',(0.,1.,0.));
#9202=DIRECTION('center_axis',(0.,0.,-1.));
#9203=DIRECTION('ref_axis',(0.,1.,0.));
#9204=DIRECTION('center_axis',(0.,0.,1.));
#9205=DIRECTION('ref_axis',(0.,1.,0.));
#9206=DIRECTION('',(0.,0.,-1.));
#9207=DIRECTION('center_axis',(0.,0.,1.));
#9208=DIRECTION('ref_axis',(0.,1.,0.));
#9209=DIRECTION('center_axis',(0.,0.,1.));
#9210=DIRECTION('ref_axis',(0.,1.,0.));
#9211=DIRECTION('center_axis',(0.,0.,1.));
#9212=DIRECTION('ref_axis',(0.,1.,0.));
#9213=DIRECTION('',(8.65956056235494E-17,-0.707106781186547,0.707106781186547));
#9214=DIRECTION('center_axis',(0.,0.,1.));
#9215=DIRECTION('ref_axis',(0.,1.,0.));
#9216=DIRECTION('',(0.,0.,-1.));
#9217=DIRECTION('center_axis',(0.,0.,1.));
#9218=DIRECTION('ref_axis',(0.,1.,0.));
#9219=DIRECTION('center_axis',(0.,0.,1.));
#9220=DIRECTION('ref_axis',(0.,1.,0.));
#9221=DIRECTION('',(8.65956056235494E-17,-0.707106781186547,0.707106781186547));
#9222=DIRECTION('center_axis',(0.,0.,1.));
#9223=DIRECTION('ref_axis',(0.,1.,0.));
#9224=DIRECTION('center_axis',(0.,0.,1.));
#9225=DIRECTION('ref_axis',(0.,1.,0.));
#9226=DIRECTION('',(8.65956056235494E-17,-0.707106781186547,0.707106781186547));
#9227=DIRECTION('center_axis',(0.,0.,1.));
#9228=DIRECTION('ref_axis',(0.,1.,0.));
#9229=DIRECTION('',(0.,0.,-1.));
#9230=DIRECTION('center_axis',(0.,0.,1.));
#9231=DIRECTION('ref_axis',(0.,1.,0.));
#9232=DIRECTION('center_axis',(0.,0.,1.));
#9233=DIRECTION('ref_axis',(0.,1.,0.));
#9234=DIRECTION('center_axis',(0.,0.,1.));
#9235=DIRECTION('ref_axis',(0.,1.,0.));
#9236=DIRECTION('',(8.65956056235494E-17,-0.707106781186547,0.707106781186547));
#9237=DIRECTION('center_axis',(0.,0.,1.));
#9238=DIRECTION('ref_axis',(0.,1.,0.));
#9239=DIRECTION('',(0.,0.,-1.));
#9240=DIRECTION('center_axis',(0.,0.,1.));
#9241=DIRECTION('ref_axis',(0.,1.,0.));
#9242=DIRECTION('center_axis',(0.,0.,1.));
#9243=DIRECTION('ref_axis',(0.,1.,0.));
#9244=DIRECTION('center_axis',(0.,0.,1.));
#9245=DIRECTION('ref_axis',(0.,1.,0.));
#9246=DIRECTION('',(8.65956056235493E-17,-0.707106781186547,0.707106781186547));
#9247=DIRECTION('center_axis',(0.707106781186535,0.,-0.70710678118656));
#9248=DIRECTION('ref_axis',(-0.70710678118656,0.,-0.707106781186535));
#9249=DIRECTION('',(0.70710678118656,0.,0.707106781186535));
#9250=DIRECTION('',(0.,1.,0.));
#9251=DIRECTION('',(-0.678598344545877,-0.281084637714793,-0.678598344545829));
#9252=DIRECTION('center_axis',(0.,0.,-1.));
#9253=DIRECTION('ref_axis',(0.,1.,0.));
#9254=DIRECTION('',(0.,0.,1.));
#9255=DIRECTION('center_axis',(0.,0.,-1.));
#9256=DIRECTION('ref_axis',(0.,1.,0.));
#9257=DIRECTION('',(-8.65956056235493E-17,0.707106781186547,0.707106781186547));
#9258=DIRECTION('center_axis',(0.,0.,-1.));
#9259=DIRECTION('ref_axis',(0.,1.,0.));
#9260=DIRECTION('center_axis',(0.,0.,1.));
#9261=DIRECTION('ref_axis',(0.,1.,0.));
#9262=DIRECTION('center_axis',(0.,0.,1.));
#9263=DIRECTION('ref_axis',(0.,1.,0.));
#9264=DIRECTION('',(0.,0.,-1.));
#9265=DIRECTION('center_axis',(-0.707106781186548,0.,0.707106781186548));
#9266=DIRECTION('ref_axis',(0.707106781186548,0.,0.707106781186548));
#9267=DIRECTION('',(0.678598344545855,0.281084637714784,0.678598344545855));
#9268=DIRECTION('',(0.,1.,0.));
#9269=DIRECTION('',(0.678598344519982,-0.281084637839823,0.678598344519934));
#9270=DIRECTION('center_axis',(0.,0.707106781186548,0.707106781186548));
#9271=DIRECTION('ref_axis',(1.,0.,0.));
#9272=DIRECTION('',(1.,0.,0.));
#9273=DIRECTION('',(-0.281084637714828,-0.678598344545845,0.678598344545845));
#9274=DIRECTION('',(-0.281084637714837,0.678598344545868,-0.678598344545819));
#9275=DIRECTION('center_axis',(-0.499999999999974,0.499999999999974,0.707106781186585));
#9276=DIRECTION('ref_axis',(0.816496580927755,0.,0.577350269189585));
#9277=DIRECTION('',(0.707106781186548,0.707106781186548,0.));
#9278=DIRECTION('center_axis',(0.500000000000004,0.500000000000004,0.707106781186542));
#9279=DIRECTION('ref_axis',(0.816496580927722,0.,-0.577350269189632));
#9280=DIRECTION('',(0.707106781186548,-0.707106781186548,0.));
#9281=DIRECTION('',(-0.678598344545868,-0.281084637714837,0.678598344545819));
#9282=DIRECTION('center_axis',(0.707106781186535,0.,0.70710678118656));
#9283=DIRECTION('ref_axis',(0.70710678118656,0.,-0.707106781186535));
#9284=DIRECTION('',(0.,-1.,0.));
#9285=DIRECTION('',(-0.70710678118656,0.,0.707106781186535));
#9286=DIRECTION('center_axis',(0.,0.,-1.));
#9287=DIRECTION('ref_axis',(0.,1.,0.));
#9288=DIRECTION('center_axis',(0.,0.,-1.));
#9289=DIRECTION('ref_axis',(0.,1.,0.));
#9290=DIRECTION('',(0.,-0.707106781186535,0.70710678118656));
#9291=DIRECTION('center_axis',(0.,0.707106781186522,0.707106781186573));
#9292=DIRECTION('ref_axis',(1.,0.,0.));
#9293=DIRECTION('',(1.,0.,0.));
#9294=DIRECTION('',(0.,-0.707106781186573,0.707106781186522));
#9295=DIRECTION('center_axis',(0.,0.,1.));
#9296=DIRECTION('ref_axis',(-0.707106781186547,-0.707106781186547,0.));
#9297=DIRECTION('center_axis',(0.,0.,1.));
#9298=DIRECTION('ref_axis',(-0.707106781186548,-0.707106781186548,0.));
#9299=DIRECTION('',(-0.707106781186547,0.,0.707106781186547));
#9300=DIRECTION('center_axis',(0.707106781186548,0.,0.707106781186548));
#9301=DIRECTION('ref_axis',(0.707106781186548,0.,-0.707106781186548));
#9302=DIRECTION('',(-0.707106781186547,0.,0.707106781186547));
#9303=DIRECTION('',(0.,-1.,0.));
#9304=DIRECTION('center_axis',(0.,0.,1.));
#9305=DIRECTION('ref_axis',(-0.866025403788329,0.499999999993262,0.));
#9306=DIRECTION('',(-0.353553390605243,0.612372435751108,0.70710678113266));
#9307=DIRECTION('center_axis',(0.,0.,1.));
#9308=DIRECTION('ref_axis',(-0.866025403788329,0.499999999993262,0.));
#9309=DIRECTION('center_axis',(0.35355339058851,-0.612372435698547,0.707106781186546));
#9310=DIRECTION('ref_axis',(0.894427191002326,0.,-0.447213595495138));
#9311=DIRECTION('',(-0.353553390610932,0.612372435737412,0.707106781141676));
#9312=DIRECTION('',(-0.866025403788329,-0.499999999993262,0.));
#9313=DIRECTION('center_axis',(0.,0.,1.));
#9314=DIRECTION('ref_axis',(-0.258819050604006,0.96592582481495,0.));
#9315=DIRECTION('',(0.,0.707106781186535,0.70710678118656));
#9316=DIRECTION('center_axis',(0.,0.,1.));
#9317=DIRECTION('ref_axis',(-0.258819050604006,0.96592582481495,0.));
#9318=DIRECTION('center_axis',(0.,-0.707106781186548,0.707106781186548));
#9319=DIRECTION('ref_axis',(1.,0.,0.));
#9320=DIRECTION('',(-1.,0.,0.));
#9321=DIRECTION('',(0.281084637714806,0.67859834454585,0.67859834454585));
#9322=DIRECTION('center_axis',(-0.500000000000004,-0.500000000000004,0.707106781186542));
#9323=DIRECTION('ref_axis',(0.816496580927722,0.,0.577350269189632));
#9324=DIRECTION('',(-0.707106781186548,0.707106781186548,0.));
#9325=DIRECTION('center_axis',(-0.499999999993262,0.866025403788329,0.));
#9326=DIRECTION('ref_axis',(-0.866025403788329,-0.499999999993262,0.));
#9327=DIRECTION('',(0.,0.,-1.));
#9328=DIRECTION('',(0.866025403788329,0.499999999993262,0.));
#9329=DIRECTION('',(0.,0.,-1.));
#9330=DIRECTION('center_axis',(0.,0.,1.));
#9331=DIRECTION('ref_axis',(-0.258819045098769,0.965925826290074,0.));
#9332=DIRECTION('center_axis',(0.,0.,-1.));
#9333=DIRECTION('ref_axis',(-0.258819050604006,0.96592582481495,0.));
#9334=DIRECTION('',(0.,0.,-1.));
#9335=DIRECTION('center_axis',(0.,1.,0.));
#9336=DIRECTION('ref_axis',(-1.,0.,0.));
#9337=DIRECTION('',(1.,0.,0.));
#9338=DIRECTION('',(0.,0.,-1.));
#9339=DIRECTION('center_axis',(0.707106781186548,0.707106781186548,0.));
#9340=DIRECTION('ref_axis',(-0.707106781186548,0.707106781186548,0.));
#9341=DIRECTION('',(0.707106781186548,-0.707106781186548,0.));
#9342=DIRECTION('',(0.,0.,-1.));
#9343=DIRECTION('center_axis',(1.,0.,0.));
#9344=DIRECTION('ref_axis',(0.,1.,0.));
#9345=DIRECTION('',(0.,-1.,0.));
#9346=DIRECTION('',(0.,0.,-1.));
#9347=DIRECTION('center_axis',(-0.707106781186548,0.707106781186548,0.));
#9348=DIRECTION('ref_axis',(-0.707106781186548,-0.707106781186548,0.));
#9349=DIRECTION('',(-0.707106781186548,-0.707106781186548,0.));
#9350=DIRECTION('',(0.,0.,-1.));
#9351=DIRECTION('center_axis',(0.,-1.,0.));
#9352=DIRECTION('ref_axis',(1.,0.,0.));
#9353=DIRECTION('',(-1.,0.,0.));
#9354=DIRECTION('',(0.,0.,-1.));
#9355=DIRECTION('center_axis',(-0.707106781186522,0.,-0.707106781186573));
#9356=DIRECTION('ref_axis',(-0.707106781186573,0.,0.707106781186522));
#9357=DIRECTION('',(0.678598344519991,-0.281084637839778,-0.678598344519943));
#9358=DIRECTION('',(0.678598344545877,0.281084637714793,-0.678598344545829));
#9359=DIRECTION('center_axis',(-0.499999999999986,-0.499999999999986,-0.707106781186567));
#9360=DIRECTION('ref_axis',(-0.816496580927741,0.,0.577350269189605));
#9361=DIRECTION('',(0.281084637714815,0.678598344545872,-0.678598344545824));
#9362=DIRECTION('center_axis',(0.,0.,1.));
#9363=DIRECTION('ref_axis',(0.,1.,0.));
#9364=DIRECTION('',(0.,0.707106781186535,0.70710678118656));
#9365=DIRECTION('center_axis',(0.,0.,1.));
#9366=DIRECTION('ref_axis',(0.,1.,0.));
#9367=DIRECTION('center_axis',(0.,0.707106781186522,-0.707106781186573));
#9368=DIRECTION('ref_axis',(-1.,0.,0.));
#9369=DIRECTION('',(0.,0.707106781186573,0.707106781186522));
#9370=DIRECTION('',(-1.,0.,0.));
#9371=DIRECTION('center_axis',(0.,0.,-1.));
#9372=DIRECTION('ref_axis',(-0.707106781186547,-0.707106781186547,0.));
#9373=DIRECTION('',(0.707106781186547,0.,0.707106781186547));
#9374=DIRECTION('center_axis',(0.,0.,-1.));
#9375=DIRECTION('ref_axis',(-0.707106781186548,-0.707106781186548,0.));
#9376=DIRECTION('center_axis',(0.707106781186522,0.,-0.707106781186573));
#9377=DIRECTION('ref_axis',(-0.707106781186573,0.,-0.707106781186522));
#9378=DIRECTION('',(0.707106781186573,0.,0.707106781186522));
#9379=DIRECTION('',(0.,1.,0.));
#9380=DIRECTION('center_axis',(0.,0.,-1.));
#9381=DIRECTION('ref_axis',(-0.866025403788329,0.499999999993262,0.));
#9382=DIRECTION('',(0.353553390605243,-0.612372435751108,0.70710678113266));
#9383=DIRECTION('center_axis',(0.,0.,-1.));
#9384=DIRECTION('ref_axis',(-0.866025403788329,0.499999999993262,0.));
#9385=DIRECTION('center_axis',(0.353553390588497,-0.612372435698525,-0.707106781186571));
#9386=DIRECTION('ref_axis',(-0.894427191002338,0.,-0.447213595495113));
#9387=DIRECTION('',(0.353553390610945,-0.612372435737434,0.707106781141651));
#9388=DIRECTION('center_axis',(0.,0.,-1.));
#9389=DIRECTION('ref_axis',(-0.258819050604006,0.96592582481495,0.));
#9390=DIRECTION('',(0.,-0.707106781186535,0.70710678118656));
#9391=DIRECTION('center_axis',(0.,-0.707106781186522,-0.707106781186573));
#9392=DIRECTION('ref_axis',(-1.,0.,0.));
#9393=DIRECTION('center_axis',(0.499999999999986,0.499999999999986,-0.707106781186567));
#9394=DIRECTION('ref_axis',(-0.816496580927741,0.,-0.577350269189605));
#9395=DIRECTION('',(-0.707106781186548,0.707106781186548,0.));
#9396=DIRECTION('',(-0.281084637714793,-0.678598344545877,-0.678598344545829));
#9397=DIRECTION('center_axis',(0.,0.707106781186522,-0.707106781186573));
#9398=DIRECTION('ref_axis',(-1.,0.,0.));
#9399=DIRECTION('',(0.281084637714793,-0.678598344545877,-0.678598344545829));
#9400=DIRECTION('center_axis',(-0.500000000000017,0.500000000000017,-0.707106781186524));
#9401=DIRECTION('ref_axis',(-0.816496580927708,0.,0.577350269189651));
#9402=DIRECTION('center_axis',(0.,0.,1.));
#9403=DIRECTION('ref_axis',(-0.866025403778324,0.500000000010591,0.));
#9404=DIRECTION('',(0.,0.,-1.));
#9405=DIRECTION('center_axis',(-1.,0.,0.));
#9406=DIRECTION('ref_axis',(0.,0.,1.));
#9407=DIRECTION('',(0.,0.,-1.));
#9408=DIRECTION('center_axis',(0.,0.,1.));
#9409=DIRECTION('ref_axis',(-0.707106781186548,-0.707106781186547,0.));
#9410=DIRECTION('',(0.,0.,-1.));
#9411=DIRECTION('center_axis',(0.,1.,0.));
#9412=DIRECTION('ref_axis',(0.,0.,-1.));
#9413=DIRECTION('',(0.,0.,-1.));
#9414=DIRECTION('center_axis',(0.,0.,1.));
#9415=DIRECTION('ref_axis',(0.,1.,0.));
#9416=DIRECTION('',(0.,0.,-1.));
#9417=DIRECTION('center_axis',(-1.,0.,0.));
#9418=DIRECTION('ref_axis',(0.,1.,0.));
#9419=DIRECTION('',(0.,0.,1.));
#9420=DIRECTION('center_axis',(0.,0.,1.));
#9421=DIRECTION('ref_axis',(0.,1.,0.));
#9422=DIRECTION('',(8.65956056235493E-17,-0.707106781186547,0.707106781186547));
#9423=DIRECTION('center_axis',(0.,0.,-1.));
#9424=DIRECTION('ref_axis',(0.,1.,0.));
#9425=DIRECTION('',(-8.65956056235493E-17,-0.707106781186548,-0.707106781186548));
#9426=DIRECTION('center_axis',(0.,0.,-1.));
#9427=DIRECTION('ref_axis',(0.,1.,0.));
#9428=DIRECTION('',(-8.65956056235493E-17,-0.707106781186548,-0.707106781186548));
#9429=DIRECTION('center_axis',(0.,0.,-1.));
#9430=DIRECTION('ref_axis',(0.,1.,0.));
#9431=DIRECTION('',(-8.65956056235493E-17,-0.707106781186548,-0.707106781186548));
#9432=DIRECTION('center_axis',(0.,0.,-1.));
#9433=DIRECTION('ref_axis',(0.,1.,0.));
#9434=DIRECTION('',(-8.65956056235493E-17,-0.707106781186548,-0.707106781186548));
#9435=DIRECTION('center_axis',(0.,0.,1.));
#9436=DIRECTION('ref_axis',(1.,0.,0.));
#9437=DIRECTION('center_axis',(0.,0.,1.));
#9438=DIRECTION('ref_axis',(1.,0.,0.));
#9439=DIRECTION('center_axis',(0.,0.,1.));
#9440=DIRECTION('ref_axis',(1.,0.,0.));
#9441=DIRECTION('center_axis',(0.,0.,1.));
#9442=DIRECTION('ref_axis',(1.,0.,0.));
#9443=DIRECTION('center_axis',(-0.707106781186548,-0.707106781186548,0.));
#9444=DIRECTION('ref_axis',(0.707106781186548,-0.707106781186548,0.));
#9445=DIRECTION('center_axis',(0.,-1.,0.));
#9446=DIRECTION('ref_axis',(-1.83697019872103E-16,0.,1.));
#9447=DIRECTION('center_axis',(0.,1.,0.));
#9448=DIRECTION('ref_axis',(1.,0.,0.));
#9449=DIRECTION('center_axis',(0.,1.,0.));
#9450=DIRECTION('ref_axis',(1.,0.,0.));
#9451=DIRECTION('center_axis',(0.,-1.,0.));
#9452=DIRECTION('ref_axis',(1.,0.,0.));
#9453=DIRECTION('center_axis',(0.,1.,0.));
#9454=DIRECTION('ref_axis',(1.,0.,0.));
#9455=DIRECTION('',(0.,1.,0.));
#9456=DIRECTION('center_axis',(0.,-0.54030230586814,-0.841470984807897));
#9457=DIRECTION('ref_axis',(0.,0.841470984807897,-0.54030230586814));
#9458=DIRECTION('',(0.,-1.,0.));
#9459=DIRECTION('',(0.,1.,0.));
#9460=DIRECTION('center_axis',(0.,1.,0.));
#9461=DIRECTION('ref_axis',(1.,0.,0.));
#9462=DIRECTION('center_axis',(0.,0.,1.));
#9463=DIRECTION('ref_axis',(1.,0.,0.));
#9464=DIRECTION('',(-1.,0.,0.));
#9465=DIRECTION('',(1.,0.,0.));
#9466=DIRECTION('center_axis',(0.,-0.54030230586814,-0.841470984807897));
#9467=DIRECTION('ref_axis',(0.,0.841470984807897,-0.54030230586814));
#9468=DIRECTION('center_axis',(0.,0.,-1.));
#9469=DIRECTION('ref_axis',(0.,1.,0.));
#9470=DIRECTION('center_axis',(0.,0.,1.));
#9471=DIRECTION('ref_axis',(0.,1.,0.));
#9472=DIRECTION('',(1.13142611228772E-16,-0.923879532511301,-0.382683432365054));
#9473=DIRECTION('center_axis',(0.,0.,-1.));
#9474=DIRECTION('ref_axis',(0.,1.,0.));
#9475=DIRECTION('center_axis',(0.,0.,1.));
#9476=DIRECTION('ref_axis',(1.,0.,0.));
#9477=DIRECTION('',(0.,1.,0.));
#9478=DIRECTION('center_axis',(0.,0.,-1.));
#9479=DIRECTION('ref_axis',(1.,0.,0.));
#9480=DIRECTION('center_axis',(0.,0.,-1.));
#9481=DIRECTION('ref_axis',(1.,0.,0.));
#9482=DIRECTION('',(0.,1.,0.));
#9483=DIRECTION('',(0.707106781186548,0.707106781186548,0.));
#9484=DIRECTION('',(1.,0.,0.));
#9485=DIRECTION('',(0.707106781186547,-0.707106781186547,0.));
#9486=DIRECTION('',(0.,-1.,0.));
#9487=DIRECTION('',(-0.707106781186548,-0.707106781186548,0.));
#9488=DIRECTION('',(-1.,0.,0.));
#9489=DIRECTION('center_axis',(0.,0.,1.));
#9490=DIRECTION('ref_axis',(0.258819050604006,0.96592582481495,0.));
#9491=DIRECTION('',(-0.866025403788329,0.499999999993262,0.));
#9492=DIRECTION('center_axis',(0.,0.,1.));
#9493=DIRECTION('ref_axis',(0.866025403788329,0.499999999993262,0.));
#9494=DIRECTION('',(0.,1.,0.));
#9495=DIRECTION('center_axis',(0.,0.,1.));
#9496=DIRECTION('ref_axis',(0.707106781186548,-0.707106781186548,0.));
#9497=DIRECTION('',(1.,0.,0.));
#9498=DIRECTION('center_axis',(0.,0.,-1.));
#9499=DIRECTION('ref_axis',(-2.22044604925031E-15,1.,0.));
#9500=DIRECTION('center_axis',(0.,0.,-1.));
#9501=DIRECTION('ref_axis',(0.,1.,0.));
#9502=DIRECTION('center_axis',(0.,0.,-1.));
#9503=DIRECTION('ref_axis',(0.,1.,0.));
#9504=DIRECTION('center_axis',(0.,0.,-1.));
#9505=DIRECTION('ref_axis',(0.,1.,0.));
#9506=DIRECTION('center_axis',(0.,0.,-1.));
#9507=DIRECTION('ref_axis',(0.,1.,0.));
#9508=DIRECTION('center_axis',(0.,0.,-1.));
#9509=DIRECTION('ref_axis',(0.,1.,0.));
#9510=DIRECTION('center_axis',(0.,0.,-1.));
#9511=DIRECTION('ref_axis',(0.,1.,0.));
#9512=DIRECTION('center_axis',(0.,0.,-1.));
#9513=DIRECTION('ref_axis',(0.,1.,0.));
#9514=DIRECTION('center_axis',(0.,0.,-1.));
#9515=DIRECTION('ref_axis',(0.,1.,0.));
#9516=DIRECTION('center_axis',(0.,0.,-1.));
#9517=DIRECTION('ref_axis',(0.,1.,0.));
#9518=DIRECTION('center_axis',(0.,0.,-1.));
#9519=DIRECTION('ref_axis',(0.,1.,0.));
#9520=DIRECTION('',(8.65956056235494E-17,0.707106781186547,0.707106781186547));
#9521=DIRECTION('center_axis',(0.,0.,1.));
#9522=DIRECTION('ref_axis',(0.,1.,0.));
#9523=DIRECTION('center_axis',(0.,0.,-1.));
#9524=DIRECTION('ref_axis',(0.,1.,0.));
#9525=DIRECTION('',(8.65956056235493E-17,0.707106781186547,0.707106781186547));
#9526=DIRECTION('center_axis',(0.,0.,1.));
#9527=DIRECTION('ref_axis',(0.,1.,0.));
#9528=DIRECTION('center_axis',(0.,0.,-1.));
#9529=DIRECTION('ref_axis',(0.,1.,0.));
#9530=DIRECTION('center_axis',(0.,0.,-1.));
#9531=DIRECTION('ref_axis',(0.,1.,0.));
#9532=DIRECTION('',(0.,0.,-1.));
#9533=DIRECTION('center_axis',(0.,0.,-1.));
#9534=DIRECTION('ref_axis',(0.,1.,0.));
#9535=DIRECTION('',(8.65956056235493E-17,0.707106781186547,0.707106781186547));
#9536=DIRECTION('center_axis',(0.,0.,1.));
#9537=DIRECTION('ref_axis',(0.,1.,0.));
#9538=DIRECTION('center_axis',(0.,0.,-1.));
#9539=DIRECTION('ref_axis',(0.,1.,0.));
#9540=DIRECTION('center_axis',(0.,0.,-1.));
#9541=DIRECTION('ref_axis',(0.,1.,0.));
#9542=DIRECTION('',(0.,0.,-1.));
#9543=DIRECTION('center_axis',(0.,0.,-1.));
#9544=DIRECTION('ref_axis',(0.,1.,0.));
#9545=DIRECTION('',(8.65956056235493E-17,0.707106781186547,0.707106781186547));
#9546=DIRECTION('center_axis',(0.,0.,1.));
#9547=DIRECTION('ref_axis',(0.,1.,0.));
#9548=DIRECTION('center_axis',(0.,0.,-1.));
#9549=DIRECTION('ref_axis',(0.,1.,0.));
#9550=DIRECTION('center_axis',(0.,0.,-1.));
#9551=DIRECTION('ref_axis',(0.,1.,0.));
#9552=DIRECTION('',(0.,0.,-1.));
#9553=DIRECTION('',(-6.2803698347344E-14,0.707106781186516,-0.707106781186579));
#9554=DIRECTION('center_axis',(0.,0.,1.));
#9555=DIRECTION('ref_axis',(0.,1.,0.));
#9556=DIRECTION('',(0.,0.,1.));
#9557=DIRECTION('center_axis',(0.,0.,-1.));
#9558=DIRECTION('ref_axis',(0.,1.,0.));
#9559=DIRECTION('center_axis',(0.,1.,0.));
#9560=DIRECTION('ref_axis',(1.,0.,0.));
#9561=DIRECTION('center_axis',(0.,1.,0.));
#9562=DIRECTION('ref_axis',(1.,0.,0.));
#9563=DIRECTION('',(0.707106781186547,-0.707106781186547,-8.65956056235494E-17));
#9564=DIRECTION('center_axis',(0.,-1.,0.));
#9565=DIRECTION('ref_axis',(1.,0.,0.));
#9566=DIRECTION('center_axis',(0.,1.,0.));
#9567=DIRECTION('ref_axis',(1.,0.,0.));
#9568=DIRECTION('center_axis',(0.,1.,0.));
#9569=DIRECTION('ref_axis',(1.,0.,0.));
#9570=DIRECTION('',(0.,1.,0.));
#9571=DIRECTION('center_axis',(0.,-1.,0.));
#9572=DIRECTION('ref_axis',(0.,0.,-1.));
#9573=DIRECTION('',(-1.,0.,0.));
#9574=DIRECTION('',(0.,0.,1.));
#9575=DIRECTION('',(1.,0.,0.));
#9576=DIRECTION('',(0.,0.,1.));
#9577=DIRECTION('center_axis',(0.,-1.,0.));
#9578=DIRECTION('ref_axis',(1.,0.,0.));
#9579=DIRECTION('center_axis',(0.,-1.,0.));
#9580=DIRECTION('ref_axis',(1.,0.,0.));
#9581=DIRECTION('',(0.707106781186547,0.707106781186547,8.65956056235494E-17));
#9582=DIRECTION('center_axis',(0.,1.,0.));
#9583=DIRECTION('ref_axis',(0.,0.,1.));
#9584=DIRECTION('center_axis',(0.,0.,-1.));
#9585=DIRECTION('ref_axis',(0.,1.,0.));
#9586=DIRECTION('',(8.65956056235493E-17,0.707106781186547,0.707106781186547));
#9587=DIRECTION('center_axis',(0.,0.,1.));
#9588=DIRECTION('ref_axis',(0.,1.,0.));
#9589=DIRECTION('center_axis',(0.,0.,-1.));
#9590=DIRECTION('ref_axis',(0.,1.,0.));
#9591=DIRECTION('center_axis',(0.,0.,-1.));
#9592=DIRECTION('ref_axis',(0.,1.,0.));
#9593=DIRECTION('',(0.,0.,-1.));
#9594=DIRECTION('center_axis',(0.,0.,-1.));
#9595=DIRECTION('ref_axis',(0.,1.,0.));
#9596=DIRECTION('',(8.65956056235493E-17,0.707106781186547,0.707106781186547));
#9597=DIRECTION('center_axis',(0.,0.,1.));
#9598=DIRECTION('ref_axis',(0.,1.,0.));
#9599=DIRECTION('center_axis',(0.,0.,-1.));
#9600=DIRECTION('ref_axis',(0.,1.,0.));
#9601=DIRECTION('center_axis',(0.,0.,-1.));
#9602=DIRECTION('ref_axis',(0.,1.,0.));
#9603=DIRECTION('',(0.,0.,-1.));
#9604=DIRECTION('center_axis',(0.,0.,-1.));
#9605=DIRECTION('ref_axis',(0.,1.,0.));
#9606=DIRECTION('',(8.65956056235493E-17,0.707106781186548,0.707106781186548));
#9607=DIRECTION('center_axis',(0.,0.,1.));
#9608=DIRECTION('ref_axis',(0.,1.,0.));
#9609=DIRECTION('center_axis',(0.,0.,-1.));
#9610=DIRECTION('ref_axis',(0.,1.,0.));
#9611=DIRECTION('center_axis',(0.,0.,1.));
#9612=DIRECTION('ref_axis',(1.,0.,0.));
#9613=DIRECTION('',(0.,0.,-1.));
#9614=DIRECTION('center_axis',(0.,0.,-1.));
#9615=DIRECTION('ref_axis',(0.,1.,0.));
#9616=DIRECTION('',(8.65956056235493E-17,0.707106781186547,0.707106781186547));
#9617=DIRECTION('center_axis',(0.,0.,1.));
#9618=DIRECTION('ref_axis',(0.,1.,0.));
#9619=DIRECTION('center_axis',(0.,0.,-1.));
#9620=DIRECTION('ref_axis',(0.,1.,0.));
#9621=DIRECTION('center_axis',(0.,0.,-1.));
#9622=DIRECTION('ref_axis',(0.,1.,0.));
#9623=DIRECTION('',(0.,0.,-1.));
#9624=DIRECTION('center_axis',(0.,0.,-1.));
#9625=DIRECTION('ref_axis',(0.,1.,0.));
#9626=DIRECTION('center_axis',(0.,0.,-1.));
#9627=DIRECTION('ref_axis',(0.,1.,0.));
#9628=DIRECTION('',(0.,0.,-1.));
#9629=DIRECTION('center_axis',(0.,0.,1.));
#9630=DIRECTION('ref_axis',(0.,1.,0.));
#9631=DIRECTION('center_axis',(0.,0.,-1.));
#9632=DIRECTION('ref_axis',(0.,1.,0.));
#9633=DIRECTION('',(-8.65956056235493E-17,-0.707106781186547,0.707106781186547));
#9634=DIRECTION('center_axis',(0.,0.,1.));
#9635=DIRECTION('ref_axis',(0.,1.,0.));
#9636=DIRECTION('center_axis',(0.,0.,-1.));
#9637=DIRECTION('ref_axis',(0.,1.,0.));
#9638=DIRECTION('',(0.,0.,-1.));
#9639=DIRECTION('center_axis',(0.,0.,1.));
#9640=DIRECTION('ref_axis',(1.,0.,0.));
#9641=DIRECTION('center_axis',(0.,0.,1.));
#9642=DIRECTION('ref_axis',(1.,0.,0.));
#9643=DIRECTION('center_axis',(0.,0.,1.));
#9644=DIRECTION('ref_axis',(0.,1.,0.));
#9645=DIRECTION('',(-8.65956056235493E-17,-0.707106781186547,0.707106781186547));
#9646=DIRECTION('center_axis',(0.,0.,1.));
#9647=DIRECTION('ref_axis',(0.,1.,0.));
#9648=DIRECTION('center_axis',(0.,0.,1.));
#9649=DIRECTION('ref_axis',(1.,0.,0.));
#9650=DIRECTION('center_axis',(0.,0.,1.));
#9651=DIRECTION('ref_axis',(1.,0.,0.));
#9652=DIRECTION('center_axis',(0.,0.,1.));
#9653=DIRECTION('ref_axis',(0.,1.,0.));
#9654=DIRECTION('',(-8.65956056235493E-17,-0.707106781186547,0.707106781186547));
#9655=DIRECTION('center_axis',(0.,0.,1.));
#9656=DIRECTION('ref_axis',(0.,1.,0.));
#9657=DIRECTION('center_axis',(0.,0.,1.));
#9658=DIRECTION('ref_axis',(1.,0.,0.));
#9659=DIRECTION('center_axis',(0.,0.,1.));
#9660=DIRECTION('ref_axis',(1.,0.,0.));
#9661=DIRECTION('center_axis',(0.,0.,1.));
#9662=DIRECTION('ref_axis',(0.,1.,0.));
#9663=DIRECTION('',(-8.65956056235493E-17,-0.707106781186547,0.707106781186547));
#9664=DIRECTION('center_axis',(0.,0.,1.));
#9665=DIRECTION('ref_axis',(0.,1.,0.));
#9666=DIRECTION('center_axis',(0.,0.,1.));
#9667=DIRECTION('ref_axis',(1.,0.,0.));
#9668=DIRECTION('center_axis',(0.,0.,1.));
#9669=DIRECTION('ref_axis',(1.,0.,0.));
#9670=DIRECTION('center_axis',(0.,0.,1.));
#9671=DIRECTION('ref_axis',(0.,1.,0.));
#9672=DIRECTION('',(-8.65956056235493E-17,-0.707106781186547,0.707106781186547));
#9673=DIRECTION('center_axis',(0.,0.,1.));
#9674=DIRECTION('ref_axis',(0.,1.,0.));
#9675=DIRECTION('center_axis',(0.,0.,1.));
#9676=DIRECTION('ref_axis',(1.,0.,0.));
#9677=DIRECTION('center_axis',(0.,0.,1.));
#9678=DIRECTION('ref_axis',(1.,0.,0.));
#9679=DIRECTION('center_axis',(0.,0.,1.));
#9680=DIRECTION('ref_axis',(0.,1.,0.));
#9681=DIRECTION('',(-8.65956056235493E-17,-0.707106781186547,0.707106781186547));
#9682=DIRECTION('center_axis',(0.,0.,1.));
#9683=DIRECTION('ref_axis',(0.,1.,0.));
#9684=DIRECTION('center_axis',(0.,0.,1.));
#9685=DIRECTION('ref_axis',(1.,0.,0.));
#9686=DIRECTION('center_axis',(0.,0.,1.));
#9687=DIRECTION('ref_axis',(1.,0.,0.));
#9688=DIRECTION('center_axis',(0.,0.,1.));
#9689=DIRECTION('ref_axis',(0.,1.,0.));
#9690=DIRECTION('',(-8.65956056235493E-17,-0.707106781186547,0.707106781186547));
#9691=DIRECTION('center_axis',(0.,0.,1.));
#9692=DIRECTION('ref_axis',(0.,1.,0.));
#9693=DIRECTION('center_axis',(0.,0.,1.));
#9694=DIRECTION('ref_axis',(1.,0.,0.));
#9695=DIRECTION('center_axis',(0.,0.,1.));
#9696=DIRECTION('ref_axis',(1.,0.,0.));
#9697=DIRECTION('center_axis',(0.,0.,1.));
#9698=DIRECTION('ref_axis',(0.,1.,0.));
#9699=DIRECTION('',(-8.65956056235493E-17,-0.707106781186547,0.707106781186547));
#9700=DIRECTION('center_axis',(0.,0.,1.));
#9701=DIRECTION('ref_axis',(0.,1.,0.));
#9702=DIRECTION('center_axis',(0.,0.,1.));
#9703=DIRECTION('ref_axis',(1.,0.,0.));
#9704=DIRECTION('center_axis',(0.,0.,1.));
#9705=DIRECTION('ref_axis',(1.,0.,0.));
#9706=DIRECTION('center_axis',(0.,0.,-1.));
#9707=DIRECTION('ref_axis',(0.,1.,0.));
#9708=DIRECTION('',(8.65956056235493E-17,0.707106781186548,0.707106781186548));
#9709=DIRECTION('center_axis',(0.,0.,1.));
#9710=DIRECTION('ref_axis',(0.,1.,0.));
#9711=DIRECTION('center_axis',(0.,0.,-1.));
#9712=DIRECTION('ref_axis',(0.,1.,0.));
#9713=DIRECTION('center_axis',(0.,0.,-1.));
#9714=DIRECTION('ref_axis',(0.,1.,0.));
#9715=DIRECTION('',(0.,0.,-1.));
#9716=DIRECTION('center_axis',(-0.499999999999992,-0.499999999999992,-0.70710678118656));
#9717=DIRECTION('ref_axis',(-0.816496580927735,0.,0.577350269189613));
#9718=DIRECTION('',(-0.281084637714828,-0.678598344545845,0.678598344545845));
#9719=DIRECTION('',(-0.707106781186548,0.707106781186548,0.));
#9720=DIRECTION('',(-0.67859834451996,-0.281084637839814,0.67859834451996));
#9721=DIRECTION('center_axis',(-0.707106781186548,0.,-0.707106781186548));
#9722=DIRECTION('ref_axis',(-0.707106781186548,0.,0.707106781186548));
#9723=DIRECTION('',(0.,1.,0.));
#9724=DIRECTION('',(0.678598344545855,-0.281084637714784,-0.678598344545855));
#9725=DIRECTION('center_axis',(0.,-0.707106781186548,-0.707106781186548));
#9726=DIRECTION('ref_axis',(-1.,0.,0.));
#9727=DIRECTION('',(0.281084637714828,-0.678598344545845,0.678598344545845));
#9728=DIRECTION('',(-1.,0.,0.));
#9729=DIRECTION('center_axis',(0.70710678118656,0.,-0.707106781186535));
#9730=DIRECTION('ref_axis',(-0.707106781186535,0.,-0.70710678118656));
#9731=DIRECTION('',(0.707106781186535,0.,0.70710678118656));
#9732=DIRECTION('',(0.,-1.,0.));
#9733=DIRECTION('',(-0.678598344545845,0.281084637714828,-0.678598344545845));
#9734=DIRECTION('center_axis',(0.,0.,-1.));
#9735=DIRECTION('ref_axis',(-2.22044604925031E-15,1.,0.));
#9736=DIRECTION('',(0.,-0.707106781186535,0.70710678118656));
#9737=DIRECTION('center_axis',(0.,0.,1.));
#9738=DIRECTION('ref_axis',(-2.22044604925031E-15,1.,0.));
#9739=DIRECTION('center_axis',(0.,-0.707106781186548,-0.707106781186548));
#9740=DIRECTION('ref_axis',(-1.,0.,0.));
#9741=DIRECTION('',(0.,-0.707106781186547,0.707106781186547));
#9742=DIRECTION('',(-1.,0.,0.));
#9743=DIRECTION('center_axis',(0.,0.,1.));
#9744=DIRECTION('ref_axis',(0.707106781186547,-0.707106781186547,0.));
#9745=DIRECTION('',(0.707106781186547,0.,0.707106781186547));
#9746=DIRECTION('center_axis',(0.,0.,-1.));
#9747=DIRECTION('ref_axis',(0.707106781186548,-0.707106781186548,0.));
#9748=DIRECTION('center_axis',(0.707106781186548,0.,-0.707106781186548));
#9749=DIRECTION('ref_axis',(-0.707106781186548,0.,-0.707106781186548));
#9750=DIRECTION('',(0.707106781186547,0.,0.707106781186547));
#9751=DIRECTION('',(0.,-1.,0.));
#9752=DIRECTION('center_axis',(0.,0.,1.));
#9753=DIRECTION('ref_axis',(0.866025403788329,0.499999999993262,0.));
#9754=DIRECTION('',(0.353553390605243,0.612372435751108,0.70710678113266));
#9755=DIRECTION('center_axis',(0.,0.,-1.));
#9756=DIRECTION('ref_axis',(0.866025403788329,0.499999999993262,0.));
#9757=DIRECTION('center_axis',(0.35355339058851,0.612372435698547,-0.707106781186546));
#9758=DIRECTION('ref_axis',(-0.894427191002326,0.,-0.447213595495138));
#9759=DIRECTION('',(0.353553390610932,0.612372435737412,0.707106781141676));
#9760=DIRECTION('',(0.866025403788329,-0.499999999993262,0.));
#9761=DIRECTION('center_axis',(0.,0.,1.));
#9762=DIRECTION('ref_axis',(0.258819050604006,0.96592582481495,0.));
#9763=DIRECTION('',(0.,0.707106781186535,0.70710678118656));
#9764=DIRECTION('center_axis',(0.,0.,-1.));
#9765=DIRECTION('ref_axis',(0.258819050604006,0.96592582481495,0.));
#9766=DIRECTION('center_axis',(0.,0.707106781186548,-0.707106781186548));
#9767=DIRECTION('ref_axis',(-1.,0.,0.));
#9768=DIRECTION('',(1.,0.,0.));
#9769=DIRECTION('',(-0.281084637714806,0.67859834454585,0.67859834454585));
#9770=DIRECTION('center_axis',(0.500000000000004,-0.500000000000004,-0.707106781186542));
#9771=DIRECTION('ref_axis',(-0.816496580927722,0.,-0.577350269189632));
#9772=DIRECTION('',(-0.707106781186548,-0.707106781186548,0.));
#9773=DIRECTION('center_axis',(-0.500000000000004,0.500000000000004,-0.707106781186542));
#9774=DIRECTION('ref_axis',(-0.816496580927722,0.,0.577350269189632));
#9775=DIRECTION('',(0.707106781186548,0.707106781186548,0.));
#9776=DIRECTION('center_axis',(0.,0.,-1.));
#9777=DIRECTION('ref_axis',(1.,0.,0.));
#9778=DIRECTION('',(0.707106781186548,-8.65956056235493E-17,0.707106781186548));
#9779=DIRECTION('center_axis',(0.,0.,1.));
#9780=DIRECTION('ref_axis',(1.,0.,0.));
#9781=DIRECTION('center_axis',(0.,-1.,0.));
#9782=DIRECTION('ref_axis',(1.,0.,0.));
#9783=DIRECTION('',(0.,0.,-1.));
#9784=DIRECTION('',(-1.,0.,0.));
#9785=DIRECTION('',(0.,0.,-1.));
#9786=DIRECTION('center_axis',(0.707106781186548,-0.707106781186548,0.));
#9787=DIRECTION('ref_axis',(0.707106781186548,0.707106781186548,0.));
#9788=DIRECTION('',(0.,0.,-1.));
#9789=DIRECTION('',(-0.707106781186548,-0.707106781186548,0.));
#9790=DIRECTION('center_axis',(1.,0.,0.));
#9791=DIRECTION('ref_axis',(0.,1.,0.));
#9792=DIRECTION('',(0.,0.,-1.));
#9793=DIRECTION('',(0.,-1.,0.));
#9794=DIRECTION('center_axis',(-0.707106781186548,-0.707106781186548,0.));
#9795=DIRECTION('ref_axis',(0.707106781186548,-0.707106781186548,0.));
#9796=DIRECTION('',(0.,0.,-1.));
#9797=DIRECTION('',(0.707106781186548,-0.707106781186548,0.));
#9798=DIRECTION('center_axis',(0.,1.,0.));
#9799=DIRECTION('ref_axis',(-1.,0.,0.));
#9800=DIRECTION('',(0.,0.,-1.));
#9801=DIRECTION('',(1.,0.,0.));
#9802=DIRECTION('center_axis',(-0.707106781186548,0.707106781186548,0.));
#9803=DIRECTION('ref_axis',(-0.707106781186548,-0.707106781186548,0.));
#9804=DIRECTION('',(0.,0.,1.));
#9805=DIRECTION('',(0.707106781186548,0.707106781186548,0.));
#9806=DIRECTION('center_axis',(-1.,0.,0.));
#9807=DIRECTION('ref_axis',(0.,1.,0.));
#9808=DIRECTION('',(0.,0.,-1.));
#9809=DIRECTION('',(0.,1.,0.));
#9810=DIRECTION('center_axis',(0.,0.,-1.));
#9811=DIRECTION('ref_axis',(1.,0.,0.));
#9812=DIRECTION('center_axis',(0.,0.,-1.));
#9813=DIRECTION('ref_axis',(-1.,0.,0.));
#9814=DIRECTION('center_axis',(0.,0.,-1.));
#9815=DIRECTION('ref_axis',(-1.,0.,0.));
#9816=DIRECTION('',(0.,0.,-1.));
#9817=DIRECTION('center_axis',(0.,0.,1.));
#9818=DIRECTION('ref_axis',(0.,1.,0.));
#9819=DIRECTION('',(-8.65956056235493E-17,-0.707106781186548,0.707106781186548));
#9820=DIRECTION('center_axis',(0.,0.,1.));
#9821=DIRECTION('ref_axis',(0.,1.,0.));
#9822=DIRECTION('center_axis',(0.,0.,1.));
#9823=DIRECTION('ref_axis',(0.,1.,0.));
#9824=DIRECTION('center_axis',(0.,0.,1.));
#9825=DIRECTION('ref_axis',(1.,0.,0.));
#9826=DIRECTION('center_axis',(0.,0.,1.));
#9827=DIRECTION('ref_axis',(-1.,0.,0.));
#9828=DIRECTION('',(0.,-1.,0.));
#9829=DIRECTION('center_axis',(0.,0.,1.));
#9830=DIRECTION('ref_axis',(-2.22044604925031E-15,1.,0.));
#9831=DIRECTION('center_axis',(0.,0.,-1.));
#9832=DIRECTION('ref_axis',(1.,0.,0.));
#9833=DIRECTION('',(0.,1.,0.));
#9834=DIRECTION('center_axis',(0.,0.,1.));
#9835=DIRECTION('ref_axis',(0.,1.,0.));
#9836=DIRECTION('center_axis',(0.,0.,1.));
#9837=DIRECTION('ref_axis',(0.,1.,0.));
#9838=DIRECTION('center_axis',(0.,0.,1.));
#9839=DIRECTION('ref_axis',(1.,0.,0.));
#9840=DIRECTION('center_axis',(0.,0.,1.));
#9841=DIRECTION('ref_axis',(1.,0.,0.));
#9842=DIRECTION('',(0.,-1.,0.));
#9843=DIRECTION('center_axis',(0.,0.,-1.));
#9844=DIRECTION('ref_axis',(0.866025403788329,0.499999999993262,0.));
#9845=DIRECTION('',(0.866025403788329,-0.499999999993262,0.));
#9846=DIRECTION('center_axis',(0.,0.,-1.));
#9847=DIRECTION('ref_axis',(0.258819050604006,0.96592582481495,0.));
#9848=DIRECTION('',(1.,0.,0.));
#9849=DIRECTION('',(0.707106781186548,0.707106781186548,0.));
#9850=DIRECTION('',(0.,1.,0.));
#9851=DIRECTION('',(-0.707106781186548,0.707106781186548,0.));
#9852=DIRECTION('',(-1.,0.,0.));
#9853=DIRECTION('',(-0.707106781186548,-0.707106781186548,0.));
#9854=DIRECTION('',(0.,-1.,0.));
#9855=DIRECTION('center_axis',(0.,0.,1.));
#9856=DIRECTION('ref_axis',(0.,1.,0.));
#9857=DIRECTION('center_axis',(0.,0.,1.));
#9858=DIRECTION('ref_axis',(0.,1.,0.));
#9859=DIRECTION('center_axis',(0.,0.,1.));
#9860=DIRECTION('ref_axis',(0.,1.,0.));
#9861=DIRECTION('center_axis',(0.,0.,1.));
#9862=DIRECTION('ref_axis',(0.,1.,0.));
#9863=DIRECTION('center_axis',(0.,0.,1.));
#9864=DIRECTION('ref_axis',(0.,1.,0.));
#9865=DIRECTION('center_axis',(0.,0.,1.));
#9866=DIRECTION('ref_axis',(0.,1.,0.));
#9867=DIRECTION('center_axis',(0.,0.,1.));
#9868=DIRECTION('ref_axis',(0.,1.,0.));
#9869=DIRECTION('center_axis',(0.,0.,1.));
#9870=DIRECTION('ref_axis',(0.,1.,0.));
#9871=DIRECTION('center_axis',(0.,0.,1.));
#9872=DIRECTION('ref_axis',(0.,1.,0.));
#9873=DIRECTION('center_axis',(0.,0.,1.));
#9874=DIRECTION('ref_axis',(0.,1.,0.));
#9875=DIRECTION('center_axis',(0.,0.,-1.));
#9876=DIRECTION('ref_axis',(0.,1.,0.));
#9877=DIRECTION('',(-8.65956056235493E-17,-0.707106781186547,0.707106781186547));
#9878=DIRECTION('center_axis',(0.,0.,1.));
#9879=DIRECTION('ref_axis',(0.,1.,0.));
#9880=DIRECTION('',(0.,0.,1.));
#9881=DIRECTION('center_axis',(0.,0.,1.));
#9882=DIRECTION('ref_axis',(0.,1.,0.));
#9883=DIRECTION('center_axis',(0.,0.,-1.));
#9884=DIRECTION('ref_axis',(0.,1.,0.));
#9885=DIRECTION('',(-8.65956056235493E-17,-0.707106781186547,0.707106781186547));
#9886=DIRECTION('center_axis',(0.,0.,1.));
#9887=DIRECTION('ref_axis',(0.,1.,0.));
#9888=DIRECTION('',(0.,0.,1.));
#9889=DIRECTION('center_axis',(0.,0.,1.));
#9890=DIRECTION('ref_axis',(0.,1.,0.));
#9891=DIRECTION('center_axis',(0.,0.,-1.));
#9892=DIRECTION('ref_axis',(0.,1.,0.));
#9893=DIRECTION('',(-8.65956056235493E-17,-0.707106781186547,0.707106781186547));
#9894=DIRECTION('center_axis',(0.,0.,1.));
#9895=DIRECTION('ref_axis',(0.,1.,0.));
#9896=DIRECTION('',(0.,0.,1.));
#9897=DIRECTION('center_axis',(0.,0.,1.));
#9898=DIRECTION('ref_axis',(0.,1.,0.));
#9899=DIRECTION('center_axis',(0.,0.,-1.));
#9900=DIRECTION('ref_axis',(0.,1.,0.));
#9901=DIRECTION('',(-8.65956056235493E-17,-0.707106781186547,0.707106781186547));
#9902=DIRECTION('center_axis',(0.,0.,1.));
#9903=DIRECTION('ref_axis',(0.,1.,0.));
#9904=DIRECTION('',(0.,0.,1.));
#9905=DIRECTION('center_axis',(0.,0.,1.));
#9906=DIRECTION('ref_axis',(0.,1.,0.));
#9907=DIRECTION('center_axis',(0.,0.,-1.));
#9908=DIRECTION('ref_axis',(0.,1.,0.));
#9909=DIRECTION('',(-8.65956056235493E-17,-0.707106781186547,0.707106781186547));
#9910=DIRECTION('center_axis',(0.,0.,1.));
#9911=DIRECTION('ref_axis',(0.,1.,0.));
#9912=DIRECTION('',(0.,0.,1.));
#9913=DIRECTION('center_axis',(0.,0.,1.));
#9914=DIRECTION('ref_axis',(-1.,0.,0.));
#9915=DIRECTION('',(-0.707106781186547,-8.65956056235493E-17,-0.707106781186547));
#9916=DIRECTION('center_axis',(0.,0.,1.));
#9917=DIRECTION('ref_axis',(0.,1.,0.));
#9918=DIRECTION('center_axis',(0.,0.,-1.));
#9919=DIRECTION('ref_axis',(0.,1.,0.));
#9920=DIRECTION('',(-8.65956056235493E-17,-0.707106781186547,0.707106781186547));
#9921=DIRECTION('center_axis',(0.,0.,1.));
#9922=DIRECTION('ref_axis',(0.,1.,0.));
#9923=DIRECTION('',(0.,0.,1.));
#9924=DIRECTION('center_axis',(0.,0.,1.));
#9925=DIRECTION('ref_axis',(0.,1.,0.));
#9926=DIRECTION('center_axis',(0.,0.,-1.));
#9927=DIRECTION('ref_axis',(0.,1.,0.));
#9928=DIRECTION('',(-8.65956056235493E-17,-0.707106781186547,0.707106781186547));
#9929=DIRECTION('center_axis',(0.,0.,1.));
#9930=DIRECTION('ref_axis',(0.,1.,0.));
#9931=DIRECTION('',(0.,0.,1.));
#9932=DIRECTION('center_axis',(0.,0.,1.));
#9933=DIRECTION('ref_axis',(0.,1.,0.));
#9934=DIRECTION('center_axis',(0.,0.,-1.));
#9935=DIRECTION('ref_axis',(0.,1.,0.));
#9936=DIRECTION('',(-8.65956056235493E-17,-0.707106781186547,0.707106781186547));
#9937=DIRECTION('center_axis',(0.,0.,1.));
#9938=DIRECTION('ref_axis',(0.,1.,0.));
#9939=DIRECTION('',(0.,0.,1.));
#9940=DIRECTION('center_axis',(0.707106781186548,0.,0.707106781186548));
#9941=DIRECTION('ref_axis',(0.707106781186548,0.,-0.707106781186548));
#9942=DIRECTION('center_axis',(0.707106781186548,0.,0.707106781186548));
#9943=DIRECTION('ref_axis',(-0.707106781186548,0.,0.707106781186548));
#9944=DIRECTION('',(0.,1.,0.));
#9945=DIRECTION('',(-0.707106781186547,0.,0.707106781186547));
#9946=DIRECTION('center_axis',(0.,0.,-1.));
#9947=DIRECTION('ref_axis',(0.866025403788329,0.499999999993262,0.));
#9948=DIRECTION('',(-0.353553390605243,-0.612372435751108,0.70710678113266));
#9949=DIRECTION('center_axis',(0.,0.,1.));
#9950=DIRECTION('ref_axis',(0.866025403788329,0.499999999993262,0.));
#9951=DIRECTION('center_axis',(0.35355339058851,0.612372435698547,0.707106781186546));
#9952=DIRECTION('ref_axis',(0.894427191002326,0.,-0.447213595495138));
#9953=DIRECTION('',(-0.353553390610932,-0.612372435737412,0.707106781141676));
#9954=DIRECTION('',(-0.866025403788329,0.499999999993262,0.));
#9955=DIRECTION('center_axis',(0.,0.,-1.));
#9956=DIRECTION('ref_axis',(0.258819050604006,0.96592582481495,0.));
#9957=DIRECTION('',(0.,-0.707106781186535,0.70710678118656));
#9958=DIRECTION('center_axis',(0.,0.,1.));
#9959=DIRECTION('ref_axis',(0.258819050604006,0.96592582481495,0.));
#9960=DIRECTION('center_axis',(0.,0.707106781186548,0.707106781186548));
#9961=DIRECTION('ref_axis',(1.,0.,0.));
#9962=DIRECTION('',(0.281084637714806,-0.67859834454585,0.67859834454585));
#9963=DIRECTION('center_axis',(-0.500000000000004,0.500000000000004,0.707106781186542));
#9964=DIRECTION('ref_axis',(0.816496580927722,0.,0.577350269189632));
#9965=DIRECTION('',(0.678598344545855,-0.281084637714784,0.678598344545855));
#9966=DIRECTION('center_axis',(-0.707106781186548,0.,0.707106781186548));
#9967=DIRECTION('ref_axis',(0.707106781186548,0.,0.707106781186548));
#9968=DIRECTION('',(0.678598344519969,0.281084637839769,0.678598344519969));
#9969=DIRECTION('center_axis',(-0.500000000000017,-0.500000000000017,0.707106781186524));
#9970=DIRECTION('ref_axis',(0.816496580927708,0.,0.577350269189651));
#9971=DIRECTION('',(0.281084637714784,0.678598344545855,0.678598344545855));
#9972=DIRECTION('center_axis',(0.,-0.707106781186548,0.707106781186548));
#9973=DIRECTION('ref_axis',(1.,0.,0.));
#9974=DIRECTION('',(-0.281084637714784,0.678598344545855,0.678598344545855));
#9975=DIRECTION('center_axis',(0.70710678118656,0.,0.707106781186535));
#9976=DIRECTION('ref_axis',(0.707106781186535,0.,-0.70710678118656));
#9977=DIRECTION('',(0.678598344545855,-0.281084637714784,-0.678598344545855));
#9978=DIRECTION('',(-0.707106781186535,0.,0.70710678118656));
#9979=DIRECTION('center_axis',(0.,0.,1.));
#9980=DIRECTION('ref_axis',(-2.22044604925031E-15,1.,0.));
#9981=DIRECTION('',(-0.0993424191137146,0.700093624999272,0.707106781186558));
#9982=DIRECTION('center_axis',(0.,0.,-1.));
#9983=DIRECTION('ref_axis',(-2.22044604925031E-15,1.,0.));
#9984=DIRECTION('center_axis',(0.500000000000004,-0.500000000000004,0.707106781186542));
#9985=DIRECTION('ref_axis',(0.816496580927722,0.,-0.577350269189632));
#9986=DIRECTION('',(0.,0.707106781186535,0.70710678118656));
#9987=DIRECTION('center_axis',(0.,-0.707106781186548,0.707106781186548));
#9988=DIRECTION('ref_axis',(1.,0.,0.));
#9989=DIRECTION('center_axis',(0.,-0.707106781186548,0.707106781186548));
#9990=DIRECTION('ref_axis',(0.,0.707106781186548,0.707106781186548));
#9991=DIRECTION('',(1.,0.,0.));
#9992=DIRECTION('center_axis',(0.,0.,-1.));
#9993=DIRECTION('ref_axis',(0.866025403778324,0.500000000010591,0.));
#9994=DIRECTION('',(0.,0.,-1.));
#9995=DIRECTION('',(0.,0.,-1.));
#9996=DIRECTION('center_axis',(-1.,0.,0.));
#9997=DIRECTION('ref_axis',(0.,0.,1.));
#9998=DIRECTION('',(0.,0.,1.));
#9999=DIRECTION('',(0.,1.,0.));
#10000=DIRECTION('',(0.,0.,-1.));
#10001=DIRECTION('',(0.,-0.707106781186522,0.707106781186573));
#10002=DIRECTION('center_axis',(0.,0.,1.));
#10003=DIRECTION('ref_axis',(0.,1.,0.));
#10004=DIRECTION('center_axis',(0.,0.,1.));
#10005=DIRECTION('ref_axis',(1.,0.,0.));
#10006=DIRECTION('',(0.,0.,1.));
#10007=DIRECTION('center_axis',(0.,-1.,0.));
#10008=DIRECTION('ref_axis',(0.,0.,-1.));
#10009=DIRECTION('',(0.,0.,-1.));
#10010=DIRECTION('',(1.,0.,0.));
#10011=DIRECTION('',(0.,0.,1.));
#10012=DIRECTION('',(0.,0.,-1.));
#10013=DIRECTION('center_axis',(0.,-0.70710678118656,0.707106781186535));
#10014=DIRECTION('ref_axis',(1.,0.,0.));
#10015=DIRECTION('',(0.,-0.707106781186535,-0.70710678118656));
#10016=DIRECTION('',(0.,0.707106781186535,0.70710678118656));
#10017=DIRECTION('',(-1.,0.,0.));
#10018=DIRECTION('center_axis',(0.,0.,-1.));
#10019=DIRECTION('ref_axis',(-0.707106781186547,-0.707106781186547,0.));
#10020=DIRECTION('',(-0.707106781186535,0.,-0.70710678118656));
#10021=DIRECTION('center_axis',(0.,0.,1.));
#10022=DIRECTION('ref_axis',(-0.707106781186548,-0.707106781186548,0.));
#10023=DIRECTION('center_axis',(0.,0.,-1.));
#10024=DIRECTION('ref_axis',(-0.707106781186547,-0.707106781186547,0.));
#10025=DIRECTION('center_axis',(-0.707106781186548,0.,0.707106781186548));
#10026=DIRECTION('ref_axis',(0.707106781186548,0.,0.707106781186548));
#10027=DIRECTION('',(-0.707106781186547,0.,-0.707106781186547));
#10028=DIRECTION('',(0.,-1.,0.));
#10029=DIRECTION('',(0.,1.,0.));
#10030=DIRECTION('center_axis',(0.,0.,-1.));
#10031=DIRECTION('ref_axis',(-0.707106781186547,0.707106781186547,0.));
#10032=DIRECTION('center_axis',(0.,0.,-1.));
#10033=DIRECTION('ref_axis',(-0.707106781186547,0.707106781186547,0.));
#10034=DIRECTION('',(0.,0.707106781186535,-0.70710678118656));
#10035=DIRECTION('center_axis',(0.,0.,1.));
#10036=DIRECTION('ref_axis',(-0.707106781186548,0.707106781186548,0.));
#10037=DIRECTION('center_axis',(0.,0.707106781186535,0.70710678118656));
#10038=DIRECTION('ref_axis',(1.,0.,0.));
#10039=DIRECTION('',(0.,0.70710678118656,-0.707106781186535));
#10040=DIRECTION('',(1.,0.,0.));
#10041=DIRECTION('center_axis',(0.,0.,-1.));
#10042=DIRECTION('ref_axis',(0.707106781186547,0.707106781186547,0.));
#10043=DIRECTION('center_axis',(0.,0.,-1.));
#10044=DIRECTION('ref_axis',(0.707106781186548,0.707106781186548,0.));
#10045=DIRECTION('',(0.707106781186547,0.,-0.707106781186547));
#10046=DIRECTION('center_axis',(0.,0.,1.));
#10047=DIRECTION('ref_axis',(0.707106781186548,0.707106781186548,0.));
#10048=DIRECTION('center_axis',(0.707106781186548,0.,0.707106781186548));
#10049=DIRECTION('ref_axis',(0.707106781186548,0.,-0.707106781186548));
#10050=DIRECTION('',(0.707106781186547,0.,-0.707106781186547));
#10051=DIRECTION('',(0.,-1.,0.));
#10052=DIRECTION('center_axis',(0.,0.,-1.));
#10053=DIRECTION('ref_axis',(0.707106781186547,-0.707106781186547,0.));
#10054=DIRECTION('center_axis',(0.,0.,1.));
#10055=DIRECTION('ref_axis',(0.707106781186548,-0.707106781186548,0.));
#10056=DIRECTION('center_axis',(0.,0.,-1.));
#10057=DIRECTION('ref_axis',(0.707106781186548,-0.707106781186548,0.));
#10058=DIRECTION('center_axis',(0.,0.,1.));
#10059=DIRECTION('ref_axis',(0.707106781186548,0.707106781186547,0.));
#10060=DIRECTION('center_axis',(0.,0.,-1.));
#10061=DIRECTION('ref_axis',(0.707106781186548,-0.707106781186547,0.));
#10062=DIRECTION('center_axis',(0.,0.,1.));
#10063=DIRECTION('ref_axis',(1.,0.,0.));
#10064=DIRECTION('center_axis',(0.,0.,1.));
#10065=DIRECTION('ref_axis',(0.,1.,0.));
#10066=DIRECTION('center_axis',(0.,0.,1.));
#10067=DIRECTION('ref_axis',(0.,1.,0.));
#10068=DIRECTION('',(-8.65956056235493E-17,-0.707106781186547,0.707106781186547));
#10069=DIRECTION('center_axis',(0.,0.,-1.));
#10070=DIRECTION('ref_axis',(-2.22044604925031E-15,1.,0.));
#10071=DIRECTION('center_axis',(-0.499999999993262,-0.866025403788329,0.));
#10072=DIRECTION('ref_axis',(0.866025403788329,-0.499999999993262,0.));
#10073=DIRECTION('',(0.,0.,-1.));
#10074=DIRECTION('center_axis',(0.,0.,-1.));
#10075=DIRECTION('ref_axis',(0.258819045098769,0.965925826290074,0.));
#10076=DIRECTION('center_axis',(0.,0.,1.));
#10077=DIRECTION('ref_axis',(-0.707106781186548,-0.707106781186547,0.));
#10078=DIRECTION('',(0.,0.,1.));
#10079=DIRECTION('center_axis',(0.,0.,1.));
#10080=DIRECTION('ref_axis',(-0.70710678118656,0.707106781186535,0.));
#10081=DIRECTION('',(0.,0.,1.));
#10082=DIRECTION('center_axis',(1.,0.,0.));
#10083=DIRECTION('ref_axis',(0.,0.,-1.));
#10084=DIRECTION('center_axis',(0.,0.,1.));
#10085=DIRECTION('ref_axis',(1.,0.,0.));
#10086=DIRECTION('center_axis',(0.,-1.,0.));
#10087=DIRECTION('ref_axis',(1.83697019872103E-16,0.,1.));
#10088=DIRECTION('center_axis',(0.,1.,0.));
#10089=DIRECTION('ref_axis',(-1.,0.,0.));
#10090=DIRECTION('center_axis',(0.,-1.,0.));
#10091=DIRECTION('ref_axis',(-1.,0.,0.));
#10092=DIRECTION('center_axis',(0.,-1.,0.));
#10093=DIRECTION('ref_axis',(-1.,0.,0.));
#10094=DIRECTION('center_axis',(0.,-1.,0.));
#10095=DIRECTION('ref_axis',(-1.,0.,0.));
#10096=DIRECTION('',(0.,1.,0.));
#10097=DIRECTION('center_axis',(0.,-1.,0.));
#10098=DIRECTION('ref_axis',(-1.,0.,0.));
#10099=DIRECTION('',(0.,-1.,0.));
#10100=DIRECTION('center_axis',(0.,0.54030230586814,0.841470984807897));
#10101=DIRECTION('ref_axis',(0.,0.841470984807897,-0.54030230586814));
#10102=DIRECTION('',(0.,1.,0.));
#10103=DIRECTION('center_axis',(0.,0.,-1.));
#10104=DIRECTION('ref_axis',(-1.,0.,0.));
#10105=DIRECTION('',(1.,0.,0.));
#10106=DIRECTION('',(-1.,0.,0.));
#10107=DIRECTION('center_axis',(0.,0.54030230586814,0.841470984807897));
#10108=DIRECTION('ref_axis',(0.,0.841470984807897,-0.54030230586814));
#10109=DIRECTION('center_axis',(0.,0.,-1.));
#10110=DIRECTION('ref_axis',(0.,1.,0.));
#10111=DIRECTION('center_axis',(0.,0.,-1.));
#10112=DIRECTION('ref_axis',(0.,1.,0.));
#10113=DIRECTION('',(-1.13142611228772E-16,-0.923879532511301,-0.382683432365054));
#10114=DIRECTION('center_axis',(0.,0.,1.));
#10115=DIRECTION('ref_axis',(0.,1.,0.));
#10116=DIRECTION('center_axis',(0.,0.,-1.));
#10117=DIRECTION('ref_axis',(-1.,0.,0.));
#10118=DIRECTION('',(0.,1.,0.));
#10119=DIRECTION('center_axis',(0.,0.,1.));
#10120=DIRECTION('ref_axis',(2.22044604925031E-15,1.,0.));
#10121=DIRECTION('',(-1.,0.,0.));
#10122=DIRECTION('center_axis',(0.,0.,-1.));
#10123=DIRECTION('ref_axis',(-0.707106781186548,-0.707106781186548,0.));
#10124=DIRECTION('',(0.,1.,0.));
#10125=DIRECTION('center_axis',(0.,0.,-1.));
#10126=DIRECTION('ref_axis',(-0.866025403788329,0.499999999993262,0.));
#10127=DIRECTION('',(0.866025403788329,0.499999999993262,0.));
#10128=DIRECTION('center_axis',(0.,0.,-1.));
#10129=DIRECTION('ref_axis',(-0.258819050604006,0.96592582481495,0.));
#10130=DIRECTION('',(1.,0.,0.));
#10131=DIRECTION('',(0.707106781186548,-0.707106781186548,0.));
#10132=DIRECTION('',(0.,-1.,0.));
#10133=DIRECTION('',(-0.707106781186547,-0.707106781186547,0.));
#10134=DIRECTION('',(-1.,0.,0.));
#10135=DIRECTION('',(-0.707106781186548,0.707106781186548,0.));
#10136=DIRECTION('',(0.,1.,0.));
#10137=DIRECTION('center_axis',(0.,0.,1.));
#10138=DIRECTION('ref_axis',(-1.,0.,0.));
#10139=DIRECTION('center_axis',(0.,0.,1.));
#10140=DIRECTION('ref_axis',(-1.,0.,0.));
#10141=DIRECTION('center_axis',(0.,0.,1.));
#10142=DIRECTION('ref_axis',(0.,1.,0.));
#10143=DIRECTION('center_axis',(0.,0.,1.));
#10144=DIRECTION('ref_axis',(0.,1.,0.));
#10145=DIRECTION('center_axis',(0.,0.,1.));
#10146=DIRECTION('ref_axis',(0.,1.,0.));
#10147=DIRECTION('center_axis',(0.,0.,1.));
#10148=DIRECTION('ref_axis',(0.,1.,0.));
#10149=DIRECTION('center_axis',(0.,0.,1.));
#10150=DIRECTION('ref_axis',(0.,1.,0.));
#10151=DIRECTION('center_axis',(0.,0.,1.));
#10152=DIRECTION('ref_axis',(0.,1.,0.));
#10153=DIRECTION('center_axis',(0.,0.,1.));
#10154=DIRECTION('ref_axis',(0.,1.,0.));
#10155=DIRECTION('center_axis',(0.,0.,1.));
#10156=DIRECTION('ref_axis',(0.,1.,0.));
#10157=DIRECTION('center_axis',(0.,0.,1.));
#10158=DIRECTION('ref_axis',(0.,1.,0.));
#10159=DIRECTION('center_axis',(0.,0.,-1.));
#10160=DIRECTION('ref_axis',(0.,1.,0.));
#10161=DIRECTION('',(-8.65956056235494E-17,0.707106781186547,0.707106781186547));
#10162=DIRECTION('center_axis',(0.,0.,-1.));
#10163=DIRECTION('ref_axis',(0.,1.,0.));
#10164=DIRECTION('center_axis',(0.,0.,-1.));
#10165=DIRECTION('ref_axis',(0.,1.,0.));
#10166=DIRECTION('',(-8.65956056235493E-17,0.707106781186547,0.707106781186547));
#10167=DIRECTION('center_axis',(0.,0.,-1.));
#10168=DIRECTION('ref_axis',(0.,1.,0.));
#10169=DIRECTION('center_axis',(0.,0.,1.));
#10170=DIRECTION('ref_axis',(0.,1.,0.));
#10171=DIRECTION('center_axis',(0.,0.,1.));
#10172=DIRECTION('ref_axis',(0.,1.,0.));
#10173=DIRECTION('',(0.,0.,-1.));
#10174=DIRECTION('center_axis',(0.,0.,-1.));
#10175=DIRECTION('ref_axis',(0.,1.,0.));
#10176=DIRECTION('',(-8.65956056235493E-17,0.707106781186547,0.707106781186547));
#10177=DIRECTION('center_axis',(0.,0.,-1.));
#10178=DIRECTION('ref_axis',(0.,1.,0.));
#10179=DIRECTION('center_axis',(0.,0.,1.));
#10180=DIRECTION('ref_axis',(0.,1.,0.));
#10181=DIRECTION('center_axis',(0.,0.,1.));
#10182=DIRECTION('ref_axis',(0.,1.,0.));
#10183=DIRECTION('',(0.,0.,-1.));
#10184=DIRECTION('center_axis',(0.,0.,-1.));
#10185=DIRECTION('ref_axis',(0.,1.,0.));
#10186=DIRECTION('',(-8.65956056235493E-17,0.707106781186547,0.707106781186547));
#10187=DIRECTION('center_axis',(0.,0.,-1.));
#10188=DIRECTION('ref_axis',(0.,1.,0.));
#10189=DIRECTION('center_axis',(0.,0.,1.));
#10190=DIRECTION('ref_axis',(0.,1.,0.));
#10191=DIRECTION('center_axis',(0.,0.,1.));
#10192=DIRECTION('ref_axis',(0.,1.,0.));
#10193=DIRECTION('',(0.,0.,-1.));
#10194=DIRECTION('',(6.2803698347344E-14,0.707106781186516,-0.707106781186579));
#10195=DIRECTION('center_axis',(0.,0.,-1.));
#10196=DIRECTION('ref_axis',(0.,1.,0.));
#10197=DIRECTION('',(0.,0.,1.));
#10198=DIRECTION('center_axis',(0.,0.,1.));
#10199=DIRECTION('ref_axis',(0.,1.,0.));
#10200=DIRECTION('center_axis',(0.,1.,0.));
#10201=DIRECTION('ref_axis',(-1.,0.,0.));
#10202=DIRECTION('center_axis',(0.,-1.,0.));
#10203=DIRECTION('ref_axis',(-1.,0.,0.));
#10204=DIRECTION('',(-0.707106781186547,-0.707106781186547,-8.65956056235494E-17));
#10205=DIRECTION('center_axis',(0.,1.,0.));
#10206=DIRECTION('ref_axis',(-1.,0.,0.));
#10207=DIRECTION('center_axis',(0.,-1.,0.));
#10208=DIRECTION('ref_axis',(-1.,0.,0.));
#10209=DIRECTION('center_axis',(0.,-1.,0.));
#10210=DIRECTION('ref_axis',(-1.,0.,0.));
#10211=DIRECTION('',(0.,1.,0.));
#10212=DIRECTION('center_axis',(0.,1.,0.));
#10213=DIRECTION('ref_axis',(0.,0.,-1.));
#10214=DIRECTION('',(1.,0.,0.));
#10215=DIRECTION('',(0.,0.,1.));
#10216=DIRECTION('',(-1.,0.,0.));
#10217=DIRECTION('',(0.,0.,1.));
#10218=DIRECTION('center_axis',(0.,-1.,0.));
#10219=DIRECTION('ref_axis',(-1.,0.,0.));
#10220=DIRECTION('center_axis',(0.,1.,0.));
#10221=DIRECTION('ref_axis',(-1.,0.,0.));
#10222=DIRECTION('',(-0.707106781186547,0.707106781186547,8.65956056235494E-17));
#10223=DIRECTION('center_axis',(0.,-1.,0.));
#10224=DIRECTION('ref_axis',(0.,0.,1.));
#10225=DIRECTION('center_axis',(0.,0.,-1.));
#10226=DIRECTION('ref_axis',(0.,1.,0.));
#10227=DIRECTION('',(-8.65956056235493E-17,0.707106781186547,0.707106781186547));
#10228=DIRECTION('center_axis',(0.,0.,-1.));
#10229=DIRECTION('ref_axis',(0.,1.,0.));
#10230=DIRECTION('center_axis',(0.,0.,1.));
#10231=DIRECTION('ref_axis',(0.,1.,0.));
#10232=DIRECTION('center_axis',(0.,0.,1.));
#10233=DIRECTION('ref_axis',(0.,1.,0.));
#10234=DIRECTION('',(0.,0.,-1.));
#10235=DIRECTION('center_axis',(0.,0.,-1.));
#10236=DIRECTION('ref_axis',(0.,1.,0.));
#10237=DIRECTION('',(-8.65956056235493E-17,0.707106781186547,0.707106781186547));
#10238=DIRECTION('center_axis',(0.,0.,-1.));
#10239=DIRECTION('ref_axis',(0.,1.,0.));
#10240=DIRECTION('center_axis',(0.,0.,1.));
#10241=DIRECTION('ref_axis',(0.,1.,0.));
#10242=DIRECTION('center_axis',(0.,0.,1.));
#10243=DIRECTION('ref_axis',(0.,1.,0.));
#10244=DIRECTION('',(0.,0.,-1.));
#10245=DIRECTION('center_axis',(0.,0.,-1.));
#10246=DIRECTION('ref_axis',(0.,1.,0.));
#10247=DIRECTION('',(-8.65956056235493E-17,0.707106781186548,0.707106781186548));
#10248=DIRECTION('center_axis',(0.,0.,-1.));
#10249=DIRECTION('ref_axis',(0.,1.,0.));
#10250=DIRECTION('center_axis',(0.,0.,1.));
#10251=DIRECTION('ref_axis',(0.,1.,0.));
#10252=DIRECTION('center_axis',(0.,0.,-1.));
#10253=DIRECTION('ref_axis',(-1.,0.,0.));
#10254=DIRECTION('',(0.,0.,-1.));
#10255=DIRECTION('center_axis',(0.,0.,-1.));
#10256=DIRECTION('ref_axis',(0.,1.,0.));
#10257=DIRECTION('',(-8.65956056235493E-17,0.707106781186547,0.707106781186547));
#10258=DIRECTION('center_axis',(0.,0.,-1.));
#10259=DIRECTION('ref_axis',(0.,1.,0.));
#10260=DIRECTION('center_axis',(0.,0.,1.));
#10261=DIRECTION('ref_axis',(0.,1.,0.));
#10262=DIRECTION('center_axis',(0.,0.,1.));
#10263=DIRECTION('ref_axis',(0.,1.,0.));
#10264=DIRECTION('',(0.,0.,-1.));
#10265=DIRECTION('center_axis',(0.,0.,1.));
#10266=DIRECTION('ref_axis',(0.,1.,0.));
#10267=DIRECTION('center_axis',(0.,0.,1.));
#10268=DIRECTION('ref_axis',(0.,1.,0.));
#10269=DIRECTION('',(0.,0.,-1.));
#10270=DIRECTION('center_axis',(0.,0.,1.));
#10271=DIRECTION('ref_axis',(0.,1.,0.));
#10272=DIRECTION('center_axis',(0.,0.,1.));
#10273=DIRECTION('ref_axis',(0.,1.,0.));
#10274=DIRECTION('',(8.65956056235493E-17,-0.707106781186547,0.707106781186547));
#10275=DIRECTION('center_axis',(0.,0.,-1.));
#10276=DIRECTION('ref_axis',(0.,1.,0.));
#10277=DIRECTION('center_axis',(0.,0.,1.));
#10278=DIRECTION('ref_axis',(0.,1.,0.));
#10279=DIRECTION('',(0.,0.,-1.));
#10280=DIRECTION('center_axis',(0.,0.,-1.));
#10281=DIRECTION('ref_axis',(-1.,0.,0.));
#10282=DIRECTION('center_axis',(0.,0.,-1.));
#10283=DIRECTION('ref_axis',(-1.,0.,0.));
#10284=DIRECTION('center_axis',(0.,0.,1.));
#10285=DIRECTION('ref_axis',(0.,1.,0.));
#10286=DIRECTION('',(8.65956056235493E-17,-0.707106781186547,0.707106781186547));
#10287=DIRECTION('center_axis',(0.,0.,-1.));
#10288=DIRECTION('ref_axis',(0.,1.,0.));
#10289=DIRECTION('center_axis',(0.,0.,-1.));
#10290=DIRECTION('ref_axis',(-1.,0.,0.));
#10291=DIRECTION('center_axis',(0.,0.,-1.));
#10292=DIRECTION('ref_axis',(-1.,0.,0.));
#10293=DIRECTION('center_axis',(0.,0.,1.));
#10294=DIRECTION('ref_axis',(0.,1.,0.));
#10295=DIRECTION('',(8.65956056235493E-17,-0.707106781186547,0.707106781186547));
#10296=DIRECTION('center_axis',(0.,0.,-1.));
#10297=DIRECTION('ref_axis',(0.,1.,0.));
#10298=DIRECTION('center_axis',(0.,0.,-1.));
#10299=DIRECTION('ref_axis',(-1.,0.,0.));
#10300=DIRECTION('center_axis',(0.,0.,-1.));
#10301=DIRECTION('ref_axis',(-1.,0.,0.));
#10302=DIRECTION('center_axis',(0.,0.,1.));
#10303=DIRECTION('ref_axis',(0.,1.,0.));
#10304=DIRECTION('',(8.65956056235493E-17,-0.707106781186547,0.707106781186547));
#10305=DIRECTION('center_axis',(0.,0.,-1.));
#10306=DIRECTION('ref_axis',(0.,1.,0.));
#10307=DIRECTION('center_axis',(0.,0.,-1.));
#10308=DIRECTION('ref_axis',(-1.,0.,0.));
#10309=DIRECTION('center_axis',(0.,0.,-1.));
#10310=DIRECTION('ref_axis',(-1.,0.,0.));
#10311=DIRECTION('center_axis',(0.,0.,1.));
#10312=DIRECTION('ref_axis',(0.,1.,0.));
#10313=DIRECTION('',(8.65956056235493E-17,-0.707106781186547,0.707106781186547));
#10314=DIRECTION('center_axis',(0.,0.,-1.));
#10315=DIRECTION('ref_axis',(0.,1.,0.));
#10316=DIRECTION('center_axis',(0.,0.,-1.));
#10317=DIRECTION('ref_axis',(-1.,0.,0.));
#10318=DIRECTION('center_axis',(0.,0.,-1.));
#10319=DIRECTION('ref_axis',(-1.,0.,0.));
#10320=DIRECTION('center_axis',(0.,0.,1.));
#10321=DIRECTION('ref_axis',(0.,1.,0.));
#10322=DIRECTION('',(8.65956056235493E-17,-0.707106781186547,0.707106781186547));
#10323=DIRECTION('center_axis',(0.,0.,-1.));
#10324=DIRECTION('ref_axis',(0.,1.,0.));
#10325=DIRECTION('center_axis',(0.,0.,-1.));
#10326=DIRECTION('ref_axis',(-1.,0.,0.));
#10327=DIRECTION('center_axis',(0.,0.,-1.));
#10328=DIRECTION('ref_axis',(-1.,0.,0.));
#10329=DIRECTION('center_axis',(0.,0.,1.));
#10330=DIRECTION('ref_axis',(0.,1.,0.));
#10331=DIRECTION('',(8.65956056235493E-17,-0.707106781186547,0.707106781186547));
#10332=DIRECTION('center_axis',(0.,0.,-1.));
#10333=DIRECTION('ref_axis',(0.,1.,0.));
#10334=DIRECTION('center_axis',(0.,0.,-1.));
#10335=DIRECTION('ref_axis',(-1.,0.,0.));
#10336=DIRECTION('center_axis',(0.,0.,-1.));
#10337=DIRECTION('ref_axis',(-1.,0.,0.));
#10338=DIRECTION('center_axis',(0.,0.,1.));
#10339=DIRECTION('ref_axis',(0.,1.,0.));
#10340=DIRECTION('',(8.65956056235493E-17,-0.707106781186547,0.707106781186547));
#10341=DIRECTION('center_axis',(0.,0.,-1.));
#10342=DIRECTION('ref_axis',(0.,1.,0.));
#10343=DIRECTION('center_axis',(0.,0.,-1.));
#10344=DIRECTION('ref_axis',(-1.,0.,0.));
#10345=DIRECTION('center_axis',(0.,0.,-1.));
#10346=DIRECTION('ref_axis',(-1.,0.,0.));
#10347=DIRECTION('center_axis',(0.,0.,-1.));
#10348=DIRECTION('ref_axis',(0.,1.,0.));
#10349=DIRECTION('',(-8.65956056235493E-17,0.707106781186548,0.707106781186548));
#10350=DIRECTION('center_axis',(0.,0.,-1.));
#10351=DIRECTION('ref_axis',(0.,1.,0.));
#10352=DIRECTION('center_axis',(0.,0.,1.));
#10353=DIRECTION('ref_axis',(0.,1.,0.));
#10354=DIRECTION('center_axis',(0.,0.,1.));
#10355=DIRECTION('ref_axis',(0.,1.,0.));
#10356=DIRECTION('',(0.,0.,-1.));
#10357=DIRECTION('center_axis',(-0.499999999999992,0.499999999999992,0.70710678118656));
#10358=DIRECTION('ref_axis',(0.816496580927735,0.,0.577350269189613));
#10359=DIRECTION('',(0.67859834451996,-0.281084637839814,0.67859834451996));
#10360=DIRECTION('',(0.707106781186548,0.707106781186548,0.));
#10361=DIRECTION('',(0.281084637714828,-0.678598344545845,0.678598344545845));
#10362=DIRECTION('center_axis',(-0.707106781186548,0.,0.707106781186548));
#10363=DIRECTION('ref_axis',(0.707106781186548,0.,0.707106781186548));
#10364=DIRECTION('',(0.,1.,0.));
#10365=DIRECTION('',(-0.678598344545855,-0.281084637714784,-0.678598344545855));
#10366=DIRECTION('center_axis',(0.,0.707106781186548,0.707106781186548));
#10367=DIRECTION('ref_axis',(1.,0.,0.));
#10368=DIRECTION('',(1.,0.,0.));
#10369=DIRECTION('',(-0.281084637714828,-0.678598344545845,0.678598344545845));
#10370=DIRECTION('center_axis',(0.70710678118656,0.,0.707106781186535));
#10371=DIRECTION('ref_axis',(0.707106781186535,0.,-0.70710678118656));
#10372=DIRECTION('',(0.678598344545845,0.281084637714828,-0.678598344545845));
#10373=DIRECTION('',(0.,-1.,0.));
#10374=DIRECTION('',(-0.707106781186535,0.,0.70710678118656));
#10375=DIRECTION('center_axis',(0.,0.,-1.));
#10376=DIRECTION('ref_axis',(2.22044604925031E-15,1.,0.));
#10377=DIRECTION('center_axis',(0.,0.,-1.));
#10378=DIRECTION('ref_axis',(2.22044604925031E-15,1.,0.));
#10379=DIRECTION('',(0.,-0.707106781186535,0.70710678118656));
#10380=DIRECTION('center_axis',(0.,0.707106781186548,0.707106781186548));
#10381=DIRECTION('ref_axis',(1.,0.,0.));
#10382=DIRECTION('',(1.,0.,0.));
#10383=DIRECTION('',(0.,-0.707106781186547,0.707106781186547));
#10384=DIRECTION('center_axis',(0.,0.,1.));
#10385=DIRECTION('ref_axis',(-0.707106781186547,-0.707106781186547,0.));
#10386=DIRECTION('center_axis',(0.,0.,1.));
#10387=DIRECTION('ref_axis',(-0.707106781186548,-0.707106781186548,0.));
#10388=DIRECTION('',(-0.707106781186547,0.,0.707106781186547));
#10389=DIRECTION('center_axis',(0.707106781186548,0.,0.707106781186548));
#10390=DIRECTION('ref_axis',(0.707106781186548,0.,-0.707106781186548));
#10391=DIRECTION('',(-0.707106781186547,0.,0.707106781186547));
#10392=DIRECTION('',(0.,-1.,0.));
#10393=DIRECTION('center_axis',(0.,0.,1.));
#10394=DIRECTION('ref_axis',(-0.866025403788329,0.499999999993262,0.));
#10395=DIRECTION('',(-0.353553390605243,0.612372435751108,0.70710678113266));
#10396=DIRECTION('center_axis',(0.,0.,1.));
#10397=DIRECTION('ref_axis',(-0.866025403788329,0.499999999993262,0.));
#10398=DIRECTION('center_axis',(0.35355339058851,-0.612372435698547,0.707106781186546));
#10399=DIRECTION('ref_axis',(0.894427191002326,0.,-0.447213595495138));
#10400=DIRECTION('',(-0.353553390610932,0.612372435737412,0.707106781141676));
#10401=DIRECTION('',(-0.866025403788329,-0.499999999993262,0.));
#10402=DIRECTION('center_axis',(0.,0.,1.));
#10403=DIRECTION('ref_axis',(-0.258819050604006,0.96592582481495,0.));
#10404=DIRECTION('',(0.,0.707106781186535,0.70710678118656));
#10405=DIRECTION('center_axis',(0.,0.,1.));
#10406=DIRECTION('ref_axis',(-0.258819050604006,0.96592582481495,0.));
#10407=DIRECTION('center_axis',(0.,-0.707106781186548,0.707106781186548));
#10408=DIRECTION('ref_axis',(1.,0.,0.));
#10409=DIRECTION('',(-1.,0.,0.));
#10410=DIRECTION('',(0.281084637714806,0.67859834454585,0.67859834454585));
#10411=DIRECTION('center_axis',(0.500000000000004,0.500000000000004,0.707106781186542));
#10412=DIRECTION('ref_axis',(0.816496580927722,0.,-0.577350269189632));
#10413=DIRECTION('',(0.707106781186548,-0.707106781186548,0.));
#10414=DIRECTION('center_axis',(-0.500000000000004,-0.500000000000004,0.707106781186542));
#10415=DIRECTION('ref_axis',(0.816496580927722,0.,0.577350269189632));
#10416=DIRECTION('',(-0.707106781186548,0.707106781186548,0.));
#10417=DIRECTION('center_axis',(0.,0.,-1.));
#10418=DIRECTION('ref_axis',(-1.,0.,0.));
#10419=DIRECTION('',(-0.707106781186548,-8.65956056235493E-17,0.707106781186548));
#10420=DIRECTION('center_axis',(0.,0.,-1.));
#10421=DIRECTION('ref_axis',(-1.,0.,0.));
#10422=DIRECTION('center_axis',(0.,1.,0.));
#10423=DIRECTION('ref_axis',(-1.,0.,0.));
#10424=DIRECTION('',(0.,0.,-1.));
#10425=DIRECTION('',(1.,0.,0.));
#10426=DIRECTION('',(0.,0.,-1.));
#10427=DIRECTION('center_axis',(0.707106781186548,0.707106781186548,0.));
#10428=DIRECTION('ref_axis',(-0.707106781186548,0.707106781186548,0.));
#10429=DIRECTION('',(0.707106781186548,-0.707106781186548,0.));
#10430=DIRECTION('',(0.,0.,-1.));
#10431=DIRECTION('center_axis',(1.,0.,0.));
#10432=DIRECTION('ref_axis',(0.,1.,0.));
#10433=DIRECTION('',(0.,-1.,0.));
#10434=DIRECTION('',(0.,0.,-1.));
#10435=DIRECTION('center_axis',(-0.707106781186548,0.707106781186548,0.));
#10436=DIRECTION('ref_axis',(-0.707106781186548,-0.707106781186548,0.));
#10437=DIRECTION('',(-0.707106781186548,-0.707106781186548,0.));
#10438=DIRECTION('',(0.,0.,-1.));
#10439=DIRECTION('center_axis',(0.,-1.,0.));
#10440=DIRECTION('ref_axis',(1.,0.,0.));
#10441=DIRECTION('',(-1.,0.,0.));
#10442=DIRECTION('',(0.,0.,-1.));
#10443=DIRECTION('center_axis',(-0.707106781186548,-0.707106781186548,0.));
#10444=DIRECTION('ref_axis',(0.707106781186548,-0.707106781186548,0.));
#10445=DIRECTION('',(-0.707106781186548,0.707106781186548,0.));
#10446=DIRECTION('',(0.,0.,1.));
#10447=DIRECTION('center_axis',(-1.,0.,0.));
#10448=DIRECTION('ref_axis',(0.,1.,0.));
#10449=DIRECTION('',(0.,1.,0.));
#10450=DIRECTION('',(0.,0.,-1.));
#10451=DIRECTION('center_axis',(0.,0.,1.));
#10452=DIRECTION('ref_axis',(-1.,0.,0.));
#10453=DIRECTION('center_axis',(0.,0.,1.));
#10454=DIRECTION('ref_axis',(1.,0.,0.));
#10455=DIRECTION('',(0.,0.,-1.));
#10456=DIRECTION('center_axis',(0.,0.,1.));
#10457=DIRECTION('ref_axis',(1.,0.,0.));
#10458=DIRECTION('center_axis',(0.,0.,1.));
#10459=DIRECTION('ref_axis',(0.,1.,0.));
#10460=DIRECTION('',(8.65956056235493E-17,-0.707106781186548,0.707106781186548));
#10461=DIRECTION('center_axis',(0.,0.,-1.));
#10462=DIRECTION('ref_axis',(0.,1.,0.));
#10463=DIRECTION('center_axis',(0.,0.,-1.));
#10464=DIRECTION('ref_axis',(0.,1.,0.));
#10465=DIRECTION('center_axis',(0.,0.,-1.));
#10466=DIRECTION('ref_axis',(-1.,0.,0.));
#10467=DIRECTION('center_axis',(0.,0.,-1.));
#10468=DIRECTION('ref_axis',(1.,0.,0.));
#10469=DIRECTION('',(0.,-1.,0.));
#10470=DIRECTION('',(0.707106781186548,-0.707106781186548,0.));
#10471=DIRECTION('',(1.,0.,0.));
#10472=DIRECTION('',(0.707106781186548,0.707106781186548,0.));
#10473=DIRECTION('',(0.,1.,0.));
#10474=DIRECTION('',(-0.707106781186548,0.707106781186548,0.));
#10475=DIRECTION('',(-1.,0.,0.));
#10476=DIRECTION('center_axis',(0.,0.,1.));
#10477=DIRECTION('ref_axis',(-0.258819050604006,0.96592582481495,0.));
#10478=DIRECTION('',(-0.866025403788329,-0.499999999993262,0.));
#10479=DIRECTION('center_axis',(0.,0.,1.));
#10480=DIRECTION('ref_axis',(-0.866025403788329,0.499999999993262,0.));
#10481=DIRECTION('',(0.,-1.,0.));
#10482=DIRECTION('center_axis',(0.,0.,-1.));
#10483=DIRECTION('ref_axis',(-1.,0.,0.));
#10484=DIRECTION('center_axis',(0.,0.,-1.));
#10485=DIRECTION('ref_axis',(-1.,0.,0.));
#10486=DIRECTION('center_axis',(0.,0.,-1.));
#10487=DIRECTION('ref_axis',(0.,1.,0.));
#10488=DIRECTION('center_axis',(0.,0.,-1.));
#10489=DIRECTION('ref_axis',(0.,1.,0.));
#10490=DIRECTION('',(0.,1.,0.));
#10491=DIRECTION('center_axis',(0.,0.,1.));
#10492=DIRECTION('ref_axis',(-1.,0.,0.));
#10493=DIRECTION('center_axis',(0.,0.,-1.));
#10494=DIRECTION('ref_axis',(2.22044604925031E-15,1.,0.));
#10495=DIRECTION('',(0.,-1.,0.));
#10496=DIRECTION('center_axis',(0.,0.,-1.));
#10497=DIRECTION('ref_axis',(0.,1.,0.));
#10498=DIRECTION('center_axis',(0.,0.,-1.));
#10499=DIRECTION('ref_axis',(0.,1.,0.));
#10500=DIRECTION('center_axis',(0.,0.,-1.));
#10501=DIRECTION('ref_axis',(0.,1.,0.));
#10502=DIRECTION('center_axis',(0.,0.,-1.));
#10503=DIRECTION('ref_axis',(0.,1.,0.));
#10504=DIRECTION('center_axis',(0.,0.,-1.));
#10505=DIRECTION('ref_axis',(0.,1.,0.));
#10506=DIRECTION('center_axis',(0.,0.,-1.));
#10507=DIRECTION('ref_axis',(0.,1.,0.));
#10508=DIRECTION('center_axis',(0.,0.,-1.));
#10509=DIRECTION('ref_axis',(0.,1.,0.));
#10510=DIRECTION('center_axis',(0.,0.,-1.));
#10511=DIRECTION('ref_axis',(0.,1.,0.));
#10512=DIRECTION('center_axis',(0.,0.,-1.));
#10513=DIRECTION('ref_axis',(0.,1.,0.));
#10514=DIRECTION('center_axis',(0.,0.,1.));
#10515=DIRECTION('ref_axis',(0.,1.,0.));
#10516=DIRECTION('center_axis',(0.,0.,1.));
#10517=DIRECTION('ref_axis',(0.,1.,0.));
#10518=DIRECTION('',(8.65956056235493E-17,-0.707106781186547,0.707106781186547));
#10519=DIRECTION('center_axis',(0.,0.,-1.));
#10520=DIRECTION('ref_axis',(0.,1.,0.));
#10521=DIRECTION('',(0.,0.,1.));
#10522=DIRECTION('center_axis',(0.,0.,1.));
#10523=DIRECTION('ref_axis',(0.,1.,0.));
#10524=DIRECTION('center_axis',(0.,0.,1.));
#10525=DIRECTION('ref_axis',(0.,1.,0.));
#10526=DIRECTION('',(8.65956056235493E-17,-0.707106781186547,0.707106781186547));
#10527=DIRECTION('center_axis',(0.,0.,-1.));
#10528=DIRECTION('ref_axis',(0.,1.,0.));
#10529=DIRECTION('',(0.,0.,1.));
#10530=DIRECTION('center_axis',(0.,0.,1.));
#10531=DIRECTION('ref_axis',(0.,1.,0.));
#10532=DIRECTION('center_axis',(0.,0.,1.));
#10533=DIRECTION('ref_axis',(0.,1.,0.));
#10534=DIRECTION('',(8.65956056235493E-17,-0.707106781186547,0.707106781186547));
#10535=DIRECTION('center_axis',(0.,0.,-1.));
#10536=DIRECTION('ref_axis',(0.,1.,0.));
#10537=DIRECTION('',(0.,0.,1.));
#10538=DIRECTION('center_axis',(0.,0.,1.));
#10539=DIRECTION('ref_axis',(0.,1.,0.));
#10540=DIRECTION('center_axis',(0.,0.,1.));
#10541=DIRECTION('ref_axis',(0.,1.,0.));
#10542=DIRECTION('',(8.65956056235493E-17,-0.707106781186547,0.707106781186547));
#10543=DIRECTION('center_axis',(0.,0.,-1.));
#10544=DIRECTION('ref_axis',(0.,1.,0.));
#10545=DIRECTION('',(0.,0.,1.));
#10546=DIRECTION('center_axis',(0.,0.,1.));
#10547=DIRECTION('ref_axis',(0.,1.,0.));
#10548=DIRECTION('center_axis',(0.,0.,1.));
#10549=DIRECTION('ref_axis',(0.,1.,0.));
#10550=DIRECTION('',(8.65956056235493E-17,-0.707106781186547,0.707106781186547));
#10551=DIRECTION('center_axis',(0.,0.,-1.));
#10552=DIRECTION('ref_axis',(0.,1.,0.));
#10553=DIRECTION('',(0.,0.,1.));
#10554=DIRECTION('center_axis',(0.,0.,1.));
#10555=DIRECTION('ref_axis',(1.,0.,0.));
#10556=DIRECTION('',(0.707106781186547,-8.65956056235493E-17,-0.707106781186547));
#10557=DIRECTION('center_axis',(0.,0.,1.));
#10558=DIRECTION('ref_axis',(0.,1.,0.));
#10559=DIRECTION('center_axis',(0.,0.,1.));
#10560=DIRECTION('ref_axis',(0.,1.,0.));
#10561=DIRECTION('',(8.65956056235493E-17,-0.707106781186547,0.707106781186547));
#10562=DIRECTION('center_axis',(0.,0.,-1.));
#10563=DIRECTION('ref_axis',(0.,1.,0.));
#10564=DIRECTION('',(0.,0.,1.));
#10565=DIRECTION('center_axis',(0.,0.,1.));
#10566=DIRECTION('ref_axis',(0.,1.,0.));
#10567=DIRECTION('center_axis',(0.,0.,1.));
#10568=DIRECTION('ref_axis',(0.,1.,0.));
#10569=DIRECTION('',(8.65956056235493E-17,-0.707106781186547,0.707106781186547));
#10570=DIRECTION('center_axis',(0.,0.,-1.));
#10571=DIRECTION('ref_axis',(0.,1.,0.));
#10572=DIRECTION('',(0.,0.,1.));
#10573=DIRECTION('center_axis',(0.,0.,1.));
#10574=DIRECTION('ref_axis',(0.,1.,0.));
#10575=DIRECTION('center_axis',(0.,0.,1.));
#10576=DIRECTION('ref_axis',(0.,1.,0.));
#10577=DIRECTION('',(8.65956056235493E-17,-0.707106781186547,0.707106781186547));
#10578=DIRECTION('center_axis',(0.,0.,-1.));
#10579=DIRECTION('ref_axis',(0.,1.,0.));
#10580=DIRECTION('',(0.,0.,1.));
#10581=DIRECTION('center_axis',(0.707106781186548,0.,-0.707106781186548));
#10582=DIRECTION('ref_axis',(-0.707106781186548,0.,-0.707106781186548));
#10583=DIRECTION('center_axis',(0.707106781186548,0.,-0.707106781186548));
#10584=DIRECTION('ref_axis',(0.707106781186548,0.,0.707106781186548));
#10585=DIRECTION('',(0.707106781186547,0.,0.707106781186547));
#10586=DIRECTION('',(0.,1.,0.));
#10587=DIRECTION('center_axis',(0.,0.,-1.));
#10588=DIRECTION('ref_axis',(-0.866025403788329,0.499999999993262,0.));
#10589=DIRECTION('',(0.353553390605243,-0.612372435751108,0.70710678113266));
#10590=DIRECTION('center_axis',(0.,0.,-1.));
#10591=DIRECTION('ref_axis',(-0.866025403788329,0.499999999993262,0.));
#10592=DIRECTION('center_axis',(0.35355339058851,-0.612372435698547,-0.707106781186546));
#10593=DIRECTION('ref_axis',(-0.894427191002326,0.,-0.447213595495138));
#10594=DIRECTION('',(0.353553390610932,-0.612372435737412,0.707106781141676));
#10595=DIRECTION('',(0.866025403788329,0.499999999993262,0.));
#10596=DIRECTION('center_axis',(0.,0.,-1.));
#10597=DIRECTION('ref_axis',(-0.258819050604006,0.96592582481495,0.));
#10598=DIRECTION('',(0.,-0.707106781186535,0.70710678118656));
#10599=DIRECTION('center_axis',(0.,0.,-1.));
#10600=DIRECTION('ref_axis',(-0.258819050604006,0.96592582481495,0.));
#10601=DIRECTION('center_axis',(0.,-0.707106781186548,-0.707106781186548));
#10602=DIRECTION('ref_axis',(-1.,0.,0.));
#10603=DIRECTION('',(-0.281084637714806,-0.67859834454585,0.67859834454585));
#10604=DIRECTION('center_axis',(-0.500000000000004,-0.500000000000004,-0.707106781186542));
#10605=DIRECTION('ref_axis',(-0.816496580927722,0.,0.577350269189632));
#10606=DIRECTION('',(-0.678598344545855,-0.281084637714784,0.678598344545855));
#10607=DIRECTION('center_axis',(-0.707106781186548,0.,-0.707106781186548));
#10608=DIRECTION('ref_axis',(-0.707106781186548,0.,0.707106781186548));
#10609=DIRECTION('',(-0.678598344519969,0.281084637839769,0.678598344519969));
#10610=DIRECTION('center_axis',(-0.500000000000017,0.500000000000017,-0.707106781186524));
#10611=DIRECTION('ref_axis',(-0.816496580927708,0.,0.577350269189651));
#10612=DIRECTION('',(-0.281084637714784,0.678598344545855,0.678598344545855));
#10613=DIRECTION('center_axis',(0.,0.707106781186548,-0.707106781186548));
#10614=DIRECTION('ref_axis',(-1.,0.,0.));
#10615=DIRECTION('',(0.281084637714784,0.678598344545855,0.678598344545855));
#10616=DIRECTION('center_axis',(0.70710678118656,0.,-0.707106781186535));
#10617=DIRECTION('ref_axis',(-0.707106781186535,0.,-0.70710678118656));
#10618=DIRECTION('',(0.707106781186535,0.,0.70710678118656));
#10619=DIRECTION('',(-0.678598344545855,-0.281084637714784,-0.678598344545855));
#10620=DIRECTION('center_axis',(0.,0.,1.));
#10621=DIRECTION('ref_axis',(2.22044604925031E-15,1.,0.));
#10622=DIRECTION('',(0.0993424191137146,0.700093624999272,0.707106781186558));
#10623=DIRECTION('center_axis',(0.,0.,1.));
#10624=DIRECTION('ref_axis',(2.22044604925031E-15,1.,0.));
#10625=DIRECTION('center_axis',(0.500000000000004,0.500000000000004,-0.707106781186542));
#10626=DIRECTION('ref_axis',(-0.816496580927722,0.,-0.577350269189632));
#10627=DIRECTION('',(0.,0.707106781186535,0.70710678118656));
#10628=DIRECTION('center_axis',(0.,0.707106781186548,-0.707106781186548));
#10629=DIRECTION('ref_axis',(-1.,0.,0.));
#10630=DIRECTION('center_axis',(0.,0.707106781186548,-0.707106781186548));
#10631=DIRECTION('ref_axis',(0.,0.707106781186548,0.707106781186548));
#10632=DIRECTION('',(-1.,0.,0.));
#10633=DIRECTION('center_axis',(0.,0.,1.));
#10634=DIRECTION('ref_axis',(-0.866025403778324,0.500000000010591,0.));
#10635=DIRECTION('',(0.,0.,-1.));
#10636=DIRECTION('',(0.,0.,-1.));
#10637=DIRECTION('center_axis',(-1.,0.,0.));
#10638=DIRECTION('ref_axis',(0.,0.,1.));
#10639=DIRECTION('',(0.,0.,-1.));
#10640=DIRECTION('',(0.,1.,0.));
#10641=DIRECTION('',(0.,0.,1.));
#10642=DIRECTION('',(0.,-0.707106781186522,0.707106781186573));
#10643=DIRECTION('center_axis',(0.,0.,-1.));
#10644=DIRECTION('ref_axis',(0.,1.,0.));
#10645=DIRECTION('center_axis',(0.,0.,-1.));
#10646=DIRECTION('ref_axis',(-1.,0.,0.));
#10647=DIRECTION('',(0.,0.,1.));
#10648=DIRECTION('center_axis',(0.,1.,0.));
#10649=DIRECTION('ref_axis',(0.,0.,-1.));
#10650=DIRECTION('',(0.,0.,-1.));
#10651=DIRECTION('',(0.,0.,1.));
#10652=DIRECTION('',(-1.,0.,0.));
#10653=DIRECTION('',(0.,0.,-1.));
#10654=DIRECTION('center_axis',(0.,0.70710678118656,-0.707106781186535));
#10655=DIRECTION('ref_axis',(-1.,0.,0.));
#10656=DIRECTION('',(0.,-0.707106781186535,-0.70710678118656));
#10657=DIRECTION('',(1.,0.,0.));
#10658=DIRECTION('',(0.,0.707106781186535,0.70710678118656));
#10659=DIRECTION('center_axis',(0.,0.,-1.));
#10660=DIRECTION('ref_axis',(0.707106781186547,-0.707106781186547,0.));
#10661=DIRECTION('',(0.707106781186535,0.,-0.70710678118656));
#10662=DIRECTION('center_axis',(0.,0.,1.));
#10663=DIRECTION('ref_axis',(0.707106781186547,-0.707106781186547,0.));
#10664=DIRECTION('center_axis',(0.,0.,-1.));
#10665=DIRECTION('ref_axis',(0.707106781186548,-0.707106781186548,0.));
#10666=DIRECTION('center_axis',(-0.707106781186548,0.,-0.707106781186548));
#10667=DIRECTION('ref_axis',(-0.707106781186548,0.,0.707106781186548));
#10668=DIRECTION('',(0.707106781186547,0.,-0.707106781186547));
#10669=DIRECTION('',(0.,1.,0.));
#10670=DIRECTION('',(0.,-1.,0.));
#10671=DIRECTION('center_axis',(0.,0.,-1.));
#10672=DIRECTION('ref_axis',(0.707106781186547,0.707106781186547,0.));
#10673=DIRECTION('center_axis',(0.,0.,-1.));
#10674=DIRECTION('ref_axis',(0.707106781186548,0.707106781186548,0.));
#10675=DIRECTION('',(0.,0.707106781186535,-0.70710678118656));
#10676=DIRECTION('center_axis',(0.,0.,1.));
#10677=DIRECTION('ref_axis',(0.707106781186547,0.707106781186547,0.));
#10678=DIRECTION('center_axis',(0.,-0.707106781186535,-0.70710678118656));
#10679=DIRECTION('ref_axis',(-1.,0.,0.));
#10680=DIRECTION('',(0.,0.70710678118656,-0.707106781186535));
#10681=DIRECTION('',(-1.,0.,0.));
#10682=DIRECTION('center_axis',(0.,0.,-1.));
#10683=DIRECTION('ref_axis',(-0.707106781186547,0.707106781186547,0.));
#10684=DIRECTION('center_axis',(0.,0.,-1.));
#10685=DIRECTION('ref_axis',(-0.707106781186548,0.707106781186548,0.));
#10686=DIRECTION('',(-0.707106781186547,0.,-0.707106781186547));
#10687=DIRECTION('center_axis',(0.,0.,1.));
#10688=DIRECTION('ref_axis',(-0.707106781186548,0.707106781186548,0.));
#10689=DIRECTION('center_axis',(0.707106781186548,0.,-0.707106781186548));
#10690=DIRECTION('ref_axis',(-0.707106781186548,0.,-0.707106781186548));
#10691=DIRECTION('',(-0.707106781186547,0.,-0.707106781186547));
#10692=DIRECTION('',(0.,-1.,0.));
#10693=DIRECTION('center_axis',(0.,0.,-1.));
#10694=DIRECTION('ref_axis',(-0.707106781186547,-0.707106781186547,0.));
#10695=DIRECTION('center_axis',(0.,0.,1.));
#10696=DIRECTION('ref_axis',(-0.707106781186548,-0.707106781186548,0.));
#10697=DIRECTION('center_axis',(0.,0.,-1.));
#10698=DIRECTION('ref_axis',(-0.707106781186548,-0.707106781186548,0.));
#10699=DIRECTION('center_axis',(0.,0.,-1.));
#10700=DIRECTION('ref_axis',(-0.707106781186548,0.707106781186547,0.));
#10701=DIRECTION('center_axis',(0.,0.,1.));
#10702=DIRECTION('ref_axis',(-0.707106781186548,-0.707106781186547,0.));
#10703=DIRECTION('center_axis',(0.,0.,-1.));
#10704=DIRECTION('ref_axis',(-1.,0.,0.));
#10705=DIRECTION('center_axis',(0.,0.,-1.));
#10706=DIRECTION('ref_axis',(0.,1.,0.));
#10707=DIRECTION('center_axis',(0.,0.,1.));
#10708=DIRECTION('ref_axis',(0.,1.,0.));
#10709=DIRECTION('',(8.65956056235493E-17,-0.707106781186547,0.707106781186547));
#10710=DIRECTION('center_axis',(0.,0.,1.));
#10711=DIRECTION('ref_axis',(2.22044604925031E-15,1.,0.));
#10712=DIRECTION('center_axis',(-0.499999999993262,0.866025403788329,0.));
#10713=DIRECTION('ref_axis',(-0.866025403788329,-0.499999999993262,0.));
#10714=DIRECTION('',(0.,0.,-1.));
#10715=DIRECTION('center_axis',(0.,0.,1.));
#10716=DIRECTION('ref_axis',(-0.258819045098769,0.965925826290074,0.));
#10717=DIRECTION('center_axis',(0.,0.,-1.));
#10718=DIRECTION('ref_axis',(0.707106781186548,-0.707106781186547,0.));
#10719=DIRECTION('',(0.,0.,1.));
#10720=DIRECTION('center_axis',(0.,0.,-1.));
#10721=DIRECTION('ref_axis',(0.70710678118656,0.707106781186535,0.));
#10722=DIRECTION('',(0.,0.,1.));
#10723=DIRECTION('center_axis',(1.,0.,0.));
#10724=DIRECTION('ref_axis',(0.,0.,-1.));
#10725=DIRECTION('center_axis',(0.,0.,-1.));
#10726=DIRECTION('ref_axis',(-1.,0.,0.));
#10727=CARTESIAN_POINT('',(0.,0.,0.));
#10728=CARTESIAN_POINT('Origin',(-107.4981635124,-93.3000000063,274.6000036622));
#10729=CARTESIAN_POINT('',(-107.4981635124,-95.0500000063,274.5000036622));
#10730=CARTESIAN_POINT('Origin',(-107.4981635124,-93.3000000063,274.5000036622));
#10731=CARTESIAN_POINT('',(-107.4981635124,-95.2500000063,274.7000036622));
#10732=CARTESIAN_POINT('',(-107.4981635124,-95.1500000063,274.6000036622));
#10733=CARTESIAN_POINT('Origin',(-107.4981635124,-93.3000000063,274.7000036622));
#10734=CARTESIAN_POINT('Origin',(-107.4981635124,-93.3000000063,274.7000036622));
#10735=CARTESIAN_POINT('',(-107.4981635124,-97.1000000063,274.7000036622));
#10736=CARTESIAN_POINT('Origin',(-107.4981635124,-93.3000000063,274.7000036622));
#10737=CARTESIAN_POINT('Origin',(-107.4981635124,-93.3000000063,256.7000036622));
#10738=CARTESIAN_POINT('',(-107.4981635124,-95.0500000063,249.4000036622));
#10739=CARTESIAN_POINT('',(-107.4981635124,-95.0500000063,256.7000036622));
#10740=CARTESIAN_POINT('Origin',(-107.4981635124,-93.3000000063,249.4000036622));
#10741=CARTESIAN_POINT('Origin',(-120.5981635124,-88.4000000063,274.6000036622));
#10742=CARTESIAN_POINT('',(-120.5981635124,-90.1500000063,274.5000036622));
#10743=CARTESIAN_POINT('Origin',(-120.5981635124,-88.4000000063,274.5000036622));
#10744=CARTESIAN_POINT('',(-120.5981635124,-90.3500000063,274.7000036622));
#10745=CARTESIAN_POINT('',(-120.5981635124,-90.2500000063,274.6000036622));
#10746=CARTESIAN_POINT('Origin',(-120.5981635124,-88.4000000063,274.7000036622));
#10747=CARTESIAN_POINT('Origin',(-120.5981635124,-88.4000000063,274.7000036622));
#10748=CARTESIAN_POINT('',(-120.5981635124,-92.2000000063,274.7000036622));
#10749=CARTESIAN_POINT('Origin',(-120.5981635124,-88.4000000063,274.7000036622));
#10750=CARTESIAN_POINT('Origin',(-120.5981635124,-88.4000000063,256.7000036622));
#10751=CARTESIAN_POINT('',(-120.5981635124,-90.1500000063,249.4000036622));
#10752=CARTESIAN_POINT('',(-120.5981635124,-90.1500000063,256.7000036622));
#10753=CARTESIAN_POINT('Origin',(-120.5981635124,-88.4000000063,249.4000036622));
#10754=CARTESIAN_POINT('Origin',(-151.5981635124,-88.4000000063,274.6000036622));
#10755=CARTESIAN_POINT('',(-151.5981635124,-90.1500000063,274.5000036622));
#10756=CARTESIAN_POINT('Origin',(-151.5981635124,-88.4000000063,274.5000036622));
#10757=CARTESIAN_POINT('',(-151.5981635124,-90.3500000063,274.7000036622));
#10758=CARTESIAN_POINT('',(-151.5981635124,-90.2500000063,274.6000036622));
#10759=CARTESIAN_POINT('Origin',(-151.5981635124,-88.4000000063,274.7000036622));
#10760=CARTESIAN_POINT('Origin',(-151.5981635124,-88.4000000063,274.7000036622));
#10761=CARTESIAN_POINT('',(-151.5981635124,-92.2000000063,274.7000036622));
#10762=CARTESIAN_POINT('Origin',(-151.5981635124,-88.4000000063,274.7000036622));
#10763=CARTESIAN_POINT('Origin',(-151.5981635124,-88.4000000063,256.7000036622));
#10764=CARTESIAN_POINT('',(-151.5981635124,-90.1500000063,249.4000036622));
#10765=CARTESIAN_POINT('',(-151.5981635124,-90.1500000063,256.7000036622));
#10766=CARTESIAN_POINT('Origin',(-151.5981635124,-88.4000000063,249.4000036622));
#10767=CARTESIAN_POINT('Origin',(-151.5981635124,-119.4000000063,274.6000036622));
#10768=CARTESIAN_POINT('',(-151.5981635124,-121.1500000063,274.5000036622));
#10769=CARTESIAN_POINT('Origin',(-151.5981635124,-119.4000000063,274.5000036622));
#10770=CARTESIAN_POINT('',(-151.5981635124,-121.3500000063,274.7000036622));
#10771=CARTESIAN_POINT('',(-151.5981635124,-121.2500000063,274.6000036622));
#10772=CARTESIAN_POINT('Origin',(-151.5981635124,-119.4000000063,274.7000036622));
#10773=CARTESIAN_POINT('Origin',(-151.5981635124,-119.4000000063,274.7000036622));
#10774=CARTESIAN_POINT('',(-151.5981635124,-123.2000000063,274.7000036622));
#10775=CARTESIAN_POINT('Origin',(-151.5981635124,-119.4000000063,274.7000036622));
#10776=CARTESIAN_POINT('Origin',(-151.5981635124,-119.4000000063,256.7000036622));
#10777=CARTESIAN_POINT('',(-151.5981635124,-121.1500000063,249.4000036622));
#10778=CARTESIAN_POINT('',(-151.5981635124,-121.1500000063,256.7000036622));
#10779=CARTESIAN_POINT('Origin',(-151.5981635124,-119.4000000063,249.4000036622));
#10780=CARTESIAN_POINT('Origin',(-151.5981635124,-88.4000000063,274.6000036622));
#10781=CARTESIAN_POINT('',(-151.5981635124,-92.4000000063,274.5000036622));
#10782=CARTESIAN_POINT('',(-151.5981635124,-92.3000000063,274.6000036622));
#10783=CARTESIAN_POINT('Origin',(-151.5981635124,-88.4000000063,274.5000036622));
#10784=CARTESIAN_POINT('Origin',(-151.5981635124,-88.4000000063,274.7000036622));
#10785=CARTESIAN_POINT('',(-151.5981635124,-92.4000000063,257.2000036622));
#10786=CARTESIAN_POINT('Origin',(-151.5981635124,-88.4000000063,257.2000036622));
#10787=CARTESIAN_POINT('',(-151.5981635124,-92.4000000063,274.7000036622));
#10788=CARTESIAN_POINT('Origin',(-107.4981635124,-93.3000000063,274.6000036622));
#10789=CARTESIAN_POINT('',(-107.4981635124,-97.3000000063,274.5000036622));
#10790=CARTESIAN_POINT('',(-107.4981635124,-97.2000000063,274.6000036622));
#10791=CARTESIAN_POINT('Origin',(-107.4981635124,-93.3000000063,274.5000036622));
#10792=CARTESIAN_POINT('Origin',(-107.4981635124,-93.3000000063,274.7000036622));
#10793=CARTESIAN_POINT('',(-107.4981635124,-97.3000000063,257.2000036622));
#10794=CARTESIAN_POINT('Origin',(-107.4981635124,-93.3000000063,257.2000036622));
#10795=CARTESIAN_POINT('',(-107.4981635124,-97.3000000063,274.7000036622));
#10796=CARTESIAN_POINT('Origin',(-120.5981635124,-88.4000000063,274.6000036622));
#10797=CARTESIAN_POINT('',(-120.5981635124,-92.4000000063,274.5000036622));
#10798=CARTESIAN_POINT('',(-120.5981635124,-92.3000000063,274.6000036622));
#10799=CARTESIAN_POINT('Origin',(-120.5981635124,-88.4000000063,274.5000036622));
#10800=CARTESIAN_POINT('Origin',(-120.5981635124,-88.4000000063,274.7000036622));
#10801=CARTESIAN_POINT('',(-120.5981635124,-92.4000000063,257.2000036622));
#10802=CARTESIAN_POINT('Origin',(-120.5981635124,-88.4000000063,257.2000036622));
#10803=CARTESIAN_POINT('',(-120.5981635124,-92.4000000063,274.7000036622));
#10804=CARTESIAN_POINT('Origin',(-151.5981635124,-119.4000000063,274.6000036622));
#10805=CARTESIAN_POINT('',(-151.5981635124,-123.4000000063,274.5000036622));
#10806=CARTESIAN_POINT('',(-151.5981635124,-123.3000000063,274.6000036622));
#10807=CARTESIAN_POINT('Origin',(-151.5981635124,-119.4000000063,274.5000036622));
#10808=CARTESIAN_POINT('Origin',(-151.5981635124,-119.4000000063,274.7000036622));
#10809=CARTESIAN_POINT('',(-151.5981635124,-123.4000000063,257.2000036622));
#10810=CARTESIAN_POINT('Origin',(-151.5981635124,-119.4000000063,257.2000036622));
#10811=CARTESIAN_POINT('',(-151.5981635124,-123.4000000063,274.7000036622));
#10812=CARTESIAN_POINT('Origin',(-136.0981618018,-118.4000023078,249.3000036622));
#10813=CARTESIAN_POINT('',(-138.2981618018,-118.4000023078,249.2000036622));
#10814=CARTESIAN_POINT('Origin',(-136.0981618018,-118.4000023078,249.2000036622));
#10815=CARTESIAN_POINT('',(-138.0981618018,-118.4000023078,249.4000036622));
#10816=CARTESIAN_POINT('',(-138.1981618018,-118.4000023078,249.3000036622));
#10817=CARTESIAN_POINT('',(-134.0981618018,-118.4000023078,249.4000036622));
#10818=CARTESIAN_POINT('Origin',(-136.0981618018,-118.4000023078,249.4000036622));
#10819=CARTESIAN_POINT('Origin',(-136.0981618018,-118.4000023078,249.4000036622));
#10820=CARTESIAN_POINT('Origin',(-106.4626296064,-120.0000000063,249.2000036622));
#10821=CARTESIAN_POINT('',(-153.455522825213,-124.5000000063,249.2000036622));
#10822=CARTESIAN_POINT('',(-118.740804199487,-124.5000000063,249.2000036622));
#10823=CARTESIAN_POINT('',(-130.0626296064,-124.5000000063,249.2000036622));
#10824=CARTESIAN_POINT('',(-156.6981635124,-121.257359319113,249.2000036622));
#10825=CARTESIAN_POINT('',(-142.759076215807,-135.196446615707,249.2000036622));
#10826=CARTESIAN_POINT('',(-156.6981635124,-86.5426406934865,249.2000036622));
#10827=CARTESIAN_POINT('',(-156.6981635124,-103.1677669593,249.2000036622));
#10828=CARTESIAN_POINT('',(-153.455522825213,-83.3000000063,249.2000036622));
#10829=CARTESIAN_POINT('',(-150.809076215807,-80.6535533968933,249.2000036622));
#10830=CARTESIAN_POINT('',(-108.32014896,-83.3000000063,249.2000036622));
#10831=CARTESIAN_POINT('',(-107.3913892832,-83.3000000063,249.2000036622));
#10832=CARTESIAN_POINT('',(-108.070148960028,-83.3669873044491,249.2000036622));
#10833=CARTESIAN_POINT('Origin',(-108.32014896,-83.8000000063,249.2000036622));
#10834=CARTESIAN_POINT('',(-101.148163512428,-87.3633974659643,249.2000036622));
#10835=CARTESIAN_POINT('',(-96.0750565744275,-90.2923571221058,249.2000036622));
#10836=CARTESIAN_POINT('',(-100.4981635124,-88.4892304909,249.2000036622));
#10837=CARTESIAN_POINT('Origin',(-101.7981635124,-88.4892304909,249.2000036622));
#10838=CARTESIAN_POINT('',(-100.4981635124,-114.0000000063,249.2000036622));
#10839=CARTESIAN_POINT('',(-100.4981635124,-117.0000000063,249.2000036622));
#10840=CARTESIAN_POINT('',(-100.9981635124,-114.5000000063,249.2000036622));
#10841=CARTESIAN_POINT('Origin',(-100.9981635124,-114.0000000063,249.2000036622));
#10842=CARTESIAN_POINT('',(-114.4981635124,-114.5000000063,249.2000036622));
#10843=CARTESIAN_POINT('',(-103.7303965594,-114.5000000063,249.2000036622));
#10844=CARTESIAN_POINT('',(-116.9981635124,-117.0000000063,249.2000036622));
#10845=CARTESIAN_POINT('Origin',(-114.4981635124,-117.0000000063,249.2000036622));
#10846=CARTESIAN_POINT('',(-116.9981635124,-122.757359319213,249.2000036622));
#10847=CARTESIAN_POINT('',(-116.9981635124,-121.48223305335,249.2000036622));
#10848=CARTESIAN_POINT('',(-114.619483855918,-120.378679662732,249.2000036622));
#10849=CARTESIAN_POINT('',(-120.5981635124,-121.3500000063,249.2000036622));
#10850=CARTESIAN_POINT('Origin',(-120.5981635124,-119.4000000063,249.2000036622));
#10851=CARTESIAN_POINT('',(-107.4981635124,-109.4500000063,249.2000036622));
#10852=CARTESIAN_POINT('Origin',(-107.4981635124,-107.5000000063,249.2000036622));
#10853=CARTESIAN_POINT('',(-120.5981635124,-90.3500000063,249.2000036622));
#10854=CARTESIAN_POINT('Origin',(-120.5981635124,-88.4000000063,249.2000036622));
#10855=CARTESIAN_POINT('',(-151.5981635124,-90.3500000063,249.2000036622));
#10856=CARTESIAN_POINT('Origin',(-151.5981635124,-88.4000000063,249.2000036622));
#10857=CARTESIAN_POINT('',(-151.5981635124,-121.3500000063,249.2000036622));
#10858=CARTESIAN_POINT('Origin',(-151.5981635124,-119.4000000063,249.2000036622));
#10859=CARTESIAN_POINT('',(-136.0981635124,-115.9000000063,249.2000036622));
#10860=CARTESIAN_POINT('Origin',(-136.0981635124,-103.9000000063,249.2000036622));
#10861=CARTESIAN_POINT('',(-152.7981657088,-103.9000000126,249.2000036622));
#10862=CARTESIAN_POINT('Origin',(-150.5981657088,-103.9000000126,249.2000036622));
#10863=CARTESIAN_POINT('',(-134.4481635124,-89.5000000063,249.2000036622));
#10864=CARTESIAN_POINT('Origin',(-132.2481635124,-89.5000000063,249.2000036622));
#10865=CARTESIAN_POINT('',(-120.9481635124,-101.5000000063,249.2000036622));
#10866=CARTESIAN_POINT('Origin',(-118.7481635124,-101.5000000063,249.2000036622));
#10867=CARTESIAN_POINT('',(-107.4981635124,-95.2500000063,249.2000036622));
#10868=CARTESIAN_POINT('Origin',(-107.4981635124,-93.3000000063,249.2000036622));
#10869=CARTESIAN_POINT('Origin',(-136.0981618018,-118.4000023078,249.2000036622));
#10870=CARTESIAN_POINT('',(-134.0981618018,-118.4000023078,255.2000036622));
#10871=CARTESIAN_POINT('',(-134.0981618018,-118.4000023078,249.2000036622));
#10872=CARTESIAN_POINT('Origin',(-136.0981618018,-118.4000023078,255.2000036622));
#10873=CARTESIAN_POINT('Origin',(-120.5981635124,-119.4000000063,249.3000036622));
#10874=CARTESIAN_POINT('',(-120.5981635124,-121.1500000063,249.4000036622));
#10875=CARTESIAN_POINT('',(-120.5981635124,-121.2500000063,249.3000036622));
#10876=CARTESIAN_POINT('Origin',(-120.5981635124,-119.4000000063,249.4000036622));
#10877=CARTESIAN_POINT('Origin',(-120.5981635124,-119.4000000063,256.7000036622));
#10878=CARTESIAN_POINT('',(-120.5981635124,-121.1500000063,253.0000036622));
#10879=CARTESIAN_POINT('Origin',(-120.5981635124,-119.4000000063,253.0000036622));
#10880=CARTESIAN_POINT('',(-120.5981635124,-121.1500000063,256.7000036622));
#10881=CARTESIAN_POINT('Origin',(-107.4981635124,-93.3000000063,249.3000036622));
#10882=CARTESIAN_POINT('',(-107.4981635124,-95.1500000063,249.3000036622));
#10883=CARTESIAN_POINT('Origin',(-107.4981635124,-107.5000000063,249.3000036622));
#10884=CARTESIAN_POINT('',(-107.4981635124,-109.2500000063,249.4000036622));
#10885=CARTESIAN_POINT('',(-107.4981635124,-109.3500000063,249.3000036622));
#10886=CARTESIAN_POINT('Origin',(-107.4981635124,-107.5000000063,249.4000036622));
#10887=CARTESIAN_POINT('Origin',(-107.4981635124,-107.5000000063,256.7000036622));
#10888=CARTESIAN_POINT('',(-107.4981635124,-109.2500000063,256.5000036622));
#10889=CARTESIAN_POINT('Origin',(-107.4981635124,-107.5000000063,256.5000036622));
#10890=CARTESIAN_POINT('',(-107.4981635124,-109.2500000063,256.7000036622));
#10891=CARTESIAN_POINT('Origin',(-118.7481635124,-101.5000000063,249.3000036622));
#10892=CARTESIAN_POINT('',(-120.7481635124,-101.5000000063,249.4000036622));
#10893=CARTESIAN_POINT('',(-120.8481635124,-101.5000000063,249.3000036622));
#10894=CARTESIAN_POINT('',(-116.7481635124,-101.5000000063,249.4000036622));
#10895=CARTESIAN_POINT('Origin',(-118.7481635124,-101.5000000063,249.4000036622));
#10896=CARTESIAN_POINT('Origin',(-118.7481635124,-101.5000000063,249.4000036622));
#10897=CARTESIAN_POINT('Origin',(-118.7481635124,-101.5000000063,249.2000036622));
#10898=CARTESIAN_POINT('',(-116.7481635124,-101.5000000063,255.2000036622));
#10899=CARTESIAN_POINT('',(-116.7481635124,-101.5000000063,249.2000036622));
#10900=CARTESIAN_POINT('Origin',(-118.7481635124,-101.5000000063,255.2000036622));
#10901=CARTESIAN_POINT('Origin',(-120.5981635124,-88.4000000063,249.3000036622));
#10902=CARTESIAN_POINT('',(-120.5981635124,-90.2500000063,249.3000036622));
#10903=CARTESIAN_POINT('Origin',(-132.2481635124,-89.5000000063,249.3000036622));
#10904=CARTESIAN_POINT('',(-134.2481635124,-89.5000000063,249.4000036622));
#10905=CARTESIAN_POINT('',(-134.3481635124,-89.5000000063,249.3000036622));
#10906=CARTESIAN_POINT('',(-130.2481635124,-89.5000000063,249.4000036622));
#10907=CARTESIAN_POINT('Origin',(-132.2481635124,-89.5000000063,249.4000036622));
#10908=CARTESIAN_POINT('Origin',(-132.2481635124,-89.5000000063,249.4000036622));
#10909=CARTESIAN_POINT('Origin',(-132.2481635124,-89.5000000063,249.2000036622));
#10910=CARTESIAN_POINT('',(-130.2481635124,-89.5000000063,255.2000036622));
#10911=CARTESIAN_POINT('',(-130.2481635124,-89.5000000063,249.2000036622));
#10912=CARTESIAN_POINT('Origin',(-132.2481635124,-89.5000000063,255.2000036622));
#10913=CARTESIAN_POINT('Origin',(-151.5981635124,-88.4000000063,249.3000036622));
#10914=CARTESIAN_POINT('',(-151.5981635124,-90.2500000063,249.3000036622));
#10915=CARTESIAN_POINT('Origin',(-150.5981657088,-103.9000000126,249.3000036622));
#10916=CARTESIAN_POINT('',(-152.5981657088,-103.9000000126,249.4000036622));
#10917=CARTESIAN_POINT('',(-152.6981657088,-103.9000000126,249.3000036622));
#10918=CARTESIAN_POINT('',(-148.5981657088,-103.9000000126,249.4000036622));
#10919=CARTESIAN_POINT('Origin',(-150.5981657088,-103.9000000126,249.4000036622));
#10920=CARTESIAN_POINT('Origin',(-150.5981657088,-103.9000000126,249.4000036622));
#10921=CARTESIAN_POINT('Origin',(-150.5981657088,-103.9000000126,249.2000036622));
#10922=CARTESIAN_POINT('',(-148.5981657088,-103.9000000126,255.2000036622));
#10923=CARTESIAN_POINT('',(-148.5981657088,-103.9000000126,249.2000036622));
#10924=CARTESIAN_POINT('Origin',(-150.5981657088,-103.9000000126,255.2000036622));
#10925=CARTESIAN_POINT('Origin',(-151.5981635124,-119.4000000063,249.3000036622));
#10926=CARTESIAN_POINT('',(-151.5981635124,-121.2500000063,249.3000036622));
#10927=CARTESIAN_POINT('Origin',(-120.5981635124,-119.4000000063,253.1000036622));
#10928=CARTESIAN_POINT('',(-120.5981635124,-121.3500000063,253.2000036622));
#10929=CARTESIAN_POINT('',(-120.5981635124,-121.2500000063,253.1000036622));
#10930=CARTESIAN_POINT('Origin',(-120.5981635124,-119.4000000063,253.2000036622));
#10931=CARTESIAN_POINT('Origin',(-120.5981635124,-119.4000000063,253.2000036622));
#10932=CARTESIAN_POINT('',(-120.5981635124,-122.9000000063,253.2000036622));
#10933=CARTESIAN_POINT('Origin',(-120.5981635124,-119.4000000063,253.2000036622));
#10934=CARTESIAN_POINT('Origin',(-150.5981657088,-103.9000000126,256.6000036622));
#10935=CARTESIAN_POINT('',(-150.5981657088,-105.6500000126,256.5000036622));
#10936=CARTESIAN_POINT('Origin',(-150.5981657088,-103.9000000126,256.5000036622));
#10937=CARTESIAN_POINT('',(-150.5981657088,-105.8500000126,256.7000036622));
#10938=CARTESIAN_POINT('',(-150.5981657088,-105.7500000126,256.6000036622));
#10939=CARTESIAN_POINT('Origin',(-150.5981657088,-103.9000000126,256.7000036622));
#10940=CARTESIAN_POINT('Origin',(-106.4626296064,-120.0000000063,256.7000036622));
#10941=CARTESIAN_POINT('',(-116.9981635124,-117.656440428884,256.7000036622));
#10942=CARTESIAN_POINT('',(-120.5981635124,-123.4000000063,256.7000036622));
#10943=CARTESIAN_POINT('Origin',(-120.5981635124,-119.4000000063,256.7000036622));
#10944=CARTESIAN_POINT('',(-116.9981635124,-117.0000000063,256.7000036622));
#10945=CARTESIAN_POINT('',(-116.9981635124,-121.48223305335,256.7000036622));
#10946=CARTESIAN_POINT('',(-114.4981635124,-114.5000000063,256.7000036622));
#10947=CARTESIAN_POINT('Origin',(-114.4981635124,-117.0000000063,256.7000036622));
#10948=CARTESIAN_POINT('',(-100.9981635124,-114.5000000063,256.7000036622));
#10949=CARTESIAN_POINT('',(-103.7303965594,-114.5000000063,256.7000036622));
#10950=CARTESIAN_POINT('',(-100.4981635124,-114.0000000063,256.7000036622));
#10951=CARTESIAN_POINT('Origin',(-100.9981635124,-114.0000000063,256.7000036622));
#10952=CARTESIAN_POINT('',(-100.4981635124,-88.4892304909,256.7000036622));
#10953=CARTESIAN_POINT('',(-100.4981635124,-117.0000000063,256.7000036622));
#10954=CARTESIAN_POINT('',(-101.148163512428,-87.3633974659643,256.7000036622));
#10955=CARTESIAN_POINT('Origin',(-101.7981635124,-88.4892304909,256.7000036622));
#10956=CARTESIAN_POINT('',(-108.070148960028,-83.3669873044491,256.7000036622));
#10957=CARTESIAN_POINT('',(-96.0750565744275,-90.2923571221058,256.7000036622));
#10958=CARTESIAN_POINT('',(-108.32014896,-83.3000000063,256.7000036622));
#10959=CARTESIAN_POINT('Origin',(-108.32014896,-83.8000000063,256.7000036622));
#10960=CARTESIAN_POINT('',(-153.455522825213,-83.3000000063,256.7000036622));
#10961=CARTESIAN_POINT('',(-107.3913892832,-83.3000000063,256.7000036622));
#10962=CARTESIAN_POINT('',(-156.6981635124,-86.5426406934865,256.7000036622));
#10963=CARTESIAN_POINT('',(-150.809076215807,-80.6535533968933,256.7000036622));
#10964=CARTESIAN_POINT('',(-156.6981635124,-121.257359319114,256.7000036622));
#10965=CARTESIAN_POINT('',(-156.6981635124,-103.1677669593,256.7000036622));
#10966=CARTESIAN_POINT('',(-153.455522825213,-124.5000000063,256.7000036622));
#10967=CARTESIAN_POINT('',(-142.759076215807,-135.196446615707,256.7000036622));
#10968=CARTESIAN_POINT('',(-118.740804199487,-124.5000000063,256.7000036622));
#10969=CARTESIAN_POINT('',(-130.0626296064,-124.5000000063,256.7000036622));
#10970=CARTESIAN_POINT('',(-116.9981635124,-122.757359319213,256.7000036622));
#10971=CARTESIAN_POINT('',(-114.619483855918,-120.378679662732,256.7000036622));
#10972=CARTESIAN_POINT('',(-116.9981635124,-121.143559583716,256.7000036622));
#10973=CARTESIAN_POINT('',(-116.9981635124,-121.48223305335,256.7000036622));
#10974=CARTESIAN_POINT('Origin',(-120.5981635124,-119.4000000063,256.7000036622));
#10975=CARTESIAN_POINT('',(-132.2481635124,-91.4500000063,256.7000036622));
#10976=CARTESIAN_POINT('Origin',(-132.2481635124,-89.5000000063,256.7000036622));
#10977=CARTESIAN_POINT('',(-118.7481635124,-103.4500000063,256.7000036622));
#10978=CARTESIAN_POINT('Origin',(-118.7481635124,-101.5000000063,256.7000036622));
#10979=CARTESIAN_POINT('',(-107.4981635124,-97.8000000063,256.7000036622));
#10980=CARTESIAN_POINT('Origin',(-107.4981635124,-93.3000000063,256.7000036622));
#10981=CARTESIAN_POINT('',(-151.5981635124,-92.9000000063,256.7000036622));
#10982=CARTESIAN_POINT('Origin',(-151.5981635124,-88.4000000063,256.7000036622));
#10983=CARTESIAN_POINT('',(-151.5981635124,-123.9000000063,256.7000036622));
#10984=CARTESIAN_POINT('Origin',(-151.5981635124,-119.4000000063,256.7000036622));
#10985=CARTESIAN_POINT('',(-120.5981635124,-92.9000000063,256.7000036622));
#10986=CARTESIAN_POINT('Origin',(-120.5981635124,-88.4000000063,256.7000036622));
#10987=CARTESIAN_POINT('',(-136.0981635124,-115.9000000063,256.7000036622));
#10988=CARTESIAN_POINT('Origin',(-136.0981635124,-103.9000000063,256.7000036622));
#10989=CARTESIAN_POINT('',(-136.0981618018,-120.3500023078,256.7000036622));
#10990=CARTESIAN_POINT('Origin',(-136.0981618018,-118.4000023078,256.7000036622));
#10991=CARTESIAN_POINT('',(-107.4981635124,-109.4500000063,256.7000036622));
#10992=CARTESIAN_POINT('Origin',(-107.4981635124,-107.5000000063,256.7000036622));
#10993=CARTESIAN_POINT('Origin',(-150.5981657088,-103.9000000126,256.7000036622));
#10994=CARTESIAN_POINT('',(-150.5981657088,-105.6500000126,255.2000036622));
#10995=CARTESIAN_POINT('',(-150.5981657088,-105.6500000126,256.7000036622));
#10996=CARTESIAN_POINT('Origin',(-150.5981657088,-103.9000000126,255.2000036622));
#10997=CARTESIAN_POINT('Origin',(-132.2481635124,-89.5000000063,256.6000036622));
#10998=CARTESIAN_POINT('',(-132.2481635124,-91.2500000063,256.5000036622));
#10999=CARTESIAN_POINT('Origin',(-132.2481635124,-89.5000000063,256.5000036622));
#11000=CARTESIAN_POINT('',(-132.2481635124,-91.3500000063,256.6000036622));
#11001=CARTESIAN_POINT('Origin',(-132.2481635124,-89.5000000063,256.7000036622));
#11002=CARTESIAN_POINT('',(-132.2481635124,-91.2500000063,255.2000036622));
#11003=CARTESIAN_POINT('',(-132.2481635124,-91.2500000063,256.7000036622));
#11004=CARTESIAN_POINT('Origin',(-132.2481635124,-89.5000000063,255.2000036622));
#11005=CARTESIAN_POINT('Origin',(-107.4981635124,-107.5000000063,256.6000036622));
#11006=CARTESIAN_POINT('',(-107.4981635124,-109.3500000063,256.6000036622));
#11007=CARTESIAN_POINT('Origin',(-118.7481635124,-101.5000000063,256.6000036622));
#11008=CARTESIAN_POINT('',(-118.7481635124,-103.2500000063,256.5000036622));
#11009=CARTESIAN_POINT('Origin',(-118.7481635124,-101.5000000063,256.5000036622));
#11010=CARTESIAN_POINT('',(-118.7481635124,-103.3500000063,256.6000036622));
#11011=CARTESIAN_POINT('Origin',(-118.7481635124,-101.5000000063,256.7000036622));
#11012=CARTESIAN_POINT('',(-118.7481635124,-103.2500000063,255.2000036622));
#11013=CARTESIAN_POINT('',(-118.7481635124,-103.2500000063,256.7000036622));
#11014=CARTESIAN_POINT('Origin',(-118.7481635124,-101.5000000063,255.2000036622));
#11015=CARTESIAN_POINT('Origin',(-136.0981618018,-118.4000023078,256.6000036622));
#11016=CARTESIAN_POINT('',(-136.0981618018,-120.1500023078,256.5000036622));
#11017=CARTESIAN_POINT('Origin',(-136.0981618018,-118.4000023078,256.5000036622));
#11018=CARTESIAN_POINT('',(-136.0981618018,-120.2500023078,256.6000036622));
#11019=CARTESIAN_POINT('Origin',(-136.0981618018,-118.4000023078,256.7000036622));
#11020=CARTESIAN_POINT('',(-136.0981618018,-120.1500023078,255.2000036622));
#11021=CARTESIAN_POINT('',(-136.0981618018,-120.1500023078,256.7000036622));
#11022=CARTESIAN_POINT('Origin',(-136.0981618018,-118.4000023078,255.2000036622));
#11023=CARTESIAN_POINT('Origin',(-120.5981635124,-119.4000000063,256.4500036622));
#11024=CARTESIAN_POINT('',(-120.5981635124,-122.9000000063,256.2000036622));
#11025=CARTESIAN_POINT('Origin',(-120.5981635124,-119.4000000063,256.2000036622));
#11026=CARTESIAN_POINT('',(-120.5981635124,-123.1500000063,256.4500036622));
#11027=CARTESIAN_POINT('Ctrl Pts',(-116.9981635124,-121.143559583716,256.7000036622));
#11028=CARTESIAN_POINT('Ctrl Pts',(-116.5981635124,-119.4000000063,256.3000036622));
#11029=CARTESIAN_POINT('Ctrl Pts',(-116.9981635124,-117.656440428884,256.7000036622));
#11030=CARTESIAN_POINT('Origin',(-116.7481635124,-121.48223305335,256.4500036622));
#11031=CARTESIAN_POINT('',(-116.4981635124,-122.9644661004,256.2000036622));
#11032=CARTESIAN_POINT('',(-116.9981635124,-122.757359319213,256.7000036622));
#11033=CARTESIAN_POINT('',(-116.4981635124,-117.0000000063,256.2000036622));
#11034=CARTESIAN_POINT('',(-116.4981635124,-121.48223305335,256.2000036622));
#11035=CARTESIAN_POINT('',(-116.4981635124,-117.0000000063,256.2000036622));
#11036=CARTESIAN_POINT('Origin',(-120.5981635124,-119.4000000063,253.2000036622));
#11037=CARTESIAN_POINT('',(-120.5981635124,-122.9000000063,253.2000036622));
#11038=CARTESIAN_POINT('Origin',(-136.0981635124,-103.9000000063,249.4500036622));
#11039=CARTESIAN_POINT('',(-136.0981635124,-115.4000000063,249.7000036622));
#11040=CARTESIAN_POINT('',(-136.0981635124,-115.6500000063,249.4500036622));
#11041=CARTESIAN_POINT('Origin',(-136.0981635124,-103.9000000063,249.7000036622));
#11042=CARTESIAN_POINT('Origin',(-136.0981635124,-103.9000000063,256.7000036622));
#11043=CARTESIAN_POINT('',(-136.0981635124,-115.4000000063,256.2000036622));
#11044=CARTESIAN_POINT('Origin',(-136.0981635124,-103.9000000063,256.2000036622));
#11045=CARTESIAN_POINT('',(-136.0981635124,-115.4000000063,256.7000036622));
#11046=CARTESIAN_POINT('Origin',(-156.9481635124,-103.1677669593,249.4500036622));
#11047=CARTESIAN_POINT('',(-157.1981635124,-121.4644661004,249.7000036622));
#11048=CARTESIAN_POINT('',(-156.6981635124,-121.257359319113,249.2000036622));
#11049=CARTESIAN_POINT('',(-157.1981635124,-86.3355339123,249.7000036622));
#11050=CARTESIAN_POINT('',(-157.1981635124,-103.1677669593,249.7000036622));
#11051=CARTESIAN_POINT('',(-156.6981635124,-86.5426406934865,249.2000036622));
#11052=CARTESIAN_POINT('Origin',(-130.0626296064,-124.7500000063,249.4500036622));
#11053=CARTESIAN_POINT('',(-118.5336974183,-125.0000000063,249.7000036622));
#11054=CARTESIAN_POINT('',(-153.6626296064,-125.0000000063,249.7000036622));
#11055=CARTESIAN_POINT('',(-130.0626296064,-125.0000000063,249.7000036622));
#11056=CARTESIAN_POINT('',(-153.6626296064,-125.0000000063,249.7000036622));
#11057=CARTESIAN_POINT('',(-118.740804199487,-124.5000000063,249.2000036622));
#11058=CARTESIAN_POINT('Origin',(-142.935852911103,-135.373223311003,249.4500036622));
#11059=CARTESIAN_POINT('',(-143.1126296064,-135.5500000063,249.7000036622));
#11060=CARTESIAN_POINT('Origin',(-114.442707160622,-120.555456358028,249.4500036622));
#11061=CARTESIAN_POINT('',(-116.4981635124,-122.9644661004,249.7000036622));
#11062=CARTESIAN_POINT('',(-114.265930465325,-120.732233053325,249.7000036622));
#11063=CARTESIAN_POINT('',(-116.9981635124,-122.757359319213,249.2000036622));
#11064=CARTESIAN_POINT('Origin',(-116.7481635124,-121.48223305335,249.4500036622));
#11065=CARTESIAN_POINT('',(-116.4981635124,-117.0000000063,249.7000036622));
#11066=CARTESIAN_POINT('',(-116.9981635124,-117.0000000063,249.2000036622));
#11067=CARTESIAN_POINT('',(-116.4981635124,-121.48223305335,249.7000036622));
#11068=CARTESIAN_POINT('Origin',(-114.4981635124,-117.0000000063,249.4500036622));
#11069=CARTESIAN_POINT('',(-114.4981635124,-115.0000000063,249.7000036622));
#11070=CARTESIAN_POINT('',(-114.4981635124,-114.5000000063,249.2000036622));
#11071=CARTESIAN_POINT('Origin',(-114.4981635124,-117.0000000063,249.7000036622));
#11072=CARTESIAN_POINT('Origin',(-103.7303965594,-114.7500000063,249.4500036622));
#11073=CARTESIAN_POINT('',(-100.9981635124,-115.0000000063,249.7000036622));
#11074=CARTESIAN_POINT('',(-100.9981635124,-114.5000000063,249.2000036622));
#11075=CARTESIAN_POINT('',(-103.7303965594,-115.0000000063,249.7000036622));
#11076=CARTESIAN_POINT('Origin',(-100.9981635124,-114.0000000063,249.4500036622));
#11077=CARTESIAN_POINT('',(-99.9981635124,-114.0000000063,249.7000036622));
#11078=CARTESIAN_POINT('',(-100.4981635124,-114.0000000063,249.2000036622));
#11079=CARTESIAN_POINT('Origin',(-100.9981635124,-114.0000000063,249.7000036622));
#11080=CARTESIAN_POINT('Origin',(-100.2481635124,-117.0000000063,249.4500036622));
#11081=CARTESIAN_POINT('',(-99.9981635124,-88.4892304909,249.7000036622));
#11082=CARTESIAN_POINT('',(-100.4981635124,-88.4892304909,249.2000036622));
#11083=CARTESIAN_POINT('',(-99.9981635124,-117.0000000063,249.7000036622));
#11084=CARTESIAN_POINT('Origin',(-101.7981635124,-88.4892304909,249.4500036622));
#11085=CARTESIAN_POINT('',(-100.8981635124,-86.930384764,249.7000036622));
#11086=CARTESIAN_POINT('',(-101.148163512428,-87.3633974659643,249.2000036622));
#11087=CARTESIAN_POINT('Origin',(-101.7981635124,-88.4892304909,249.7000036622));
#11088=CARTESIAN_POINT('Origin',(-95.9500565744292,-90.0758507711587,249.4500036622));
#11089=CARTESIAN_POINT('',(-107.82014896,-82.9339746025,249.7000036622));
#11090=CARTESIAN_POINT('',(-108.070148960028,-83.3669873044491,249.2000036622));
#11091=CARTESIAN_POINT('',(-95.8250565744309,-89.8593444202116,249.7000036622));
#11092=CARTESIAN_POINT('Origin',(-108.32014896,-83.8000000063,249.4500036622));
#11093=CARTESIAN_POINT('',(-108.32014896,-82.8000000063,249.7000036622));
#11094=CARTESIAN_POINT('',(-108.32014896,-83.3000000063,249.2000036622));
#11095=CARTESIAN_POINT('Origin',(-108.32014896,-83.8000000063,249.7000036622));
#11096=CARTESIAN_POINT('Origin',(-107.3913892832,-83.0500000063,249.4500036622));
#11097=CARTESIAN_POINT('',(-153.6626296064,-82.8000000063,249.7000036622));
#11098=CARTESIAN_POINT('',(-107.3913892832,-82.8000000063,249.7000036622));
#11099=CARTESIAN_POINT('',(-153.455522825213,-83.3000000063,249.2000036622));
#11100=CARTESIAN_POINT('Origin',(-150.985852911103,-80.4767767015966,249.4500036622));
#11101=CARTESIAN_POINT('',(-151.1626296064,-80.3000000063,249.7000036622));
#11102=CARTESIAN_POINT('Origin',(-100.8981635124,-86.930384764,256.7000036622));
#11103=CARTESIAN_POINT('',(-107.82014896,-82.9339746025,256.2000036622));
#11104=CARTESIAN_POINT('',(-107.82014896,-82.9339746025,256.7000036622));
#11105=CARTESIAN_POINT('',(-100.8981635124,-86.930384764,256.2000036622));
#11106=CARTESIAN_POINT('',(-95.8250565744309,-89.8593444202116,256.2000036622));
#11107=CARTESIAN_POINT('',(-100.8981635124,-86.930384764,256.7000036622));
#11108=CARTESIAN_POINT('Origin',(-108.32014896,-83.8000000063,256.7000036622));
#11109=CARTESIAN_POINT('',(-108.32014896,-82.8000000063,256.2000036622));
#11110=CARTESIAN_POINT('',(-108.32014896,-82.8000000063,256.7000036622));
#11111=CARTESIAN_POINT('Origin',(-108.32014896,-83.8000000063,256.2000036622));
#11112=CARTESIAN_POINT('Origin',(-108.32014896,-82.8000000063,256.7000036622));
#11113=CARTESIAN_POINT('',(-153.6626296064,-82.8000000063,256.2000036622));
#11114=CARTESIAN_POINT('',(-153.6626296064,-82.8000000063,256.7000036622));
#11115=CARTESIAN_POINT('',(-107.3913892832,-82.8000000063,256.2000036622));
#11116=CARTESIAN_POINT('Origin',(-153.6626296064,-82.8000000063,256.7000036622));
#11117=CARTESIAN_POINT('',(-157.1981635124,-86.3355339123,256.2000036622));
#11118=CARTESIAN_POINT('',(-157.1981635124,-86.3355339123,256.7000036622));
#11119=CARTESIAN_POINT('',(-151.1626296064,-80.3000000063,256.2000036622));
#11120=CARTESIAN_POINT('Origin',(-157.1981635124,-86.3355339123,256.7000036622));
#11121=CARTESIAN_POINT('',(-157.1981635124,-121.4644661004,256.2000036622));
#11122=CARTESIAN_POINT('',(-157.1981635124,-121.4644661004,256.7000036622));
#11123=CARTESIAN_POINT('',(-157.1981635124,-103.1677669593,256.2000036622));
#11124=CARTESIAN_POINT('Origin',(-153.6626296064,-125.0000000063,256.7000036622));
#11125=CARTESIAN_POINT('',(-153.6626296064,-125.0000000063,256.2000036622));
#11126=CARTESIAN_POINT('',(-153.6626296064,-125.0000000063,256.7000036622));
#11127=CARTESIAN_POINT('',(-143.1126296064,-135.5500000063,256.2000036622));
#11128=CARTESIAN_POINT('Origin',(-153.6626296064,-125.0000000063,256.7000036622));
#11129=CARTESIAN_POINT('',(-118.5336974183,-125.0000000063,256.2000036622));
#11130=CARTESIAN_POINT('',(-118.5336974183,-125.0000000063,256.7000036622));
#11131=CARTESIAN_POINT('',(-130.0626296064,-125.0000000063,256.2000036622));
#11132=CARTESIAN_POINT('Origin',(-156.9481635124,-103.1677669593,256.4500036622));
#11133=CARTESIAN_POINT('',(-156.6981635124,-86.5426406934865,256.7000036622));
#11134=CARTESIAN_POINT('',(-156.6981635124,-121.257359319114,256.7000036622));
#11135=CARTESIAN_POINT('Origin',(-150.985852911103,-80.4767767015966,256.4500036622));
#11136=CARTESIAN_POINT('',(-153.455522825213,-83.3000000063,256.7000036622));
#11137=CARTESIAN_POINT('Origin',(-114.4981635124,-117.0000000063,256.4500036622));
#11138=CARTESIAN_POINT('',(-114.4981635124,-115.0000000063,256.2000036622));
#11139=CARTESIAN_POINT('',(-114.4981635124,-115.0000000063,256.2000036622));
#11140=CARTESIAN_POINT('Origin',(-114.4981635124,-117.0000000063,256.2000036622));
#11141=CARTESIAN_POINT('Origin',(-103.7303965594,-114.7500000063,256.4500036622));
#11142=CARTESIAN_POINT('',(-100.9981635124,-115.0000000063,256.2000036622));
#11143=CARTESIAN_POINT('',(-100.9981635124,-115.0000000063,256.2000036622));
#11144=CARTESIAN_POINT('',(-103.7303965594,-115.0000000063,256.2000036622));
#11145=CARTESIAN_POINT('Origin',(-100.9981635124,-114.0000000063,256.4500036622));
#11146=CARTESIAN_POINT('',(-99.9981635124,-114.0000000063,256.2000036622));
#11147=CARTESIAN_POINT('Origin',(-100.9981635124,-114.0000000063,256.2000036622));
#11148=CARTESIAN_POINT('',(-99.9981635124,-114.0000000063,256.2000036622));
#11149=CARTESIAN_POINT('Origin',(-100.2481635124,-117.0000000063,256.4500036622));
#11150=CARTESIAN_POINT('',(-99.9981635124,-88.4892304909,256.2000036622));
#11151=CARTESIAN_POINT('',(-99.9981635124,-88.4892304909,256.2000036622));
#11152=CARTESIAN_POINT('',(-99.9981635124,-117.0000000063,256.2000036622));
#11153=CARTESIAN_POINT('Origin',(-101.7981635124,-88.4892304909,256.4500036622));
#11154=CARTESIAN_POINT('',(-100.8981635124,-86.930384764,256.2000036622));
#11155=CARTESIAN_POINT('Origin',(-101.7981635124,-88.4892304909,256.2000036622));
#11156=CARTESIAN_POINT('Origin',(-95.9500565744292,-90.0758507711587,256.4500036622));
#11157=CARTESIAN_POINT('',(-107.82014896,-82.9339746025,256.2000036622));
#11158=CARTESIAN_POINT('Origin',(-108.32014896,-83.8000000063,256.4500036622));
#11159=CARTESIAN_POINT('',(-108.32014896,-82.8000000063,256.2000036622));
#11160=CARTESIAN_POINT('Origin',(-107.3913892832,-83.0500000063,256.4500036622));
#11161=CARTESIAN_POINT('Origin',(-114.442707160622,-120.555456358028,256.4500036622));
#11162=CARTESIAN_POINT('',(-114.265930465325,-120.732233053325,256.2000036622));
#11163=CARTESIAN_POINT('',(-118.740804199487,-124.5000000063,256.7000036622));
#11164=CARTESIAN_POINT('Origin',(-130.0626296064,-124.7500000063,256.4500036622));
#11165=CARTESIAN_POINT('',(-153.455522825213,-124.5000000063,256.7000036622));
#11166=CARTESIAN_POINT('Origin',(-142.935852911103,-135.373223311003,256.4500036622));
#11167=CARTESIAN_POINT('Origin',(-101.7981635124,-88.4892304909,256.7000036622));
#11168=CARTESIAN_POINT('',(-99.9981635124,-88.4892304909,256.7000036622));
#11169=CARTESIAN_POINT('Origin',(-99.9981635124,-114.0000000063,256.7000036622));
#11170=CARTESIAN_POINT('',(-99.9981635124,-114.0000000063,256.7000036622));
#11171=CARTESIAN_POINT('Origin',(-100.9981635124,-114.0000000063,256.7000036622));
#11172=CARTESIAN_POINT('',(-100.9981635124,-115.0000000063,256.7000036622));
#11173=CARTESIAN_POINT('Origin',(-100.9981635124,-115.0000000063,256.7000036622));
#11174=CARTESIAN_POINT('',(-114.4981635124,-115.0000000063,256.7000036622));
#11175=CARTESIAN_POINT('Origin',(-114.4981635124,-117.0000000063,256.7000036622));
#11176=CARTESIAN_POINT('',(-116.4981635124,-117.0000000063,256.7000036622));
#11177=CARTESIAN_POINT('Origin',(-116.4981635124,-122.9644661004,256.7000036622));
#11178=CARTESIAN_POINT('',(-116.4981635124,-122.9644661004,256.7000036622));
#11179=CARTESIAN_POINT('Origin',(-136.0981635124,-103.9000000063,256.4500036622));
#11180=CARTESIAN_POINT('',(-136.0981635124,-115.6500000063,256.4500036622));
#11181=CARTESIAN_POINT('Origin',(-107.4981635124,-93.3000000063,256.9500036622));
#11182=CARTESIAN_POINT('',(-107.4981635124,-97.5500000063,256.9500036622));
#11183=CARTESIAN_POINT('Origin',(-120.5981635124,-88.4000000063,256.9500036622));
#11184=CARTESIAN_POINT('',(-120.5981635124,-92.6500000063,256.9500036622));
#11185=CARTESIAN_POINT('Origin',(-151.5981635124,-88.4000000063,256.9500036622));
#11186=CARTESIAN_POINT('',(-151.5981635124,-92.6500000063,256.9500036622));
#11187=CARTESIAN_POINT('Origin',(-151.5981635124,-119.4000000063,256.9500036622));
#11188=CARTESIAN_POINT('',(-151.5981635124,-123.6500000063,256.9500036622));
#11189=CARTESIAN_POINT('Origin',(-132.2481635124,-89.5000000063,255.2000036622));
#11190=CARTESIAN_POINT('Origin',(-150.5981657088,-103.9000000126,255.2000036622));
#11191=CARTESIAN_POINT('Origin',(-118.7481635124,-101.5000000063,255.2000036622));
#11192=CARTESIAN_POINT('Origin',(-136.0981618018,-118.4000023078,255.2000036622));
#11193=CARTESIAN_POINT('Origin',(-118.5336974183,-125.0000000063,256.7000036622));
#11194=CARTESIAN_POINT('Origin',(107.4981635124,-93.3000000063,274.6000036622));
#11195=CARTESIAN_POINT('',(107.4981635124,-95.0500000063,274.5000036622));
#11196=CARTESIAN_POINT('Origin',(107.4981635124,-93.3000000063,274.5000036622));
#11197=CARTESIAN_POINT('',(107.4981635124,-95.2500000063,274.7000036622));
#11198=CARTESIAN_POINT('',(107.4981635124,-95.1500000063,274.6000036622));
#11199=CARTESIAN_POINT('Origin',(107.4981635124,-93.3000000063,274.7000036622));
#11200=CARTESIAN_POINT('Origin',(107.4981635124,-93.3000000063,274.7000036622));
#11201=CARTESIAN_POINT('',(107.4981635124,-97.1000000063,274.7000036622));
#11202=CARTESIAN_POINT('Origin',(107.4981635124,-93.3000000063,274.7000036622));
#11203=CARTESIAN_POINT('Origin',(107.4981635124,-93.3000000063,256.7000036622));
#11204=CARTESIAN_POINT('',(107.4981635124,-95.0500000063,249.4000036622));
#11205=CARTESIAN_POINT('',(107.4981635124,-95.0500000063,256.7000036622));
#11206=CARTESIAN_POINT('Origin',(107.4981635124,-93.3000000063,249.4000036622));
#11207=CARTESIAN_POINT('Origin',(120.5981635124,-88.4000000063,274.6000036622));
#11208=CARTESIAN_POINT('',(120.5981635124,-90.1500000063,274.5000036622));
#11209=CARTESIAN_POINT('Origin',(120.5981635124,-88.4000000063,274.5000036622));
#11210=CARTESIAN_POINT('',(120.5981635124,-90.3500000063,274.7000036622));
#11211=CARTESIAN_POINT('',(120.5981635124,-90.2500000063,274.6000036622));
#11212=CARTESIAN_POINT('Origin',(120.5981635124,-88.4000000063,274.7000036622));
#11213=CARTESIAN_POINT('Origin',(120.5981635124,-88.4000000063,274.7000036622));
#11214=CARTESIAN_POINT('',(120.5981635124,-92.2000000063,274.7000036622));
#11215=CARTESIAN_POINT('Origin',(120.5981635124,-88.4000000063,274.7000036622));
#11216=CARTESIAN_POINT('Origin',(120.5981635124,-88.4000000063,256.7000036622));
#11217=CARTESIAN_POINT('',(120.5981635124,-90.1500000063,249.4000036622));
#11218=CARTESIAN_POINT('',(120.5981635124,-90.1500000063,256.7000036622));
#11219=CARTESIAN_POINT('Origin',(120.5981635124,-88.4000000063,249.4000036622));
#11220=CARTESIAN_POINT('Origin',(151.5981635124,-88.4000000063,274.6000036622));
#11221=CARTESIAN_POINT('',(151.5981635124,-90.1500000063,274.5000036622));
#11222=CARTESIAN_POINT('Origin',(151.5981635124,-88.4000000063,274.5000036622));
#11223=CARTESIAN_POINT('',(151.5981635124,-90.3500000063,274.7000036622));
#11224=CARTESIAN_POINT('',(151.5981635124,-90.2500000063,274.6000036622));
#11225=CARTESIAN_POINT('Origin',(151.5981635124,-88.4000000063,274.7000036622));
#11226=CARTESIAN_POINT('Origin',(151.5981635124,-88.4000000063,274.7000036622));
#11227=CARTESIAN_POINT('',(151.5981635124,-92.2000000063,274.7000036622));
#11228=CARTESIAN_POINT('Origin',(151.5981635124,-88.4000000063,274.7000036622));
#11229=CARTESIAN_POINT('Origin',(151.5981635124,-88.4000000063,256.7000036622));
#11230=CARTESIAN_POINT('',(151.5981635124,-90.1500000063,249.4000036622));
#11231=CARTESIAN_POINT('',(151.5981635124,-90.1500000063,256.7000036622));
#11232=CARTESIAN_POINT('Origin',(151.5981635124,-88.4000000063,249.4000036622));
#11233=CARTESIAN_POINT('Origin',(151.5981635124,-119.4000000063,274.6000036622));
#11234=CARTESIAN_POINT('',(151.5981635124,-121.1500000063,274.5000036622));
#11235=CARTESIAN_POINT('Origin',(151.5981635124,-119.4000000063,274.5000036622));
#11236=CARTESIAN_POINT('',(151.5981635124,-121.3500000063,274.7000036622));
#11237=CARTESIAN_POINT('',(151.5981635124,-121.2500000063,274.6000036622));
#11238=CARTESIAN_POINT('Origin',(151.5981635124,-119.4000000063,274.7000036622));
#11239=CARTESIAN_POINT('Origin',(151.5981635124,-119.4000000063,274.7000036622));
#11240=CARTESIAN_POINT('',(151.5981635124,-123.2000000063,274.7000036622));
#11241=CARTESIAN_POINT('Origin',(151.5981635124,-119.4000000063,274.7000036622));
#11242=CARTESIAN_POINT('Origin',(151.5981635124,-119.4000000063,256.7000036622));
#11243=CARTESIAN_POINT('',(151.5981635124,-121.1500000063,249.4000036622));
#11244=CARTESIAN_POINT('',(151.5981635124,-121.1500000063,256.7000036622));
#11245=CARTESIAN_POINT('Origin',(151.5981635124,-119.4000000063,249.4000036622));
#11246=CARTESIAN_POINT('Origin',(151.5981635124,-88.4000000063,274.6000036622));
#11247=CARTESIAN_POINT('',(151.5981635124,-92.4000000063,274.5000036622));
#11248=CARTESIAN_POINT('',(151.5981635124,-92.3000000063,274.6000036622));
#11249=CARTESIAN_POINT('Origin',(151.5981635124,-88.4000000063,274.5000036622));
#11250=CARTESIAN_POINT('Origin',(151.5981635124,-88.4000000063,274.7000036622));
#11251=CARTESIAN_POINT('',(151.5981635124,-92.4000000063,257.2000036622));
#11252=CARTESIAN_POINT('Origin',(151.5981635124,-88.4000000063,257.2000036622));
#11253=CARTESIAN_POINT('',(151.5981635124,-92.4000000063,274.7000036622));
#11254=CARTESIAN_POINT('Origin',(107.4981635124,-93.3000000063,274.6000036622));
#11255=CARTESIAN_POINT('',(107.4981635124,-97.3000000063,274.5000036622));
#11256=CARTESIAN_POINT('',(107.4981635124,-97.2000000063,274.6000036622));
#11257=CARTESIAN_POINT('Origin',(107.4981635124,-93.3000000063,274.5000036622));
#11258=CARTESIAN_POINT('Origin',(107.4981635124,-93.3000000063,274.7000036622));
#11259=CARTESIAN_POINT('',(107.4981635124,-97.3000000063,257.2000036622));
#11260=CARTESIAN_POINT('Origin',(107.4981635124,-93.3000000063,257.2000036622));
#11261=CARTESIAN_POINT('',(107.4981635124,-97.3000000063,274.7000036622));
#11262=CARTESIAN_POINT('Origin',(120.5981635124,-88.4000000063,274.6000036622));
#11263=CARTESIAN_POINT('',(120.5981635124,-92.4000000063,274.5000036622));
#11264=CARTESIAN_POINT('',(120.5981635124,-92.3000000063,274.6000036622));
#11265=CARTESIAN_POINT('Origin',(120.5981635124,-88.4000000063,274.5000036622));
#11266=CARTESIAN_POINT('Origin',(120.5981635124,-88.4000000063,274.7000036622));
#11267=CARTESIAN_POINT('',(120.5981635124,-92.4000000063,257.2000036622));
#11268=CARTESIAN_POINT('Origin',(120.5981635124,-88.4000000063,257.2000036622));
#11269=CARTESIAN_POINT('',(120.5981635124,-92.4000000063,274.7000036622));
#11270=CARTESIAN_POINT('Origin',(151.5981635124,-119.4000000063,274.6000036622));
#11271=CARTESIAN_POINT('',(151.5981635124,-123.4000000063,274.5000036622));
#11272=CARTESIAN_POINT('',(151.5981635124,-123.3000000063,274.6000036622));
#11273=CARTESIAN_POINT('Origin',(151.5981635124,-119.4000000063,274.5000036622));
#11274=CARTESIAN_POINT('Origin',(151.5981635124,-119.4000000063,274.7000036622));
#11275=CARTESIAN_POINT('',(151.5981635124,-123.4000000063,257.2000036622));
#11276=CARTESIAN_POINT('Origin',(151.5981635124,-119.4000000063,257.2000036622));
#11277=CARTESIAN_POINT('',(151.5981635124,-123.4000000063,274.7000036622));
#11278=CARTESIAN_POINT('Origin',(136.0981618018,-118.4000023078,249.3000036622));
#11279=CARTESIAN_POINT('',(138.2981618018,-118.4000023078,249.2000036622));
#11280=CARTESIAN_POINT('Origin',(136.0981618018,-118.4000023078,249.2000036622));
#11281=CARTESIAN_POINT('',(138.0981618018,-118.4000023078,249.4000036622));
#11282=CARTESIAN_POINT('',(138.1981618018,-118.4000023078,249.3000036622));
#11283=CARTESIAN_POINT('',(134.0981618018,-118.4000023078,249.4000036622));
#11284=CARTESIAN_POINT('Origin',(136.0981618018,-118.4000023078,249.4000036622));
#11285=CARTESIAN_POINT('Origin',(136.0981618018,-118.4000023078,249.4000036622));
#11286=CARTESIAN_POINT('Origin',(106.4626296064,-120.0000000063,249.2000036622));
#11287=CARTESIAN_POINT('',(153.455522825213,-124.5000000063,249.2000036622));
#11288=CARTESIAN_POINT('',(118.740804199487,-124.5000000063,249.2000036622));
#11289=CARTESIAN_POINT('',(130.0626296064,-124.5000000063,249.2000036622));
#11290=CARTESIAN_POINT('',(116.9981635124,-122.757359319213,249.2000036622));
#11291=CARTESIAN_POINT('',(114.619483855918,-120.378679662732,249.2000036622));
#11292=CARTESIAN_POINT('',(116.9981635124,-117.0000000063,249.2000036622));
#11293=CARTESIAN_POINT('',(116.9981635124,-121.48223305335,249.2000036622));
#11294=CARTESIAN_POINT('',(114.4981635124,-114.5000000063,249.2000036622));
#11295=CARTESIAN_POINT('Origin',(114.4981635124,-117.0000000063,249.2000036622));
#11296=CARTESIAN_POINT('',(100.9981635124,-114.5000000063,249.2000036622));
#11297=CARTESIAN_POINT('',(103.7303965594,-114.5000000063,249.2000036622));
#11298=CARTESIAN_POINT('',(100.4981635124,-114.0000000063,249.2000036622));
#11299=CARTESIAN_POINT('Origin',(100.9981635124,-114.0000000063,249.2000036622));
#11300=CARTESIAN_POINT('',(100.4981635124,-88.4892304909,249.2000036622));
#11301=CARTESIAN_POINT('',(100.4981635124,-117.0000000063,249.2000036622));
#11302=CARTESIAN_POINT('',(101.148163512428,-87.3633974659643,249.2000036622));
#11303=CARTESIAN_POINT('Origin',(101.7981635124,-88.4892304909,249.2000036622));
#11304=CARTESIAN_POINT('',(108.070148960028,-83.3669873044491,249.2000036622));
#11305=CARTESIAN_POINT('',(96.0750565744275,-90.2923571221058,249.2000036622));
#11306=CARTESIAN_POINT('',(108.32014896,-83.3000000063,249.2000036622));
#11307=CARTESIAN_POINT('Origin',(108.32014896,-83.8000000063,249.2000036622));
#11308=CARTESIAN_POINT('',(153.455522825213,-83.3000000063,249.2000036622));
#11309=CARTESIAN_POINT('',(107.3913892832,-83.3000000063,249.2000036622));
#11310=CARTESIAN_POINT('',(156.6981635124,-86.5426406934865,249.2000036622));
#11311=CARTESIAN_POINT('',(150.809076215807,-80.6535533968933,249.2000036622));
#11312=CARTESIAN_POINT('',(156.6981635124,-121.257359319113,249.2000036622));
#11313=CARTESIAN_POINT('',(156.6981635124,-103.1677669593,249.2000036622));
#11314=CARTESIAN_POINT('',(142.759076215807,-135.196446615707,249.2000036622));
#11315=CARTESIAN_POINT('',(120.5981635124,-121.3500000063,249.2000036622));
#11316=CARTESIAN_POINT('Origin',(120.5981635124,-119.4000000063,249.2000036622));
#11317=CARTESIAN_POINT('',(107.4981635124,-109.4500000063,249.2000036622));
#11318=CARTESIAN_POINT('Origin',(107.4981635124,-107.5000000063,249.2000036622));
#11319=CARTESIAN_POINT('',(120.5981635124,-90.3500000063,249.2000036622));
#11320=CARTESIAN_POINT('Origin',(120.5981635124,-88.4000000063,249.2000036622));
#11321=CARTESIAN_POINT('',(151.5981635124,-90.3500000063,249.2000036622));
#11322=CARTESIAN_POINT('Origin',(151.5981635124,-88.4000000063,249.2000036622));
#11323=CARTESIAN_POINT('',(151.5981635124,-121.3500000063,249.2000036622));
#11324=CARTESIAN_POINT('Origin',(151.5981635124,-119.4000000063,249.2000036622));
#11325=CARTESIAN_POINT('',(136.0981635124,-115.9000000063,249.2000036622));
#11326=CARTESIAN_POINT('Origin',(136.0981635124,-103.9000000063,249.2000036622));
#11327=CARTESIAN_POINT('',(152.7981657088,-103.9000000126,249.2000036622));
#11328=CARTESIAN_POINT('Origin',(150.5981657088,-103.9000000126,249.2000036622));
#11329=CARTESIAN_POINT('',(134.4481635124,-89.5000000063,249.2000036622));
#11330=CARTESIAN_POINT('Origin',(132.2481635124,-89.5000000063,249.2000036622));
#11331=CARTESIAN_POINT('',(120.9481635124,-101.5000000063,249.2000036622));
#11332=CARTESIAN_POINT('Origin',(118.7481635124,-101.5000000063,249.2000036622));
#11333=CARTESIAN_POINT('',(107.4981635124,-95.2500000063,249.2000036622));
#11334=CARTESIAN_POINT('Origin',(107.4981635124,-93.3000000063,249.2000036622));
#11335=CARTESIAN_POINT('Origin',(136.0981618018,-118.4000023078,249.2000036622));
#11336=CARTESIAN_POINT('',(134.0981618018,-118.4000023078,255.2000036622));
#11337=CARTESIAN_POINT('',(134.0981618018,-118.4000023078,249.2000036622));
#11338=CARTESIAN_POINT('Origin',(136.0981618018,-118.4000023078,255.2000036622));
#11339=CARTESIAN_POINT('Origin',(120.5981635124,-119.4000000063,249.3000036622));
#11340=CARTESIAN_POINT('',(120.5981635124,-121.1500000063,249.4000036622));
#11341=CARTESIAN_POINT('',(120.5981635124,-121.2500000063,249.3000036622));
#11342=CARTESIAN_POINT('Origin',(120.5981635124,-119.4000000063,249.4000036622));
#11343=CARTESIAN_POINT('Origin',(120.5981635124,-119.4000000063,256.7000036622));
#11344=CARTESIAN_POINT('',(120.5981635124,-121.1500000063,253.0000036622));
#11345=CARTESIAN_POINT('Origin',(120.5981635124,-119.4000000063,253.0000036622));
#11346=CARTESIAN_POINT('',(120.5981635124,-121.1500000063,256.7000036622));
#11347=CARTESIAN_POINT('Origin',(107.4981635124,-93.3000000063,249.3000036622));
#11348=CARTESIAN_POINT('',(107.4981635124,-95.1500000063,249.3000036622));
#11349=CARTESIAN_POINT('Origin',(107.4981635124,-107.5000000063,249.3000036622));
#11350=CARTESIAN_POINT('',(107.4981635124,-109.2500000063,249.4000036622));
#11351=CARTESIAN_POINT('',(107.4981635124,-109.3500000063,249.3000036622));
#11352=CARTESIAN_POINT('Origin',(107.4981635124,-107.5000000063,249.4000036622));
#11353=CARTESIAN_POINT('Origin',(107.4981635124,-107.5000000063,256.7000036622));
#11354=CARTESIAN_POINT('',(107.4981635124,-109.2500000063,256.5000036622));
#11355=CARTESIAN_POINT('Origin',(107.4981635124,-107.5000000063,256.5000036622));
#11356=CARTESIAN_POINT('',(107.4981635124,-109.2500000063,256.7000036622));
#11357=CARTESIAN_POINT('Origin',(118.7481635124,-101.5000000063,249.3000036622));
#11358=CARTESIAN_POINT('',(120.7481635124,-101.5000000063,249.4000036622));
#11359=CARTESIAN_POINT('',(120.8481635124,-101.5000000063,249.3000036622));
#11360=CARTESIAN_POINT('',(116.7481635124,-101.5000000063,249.4000036622));
#11361=CARTESIAN_POINT('Origin',(118.7481635124,-101.5000000063,249.4000036622));
#11362=CARTESIAN_POINT('Origin',(118.7481635124,-101.5000000063,249.4000036622));
#11363=CARTESIAN_POINT('Origin',(118.7481635124,-101.5000000063,249.2000036622));
#11364=CARTESIAN_POINT('',(116.7481635124,-101.5000000063,255.2000036622));
#11365=CARTESIAN_POINT('',(116.7481635124,-101.5000000063,249.2000036622));
#11366=CARTESIAN_POINT('Origin',(118.7481635124,-101.5000000063,255.2000036622));
#11367=CARTESIAN_POINT('Origin',(120.5981635124,-88.4000000063,249.3000036622));
#11368=CARTESIAN_POINT('',(120.5981635124,-90.2500000063,249.3000036622));
#11369=CARTESIAN_POINT('Origin',(132.2481635124,-89.5000000063,249.3000036622));
#11370=CARTESIAN_POINT('',(134.2481635124,-89.5000000063,249.4000036622));
#11371=CARTESIAN_POINT('',(134.3481635124,-89.5000000063,249.3000036622));
#11372=CARTESIAN_POINT('',(130.2481635124,-89.5000000063,249.4000036622));
#11373=CARTESIAN_POINT('Origin',(132.2481635124,-89.5000000063,249.4000036622));
#11374=CARTESIAN_POINT('Origin',(132.2481635124,-89.5000000063,249.4000036622));
#11375=CARTESIAN_POINT('Origin',(132.2481635124,-89.5000000063,249.2000036622));
#11376=CARTESIAN_POINT('',(130.2481635124,-89.5000000063,255.2000036622));
#11377=CARTESIAN_POINT('',(130.2481635124,-89.5000000063,249.2000036622));
#11378=CARTESIAN_POINT('Origin',(132.2481635124,-89.5000000063,255.2000036622));
#11379=CARTESIAN_POINT('Origin',(151.5981635124,-88.4000000063,249.3000036622));
#11380=CARTESIAN_POINT('',(151.5981635124,-90.2500000063,249.3000036622));
#11381=CARTESIAN_POINT('Origin',(150.5981657088,-103.9000000126,249.3000036622));
#11382=CARTESIAN_POINT('',(152.5981657088,-103.9000000126,249.4000036622));
#11383=CARTESIAN_POINT('',(152.6981657088,-103.9000000126,249.3000036622));
#11384=CARTESIAN_POINT('',(148.5981657088,-103.9000000126,249.4000036622));
#11385=CARTESIAN_POINT('Origin',(150.5981657088,-103.9000000126,249.4000036622));
#11386=CARTESIAN_POINT('Origin',(150.5981657088,-103.9000000126,249.4000036622));
#11387=CARTESIAN_POINT('Origin',(150.5981657088,-103.9000000126,249.2000036622));
#11388=CARTESIAN_POINT('',(148.5981657088,-103.9000000126,255.2000036622));
#11389=CARTESIAN_POINT('',(148.5981657088,-103.9000000126,249.2000036622));
#11390=CARTESIAN_POINT('Origin',(150.5981657088,-103.9000000126,255.2000036622));
#11391=CARTESIAN_POINT('Origin',(151.5981635124,-119.4000000063,249.3000036622));
#11392=CARTESIAN_POINT('',(151.5981635124,-121.2500000063,249.3000036622));
#11393=CARTESIAN_POINT('Origin',(120.5981635124,-119.4000000063,253.1000036622));
#11394=CARTESIAN_POINT('',(120.5981635124,-121.3500000063,253.2000036622));
#11395=CARTESIAN_POINT('',(120.5981635124,-121.2500000063,253.1000036622));
#11396=CARTESIAN_POINT('Origin',(120.5981635124,-119.4000000063,253.2000036622));
#11397=CARTESIAN_POINT('Origin',(120.5981635124,-119.4000000063,253.2000036622));
#11398=CARTESIAN_POINT('',(120.5981635124,-122.9000000063,253.2000036622));
#11399=CARTESIAN_POINT('Origin',(120.5981635124,-119.4000000063,253.2000036622));
#11400=CARTESIAN_POINT('Origin',(150.5981657088,-103.9000000126,256.6000036622));
#11401=CARTESIAN_POINT('',(150.5981657088,-105.6500000126,256.5000036622));
#11402=CARTESIAN_POINT('Origin',(150.5981657088,-103.9000000126,256.5000036622));
#11403=CARTESIAN_POINT('',(150.5981657088,-105.8500000126,256.7000036622));
#11404=CARTESIAN_POINT('',(150.5981657088,-105.7500000126,256.6000036622));
#11405=CARTESIAN_POINT('Origin',(150.5981657088,-103.9000000126,256.7000036622));
#11406=CARTESIAN_POINT('Origin',(106.4626296064,-120.0000000063,256.7000036622));
#11407=CARTESIAN_POINT('',(116.9981635124,-117.656440428884,256.7000036622));
#11408=CARTESIAN_POINT('',(120.5981635124,-123.4000000063,256.7000036622));
#11409=CARTESIAN_POINT('Origin',(120.5981635124,-119.4000000063,256.7000036622));
#11410=CARTESIAN_POINT('',(116.9981635124,-121.143559583716,256.7000036622));
#11411=CARTESIAN_POINT('Origin',(120.5981635124,-119.4000000063,256.7000036622));
#11412=CARTESIAN_POINT('',(116.9981635124,-122.757359319213,256.7000036622));
#11413=CARTESIAN_POINT('',(116.9981635124,-121.48223305335,256.7000036622));
#11414=CARTESIAN_POINT('',(118.740804199487,-124.5000000063,256.7000036622));
#11415=CARTESIAN_POINT('',(114.619483855918,-120.378679662732,256.7000036622));
#11416=CARTESIAN_POINT('',(153.455522825213,-124.5000000063,256.7000036622));
#11417=CARTESIAN_POINT('',(130.0626296064,-124.5000000063,256.7000036622));
#11418=CARTESIAN_POINT('',(156.6981635124,-121.257359319114,256.7000036622));
#11419=CARTESIAN_POINT('',(142.759076215807,-135.196446615707,256.7000036622));
#11420=CARTESIAN_POINT('',(156.6981635124,-86.5426406934865,256.7000036622));
#11421=CARTESIAN_POINT('',(156.6981635124,-103.1677669593,256.7000036622));
#11422=CARTESIAN_POINT('',(153.455522825213,-83.3000000063,256.7000036622));
#11423=CARTESIAN_POINT('',(150.809076215807,-80.6535533968933,256.7000036622));
#11424=CARTESIAN_POINT('',(108.32014896,-83.3000000063,256.7000036622));
#11425=CARTESIAN_POINT('',(107.3913892832,-83.3000000063,256.7000036622));
#11426=CARTESIAN_POINT('',(108.070148960028,-83.3669873044491,256.7000036622));
#11427=CARTESIAN_POINT('Origin',(108.32014896,-83.8000000063,256.7000036622));
#11428=CARTESIAN_POINT('',(101.148163512428,-87.3633974659643,256.7000036622));
#11429=CARTESIAN_POINT('',(96.0750565744275,-90.2923571221058,256.7000036622));
#11430=CARTESIAN_POINT('',(100.4981635124,-88.4892304909,256.7000036622));
#11431=CARTESIAN_POINT('Origin',(101.7981635124,-88.4892304909,256.7000036622));
#11432=CARTESIAN_POINT('',(100.4981635124,-114.0000000063,256.7000036622));
#11433=CARTESIAN_POINT('',(100.4981635124,-117.0000000063,256.7000036622));
#11434=CARTESIAN_POINT('',(100.9981635124,-114.5000000063,256.7000036622));
#11435=CARTESIAN_POINT('Origin',(100.9981635124,-114.0000000063,256.7000036622));
#11436=CARTESIAN_POINT('',(114.4981635124,-114.5000000063,256.7000036622));
#11437=CARTESIAN_POINT('',(103.7303965594,-114.5000000063,256.7000036622));
#11438=CARTESIAN_POINT('',(116.9981635124,-117.0000000063,256.7000036622));
#11439=CARTESIAN_POINT('Origin',(114.4981635124,-117.0000000063,256.7000036622));
#11440=CARTESIAN_POINT('',(116.9981635124,-121.48223305335,256.7000036622));
#11441=CARTESIAN_POINT('',(132.2481635124,-91.4500000063,256.7000036622));
#11442=CARTESIAN_POINT('Origin',(132.2481635124,-89.5000000063,256.7000036622));
#11443=CARTESIAN_POINT('',(118.7481635124,-103.4500000063,256.7000036622));
#11444=CARTESIAN_POINT('Origin',(118.7481635124,-101.5000000063,256.7000036622));
#11445=CARTESIAN_POINT('',(107.4981635124,-97.8000000063,256.7000036622));
#11446=CARTESIAN_POINT('Origin',(107.4981635124,-93.3000000063,256.7000036622));
#11447=CARTESIAN_POINT('',(151.5981635124,-92.9000000063,256.7000036622));
#11448=CARTESIAN_POINT('Origin',(151.5981635124,-88.4000000063,256.7000036622));
#11449=CARTESIAN_POINT('',(151.5981635124,-123.9000000063,256.7000036622));
#11450=CARTESIAN_POINT('Origin',(151.5981635124,-119.4000000063,256.7000036622));
#11451=CARTESIAN_POINT('',(120.5981635124,-92.9000000063,256.7000036622));
#11452=CARTESIAN_POINT('Origin',(120.5981635124,-88.4000000063,256.7000036622));
#11453=CARTESIAN_POINT('',(136.0981635124,-115.9000000063,256.7000036622));
#11454=CARTESIAN_POINT('Origin',(136.0981635124,-103.9000000063,256.7000036622));
#11455=CARTESIAN_POINT('',(136.0981618018,-120.3500023078,256.7000036622));
#11456=CARTESIAN_POINT('Origin',(136.0981618018,-118.4000023078,256.7000036622));
#11457=CARTESIAN_POINT('',(107.4981635124,-109.4500000063,256.7000036622));
#11458=CARTESIAN_POINT('Origin',(107.4981635124,-107.5000000063,256.7000036622));
#11459=CARTESIAN_POINT('Origin',(150.5981657088,-103.9000000126,256.7000036622));
#11460=CARTESIAN_POINT('',(150.5981657088,-105.6500000126,255.2000036622));
#11461=CARTESIAN_POINT('',(150.5981657088,-105.6500000126,256.7000036622));
#11462=CARTESIAN_POINT('Origin',(150.5981657088,-103.9000000126,255.2000036622));
#11463=CARTESIAN_POINT('Origin',(132.2481635124,-89.5000000063,256.6000036622));
#11464=CARTESIAN_POINT('',(132.2481635124,-91.2500000063,256.5000036622));
#11465=CARTESIAN_POINT('Origin',(132.2481635124,-89.5000000063,256.5000036622));
#11466=CARTESIAN_POINT('',(132.2481635124,-91.3500000063,256.6000036622));
#11467=CARTESIAN_POINT('Origin',(132.2481635124,-89.5000000063,256.7000036622));
#11468=CARTESIAN_POINT('',(132.2481635124,-91.2500000063,255.2000036622));
#11469=CARTESIAN_POINT('',(132.2481635124,-91.2500000063,256.7000036622));
#11470=CARTESIAN_POINT('Origin',(132.2481635124,-89.5000000063,255.2000036622));
#11471=CARTESIAN_POINT('Origin',(107.4981635124,-107.5000000063,256.6000036622));
#11472=CARTESIAN_POINT('',(107.4981635124,-109.3500000063,256.6000036622));
#11473=CARTESIAN_POINT('Origin',(118.7481635124,-101.5000000063,256.6000036622));
#11474=CARTESIAN_POINT('',(118.7481635124,-103.2500000063,256.5000036622));
#11475=CARTESIAN_POINT('Origin',(118.7481635124,-101.5000000063,256.5000036622));
#11476=CARTESIAN_POINT('',(118.7481635124,-103.3500000063,256.6000036622));
#11477=CARTESIAN_POINT('Origin',(118.7481635124,-101.5000000063,256.7000036622));
#11478=CARTESIAN_POINT('',(118.7481635124,-103.2500000063,255.2000036622));
#11479=CARTESIAN_POINT('',(118.7481635124,-103.2500000063,256.7000036622));
#11480=CARTESIAN_POINT('Origin',(118.7481635124,-101.5000000063,255.2000036622));
#11481=CARTESIAN_POINT('Origin',(136.0981618018,-118.4000023078,256.6000036622));
#11482=CARTESIAN_POINT('',(136.0981618018,-120.1500023078,256.5000036622));
#11483=CARTESIAN_POINT('Origin',(136.0981618018,-118.4000023078,256.5000036622));
#11484=CARTESIAN_POINT('',(136.0981618018,-120.2500023078,256.6000036622));
#11485=CARTESIAN_POINT('Origin',(136.0981618018,-118.4000023078,256.7000036622));
#11486=CARTESIAN_POINT('',(136.0981618018,-120.1500023078,255.2000036622));
#11487=CARTESIAN_POINT('',(136.0981618018,-120.1500023078,256.7000036622));
#11488=CARTESIAN_POINT('Origin',(136.0981618018,-118.4000023078,255.2000036622));
#11489=CARTESIAN_POINT('Origin',(120.5981635124,-119.4000000063,256.4500036622));
#11490=CARTESIAN_POINT('',(120.5981635124,-122.9000000063,256.2000036622));
#11491=CARTESIAN_POINT('Origin',(120.5981635124,-119.4000000063,256.2000036622));
#11492=CARTESIAN_POINT('',(120.5981635124,-123.1500000063,256.4500036622));
#11493=CARTESIAN_POINT('Ctrl Pts',(116.9981635124,-121.143559583716,256.7000036622));
#11494=CARTESIAN_POINT('Ctrl Pts',(116.5981635124,-119.4000000063,256.3000036622));
#11495=CARTESIAN_POINT('Ctrl Pts',(116.9981635124,-117.656440428884,256.7000036622));
#11496=CARTESIAN_POINT('Origin',(116.7481635124,-121.48223305335,256.4500036622));
#11497=CARTESIAN_POINT('',(116.4981635124,-117.0000000063,256.2000036622));
#11498=CARTESIAN_POINT('',(116.4981635124,-117.0000000063,256.2000036622));
#11499=CARTESIAN_POINT('',(116.4981635124,-122.9644661004,256.2000036622));
#11500=CARTESIAN_POINT('',(116.4981635124,-121.48223305335,256.2000036622));
#11501=CARTESIAN_POINT('',(116.9981635124,-122.757359319213,256.7000036622));
#11502=CARTESIAN_POINT('Origin',(120.5981635124,-119.4000000063,253.2000036622));
#11503=CARTESIAN_POINT('',(120.5981635124,-122.9000000063,253.2000036622));
#11504=CARTESIAN_POINT('Origin',(136.0981635124,-103.9000000063,249.4500036622));
#11505=CARTESIAN_POINT('',(136.0981635124,-115.4000000063,249.7000036622));
#11506=CARTESIAN_POINT('',(136.0981635124,-115.6500000063,249.4500036622));
#11507=CARTESIAN_POINT('Origin',(136.0981635124,-103.9000000063,249.7000036622));
#11508=CARTESIAN_POINT('Origin',(136.0981635124,-103.9000000063,256.7000036622));
#11509=CARTESIAN_POINT('',(136.0981635124,-115.4000000063,256.2000036622));
#11510=CARTESIAN_POINT('Origin',(136.0981635124,-103.9000000063,256.2000036622));
#11511=CARTESIAN_POINT('',(136.0981635124,-115.4000000063,256.7000036622));
#11512=CARTESIAN_POINT('Origin',(156.9481635124,-103.1677669593,249.4500036622));
#11513=CARTESIAN_POINT('',(157.1981635124,-86.3355339123,249.7000036622));
#11514=CARTESIAN_POINT('',(156.6981635124,-86.5426406934865,249.2000036622));
#11515=CARTESIAN_POINT('',(157.1981635124,-121.4644661004,249.7000036622));
#11516=CARTESIAN_POINT('',(157.1981635124,-103.1677669593,249.7000036622));
#11517=CARTESIAN_POINT('',(156.6981635124,-121.257359319113,249.2000036622));
#11518=CARTESIAN_POINT('Origin',(130.0626296064,-124.7500000063,249.4500036622));
#11519=CARTESIAN_POINT('',(118.5336974183,-125.0000000063,249.7000036622));
#11520=CARTESIAN_POINT('',(153.6626296064,-125.0000000063,249.7000036622));
#11521=CARTESIAN_POINT('',(130.0626296064,-125.0000000063,249.7000036622));
#11522=CARTESIAN_POINT('',(118.740804199487,-124.5000000063,249.2000036622));
#11523=CARTESIAN_POINT('',(153.6626296064,-125.0000000063,249.7000036622));
#11524=CARTESIAN_POINT('Origin',(142.935852911103,-135.373223311003,249.4500036622));
#11525=CARTESIAN_POINT('',(143.1126296064,-135.5500000063,249.7000036622));
#11526=CARTESIAN_POINT('Origin',(114.442707160622,-120.555456358028,249.4500036622));
#11527=CARTESIAN_POINT('',(116.4981635124,-122.9644661004,249.7000036622));
#11528=CARTESIAN_POINT('',(114.265930465325,-120.732233053325,249.7000036622));
#11529=CARTESIAN_POINT('',(116.9981635124,-122.757359319213,249.2000036622));
#11530=CARTESIAN_POINT('Origin',(116.7481635124,-121.48223305335,249.4500036622));
#11531=CARTESIAN_POINT('',(116.4981635124,-117.0000000063,249.7000036622));
#11532=CARTESIAN_POINT('',(116.4981635124,-121.48223305335,249.7000036622));
#11533=CARTESIAN_POINT('',(116.9981635124,-117.0000000063,249.2000036622));
#11534=CARTESIAN_POINT('Origin',(114.4981635124,-117.0000000063,249.4500036622));
#11535=CARTESIAN_POINT('',(114.4981635124,-115.0000000063,249.7000036622));
#11536=CARTESIAN_POINT('Origin',(114.4981635124,-117.0000000063,249.7000036622));
#11537=CARTESIAN_POINT('',(114.4981635124,-114.5000000063,249.2000036622));
#11538=CARTESIAN_POINT('Origin',(103.7303965594,-114.7500000063,249.4500036622));
#11539=CARTESIAN_POINT('',(100.9981635124,-115.0000000063,249.7000036622));
#11540=CARTESIAN_POINT('',(103.7303965594,-115.0000000063,249.7000036622));
#11541=CARTESIAN_POINT('',(100.9981635124,-114.5000000063,249.2000036622));
#11542=CARTESIAN_POINT('Origin',(100.9981635124,-114.0000000063,249.4500036622));
#11543=CARTESIAN_POINT('',(99.9981635124,-114.0000000063,249.7000036622));
#11544=CARTESIAN_POINT('Origin',(100.9981635124,-114.0000000063,249.7000036622));
#11545=CARTESIAN_POINT('',(100.4981635124,-114.0000000063,249.2000036622));
#11546=CARTESIAN_POINT('Origin',(100.2481635124,-117.0000000063,249.4500036622));
#11547=CARTESIAN_POINT('',(99.9981635124,-88.4892304909,249.7000036622));
#11548=CARTESIAN_POINT('',(100.4981635124,-88.4892304909,249.2000036622));
#11549=CARTESIAN_POINT('',(99.9981635124,-117.0000000063,249.7000036622));
#11550=CARTESIAN_POINT('Origin',(101.7981635124,-88.4892304909,249.4500036622));
#11551=CARTESIAN_POINT('',(100.8981635124,-86.930384764,249.7000036622));
#11552=CARTESIAN_POINT('',(101.148163512428,-87.3633974659643,249.2000036622));
#11553=CARTESIAN_POINT('Origin',(101.7981635124,-88.4892304909,249.7000036622));
#11554=CARTESIAN_POINT('Origin',(95.9500565744292,-90.0758507711587,249.4500036622));
#11555=CARTESIAN_POINT('',(107.82014896,-82.9339746025,249.7000036622));
#11556=CARTESIAN_POINT('',(108.070148960028,-83.3669873044491,249.2000036622));
#11557=CARTESIAN_POINT('',(95.8250565744309,-89.8593444202116,249.7000036622));
#11558=CARTESIAN_POINT('Origin',(108.32014896,-83.8000000063,249.4500036622));
#11559=CARTESIAN_POINT('',(108.32014896,-82.8000000063,249.7000036622));
#11560=CARTESIAN_POINT('',(108.32014896,-83.3000000063,249.2000036622));
#11561=CARTESIAN_POINT('Origin',(108.32014896,-83.8000000063,249.7000036622));
#11562=CARTESIAN_POINT('Origin',(107.3913892832,-83.0500000063,249.4500036622));
#11563=CARTESIAN_POINT('',(153.6626296064,-82.8000000063,249.7000036622));
#11564=CARTESIAN_POINT('',(107.3913892832,-82.8000000063,249.7000036622));
#11565=CARTESIAN_POINT('',(153.455522825213,-83.3000000063,249.2000036622));
#11566=CARTESIAN_POINT('Origin',(150.985852911103,-80.4767767015966,249.4500036622));
#11567=CARTESIAN_POINT('',(151.1626296064,-80.3000000063,249.7000036622));
#11568=CARTESIAN_POINT('Origin',(100.8981635124,-86.930384764,256.7000036622));
#11569=CARTESIAN_POINT('',(100.8981635124,-86.930384764,256.2000036622));
#11570=CARTESIAN_POINT('',(100.8981635124,-86.930384764,256.7000036622));
#11571=CARTESIAN_POINT('',(107.82014896,-82.9339746025,256.2000036622));
#11572=CARTESIAN_POINT('',(95.8250565744309,-89.8593444202116,256.2000036622));
#11573=CARTESIAN_POINT('',(107.82014896,-82.9339746025,256.7000036622));
#11574=CARTESIAN_POINT('Origin',(108.32014896,-83.8000000063,256.7000036622));
#11575=CARTESIAN_POINT('',(108.32014896,-82.8000000063,256.2000036622));
#11576=CARTESIAN_POINT('Origin',(108.32014896,-83.8000000063,256.2000036622));
#11577=CARTESIAN_POINT('',(108.32014896,-82.8000000063,256.7000036622));
#11578=CARTESIAN_POINT('Origin',(108.32014896,-82.8000000063,256.7000036622));
#11579=CARTESIAN_POINT('',(153.6626296064,-82.8000000063,256.2000036622));
#11580=CARTESIAN_POINT('',(107.3913892832,-82.8000000063,256.2000036622));
#11581=CARTESIAN_POINT('',(153.6626296064,-82.8000000063,256.7000036622));
#11582=CARTESIAN_POINT('Origin',(153.6626296064,-82.8000000063,256.7000036622));
#11583=CARTESIAN_POINT('',(157.1981635124,-86.3355339123,256.2000036622));
#11584=CARTESIAN_POINT('',(151.1626296064,-80.3000000063,256.2000036622));
#11585=CARTESIAN_POINT('',(157.1981635124,-86.3355339123,256.7000036622));
#11586=CARTESIAN_POINT('Origin',(157.1981635124,-86.3355339123,256.7000036622));
#11587=CARTESIAN_POINT('',(157.1981635124,-121.4644661004,256.2000036622));
#11588=CARTESIAN_POINT('',(157.1981635124,-103.1677669593,256.2000036622));
#11589=CARTESIAN_POINT('',(157.1981635124,-121.4644661004,256.7000036622));
#11590=CARTESIAN_POINT('Origin',(153.6626296064,-125.0000000063,256.7000036622));
#11591=CARTESIAN_POINT('',(153.6626296064,-125.0000000063,256.2000036622));
#11592=CARTESIAN_POINT('',(143.1126296064,-135.5500000063,256.2000036622));
#11593=CARTESIAN_POINT('',(153.6626296064,-125.0000000063,256.7000036622));
#11594=CARTESIAN_POINT('Origin',(153.6626296064,-125.0000000063,256.7000036622));
#11595=CARTESIAN_POINT('',(118.5336974183,-125.0000000063,256.2000036622));
#11596=CARTESIAN_POINT('',(130.0626296064,-125.0000000063,256.2000036622));
#11597=CARTESIAN_POINT('',(118.5336974183,-125.0000000063,256.7000036622));
#11598=CARTESIAN_POINT('Origin',(156.9481635124,-103.1677669593,256.4500036622));
#11599=CARTESIAN_POINT('',(156.6981635124,-121.257359319114,256.7000036622));
#11600=CARTESIAN_POINT('',(156.6981635124,-86.5426406934865,256.7000036622));
#11601=CARTESIAN_POINT('Origin',(150.985852911103,-80.4767767015966,256.4500036622));
#11602=CARTESIAN_POINT('',(153.455522825213,-83.3000000063,256.7000036622));
#11603=CARTESIAN_POINT('Origin',(114.4981635124,-117.0000000063,256.4500036622));
#11604=CARTESIAN_POINT('',(114.4981635124,-115.0000000063,256.2000036622));
#11605=CARTESIAN_POINT('',(114.4981635124,-115.0000000063,256.2000036622));
#11606=CARTESIAN_POINT('Origin',(114.4981635124,-117.0000000063,256.2000036622));
#11607=CARTESIAN_POINT('Origin',(103.7303965594,-114.7500000063,256.4500036622));
#11608=CARTESIAN_POINT('',(100.9981635124,-115.0000000063,256.2000036622));
#11609=CARTESIAN_POINT('',(100.9981635124,-115.0000000063,256.2000036622));
#11610=CARTESIAN_POINT('',(103.7303965594,-115.0000000063,256.2000036622));
#11611=CARTESIAN_POINT('Origin',(100.9981635124,-114.0000000063,256.4500036622));
#11612=CARTESIAN_POINT('',(99.9981635124,-114.0000000063,256.2000036622));
#11613=CARTESIAN_POINT('',(99.9981635124,-114.0000000063,256.2000036622));
#11614=CARTESIAN_POINT('Origin',(100.9981635124,-114.0000000063,256.2000036622));
#11615=CARTESIAN_POINT('Origin',(100.2481635124,-117.0000000063,256.4500036622));
#11616=CARTESIAN_POINT('',(99.9981635124,-88.4892304909,256.2000036622));
#11617=CARTESIAN_POINT('',(99.9981635124,-88.4892304909,256.2000036622));
#11618=CARTESIAN_POINT('',(99.9981635124,-117.0000000063,256.2000036622));
#11619=CARTESIAN_POINT('Origin',(101.7981635124,-88.4892304909,256.4500036622));
#11620=CARTESIAN_POINT('',(100.8981635124,-86.930384764,256.2000036622));
#11621=CARTESIAN_POINT('Origin',(101.7981635124,-88.4892304909,256.2000036622));
#11622=CARTESIAN_POINT('Origin',(95.9500565744292,-90.0758507711587,256.4500036622));
#11623=CARTESIAN_POINT('',(107.82014896,-82.9339746025,256.2000036622));
#11624=CARTESIAN_POINT('Origin',(108.32014896,-83.8000000063,256.4500036622));
#11625=CARTESIAN_POINT('',(108.32014896,-82.8000000063,256.2000036622));
#11626=CARTESIAN_POINT('Origin',(107.3913892832,-83.0500000063,256.4500036622));
#11627=CARTESIAN_POINT('Origin',(114.442707160622,-120.555456358028,256.4500036622));
#11628=CARTESIAN_POINT('',(114.265930465325,-120.732233053325,256.2000036622));
#11629=CARTESIAN_POINT('',(118.740804199487,-124.5000000063,256.7000036622));
#11630=CARTESIAN_POINT('Origin',(130.0626296064,-124.7500000063,256.4500036622));
#11631=CARTESIAN_POINT('',(153.455522825213,-124.5000000063,256.7000036622));
#11632=CARTESIAN_POINT('Origin',(142.935852911103,-135.373223311003,256.4500036622));
#11633=CARTESIAN_POINT('Origin',(101.7981635124,-88.4892304909,256.7000036622));
#11634=CARTESIAN_POINT('',(99.9981635124,-88.4892304909,256.7000036622));
#11635=CARTESIAN_POINT('Origin',(99.9981635124,-114.0000000063,256.7000036622));
#11636=CARTESIAN_POINT('',(99.9981635124,-114.0000000063,256.7000036622));
#11637=CARTESIAN_POINT('Origin',(100.9981635124,-114.0000000063,256.7000036622));
#11638=CARTESIAN_POINT('',(100.9981635124,-115.0000000063,256.7000036622));
#11639=CARTESIAN_POINT('Origin',(100.9981635124,-115.0000000063,256.7000036622));
#11640=CARTESIAN_POINT('',(114.4981635124,-115.0000000063,256.7000036622));
#11641=CARTESIAN_POINT('Origin',(114.4981635124,-117.0000000063,256.7000036622));
#11642=CARTESIAN_POINT('',(116.4981635124,-117.0000000063,256.7000036622));
#11643=CARTESIAN_POINT('Origin',(116.4981635124,-122.9644661004,256.7000036622));
#11644=CARTESIAN_POINT('',(116.4981635124,-122.9644661004,256.7000036622));
#11645=CARTESIAN_POINT('Origin',(136.0981635124,-103.9000000063,256.4500036622));
#11646=CARTESIAN_POINT('',(136.0981635124,-115.6500000063,256.4500036622));
#11647=CARTESIAN_POINT('Origin',(107.4981635124,-93.3000000063,256.9500036622));
#11648=CARTESIAN_POINT('',(107.4981635124,-97.5500000063,256.9500036622));
#11649=CARTESIAN_POINT('Origin',(120.5981635124,-88.4000000063,256.9500036622));
#11650=CARTESIAN_POINT('',(120.5981635124,-92.6500000063,256.9500036622));
#11651=CARTESIAN_POINT('Origin',(151.5981635124,-88.4000000063,256.9500036622));
#11652=CARTESIAN_POINT('',(151.5981635124,-92.6500000063,256.9500036622));
#11653=CARTESIAN_POINT('Origin',(151.5981635124,-119.4000000063,256.9500036622));
#11654=CARTESIAN_POINT('',(151.5981635124,-123.6500000063,256.9500036622));
#11655=CARTESIAN_POINT('Origin',(132.2481635124,-89.5000000063,255.2000036622));
#11656=CARTESIAN_POINT('Origin',(150.5981657088,-103.9000000126,255.2000036622));
#11657=CARTESIAN_POINT('Origin',(118.7481635124,-101.5000000063,255.2000036622));
#11658=CARTESIAN_POINT('Origin',(136.0981618018,-118.4000023078,255.2000036622));
#11659=CARTESIAN_POINT('Origin',(118.5336974183,-125.0000000063,256.7000036622));
#11660=CARTESIAN_POINT('Origin',(-107.4981635124,-114.7500000063,289.7000036622));
#11661=CARTESIAN_POINT('',(-111.560182714718,-115.0000000063,284.9500036622));
#11662=CARTESIAN_POINT('',(-110.738533861604,-114.5000000063,284.9500036622));
#11663=CARTESIAN_POINT('Ctrl Pts',(-110.738533861604,-114.5000000063,284.9500036622));
#11664=CARTESIAN_POINT('Ctrl Pts',(-111.132240603721,-114.721870554724,
284.9500036622));
#11665=CARTESIAN_POINT('Ctrl Pts',(-111.560182714718,-115.0000000063,284.9500036622));
#11666=CARTESIAN_POINT('',(-113.2481635124,-114.5000000063,289.7000036622));
#11667=CARTESIAN_POINT('Origin',(-107.4981635124,-114.5000000063,289.7000036622));
#11668=CARTESIAN_POINT('',(-104.257793163196,-114.5000000063,284.9500036622));
#11669=CARTESIAN_POINT('Origin',(-107.4981635124,-114.5000000063,289.7000036622));
#11670=CARTESIAN_POINT('',(-103.436144310082,-115.0000000063,284.9500036622));
#11671=CARTESIAN_POINT('Ctrl Pts',(-103.436144310082,-115.0000000063,284.9500036622));
#11672=CARTESIAN_POINT('Ctrl Pts',(-103.864086421079,-114.721870554724,
284.9500036622));
#11673=CARTESIAN_POINT('Ctrl Pts',(-104.257793163196,-114.5000000063,284.9500036622));
#11674=CARTESIAN_POINT('Origin',(-107.4981635124,-115.0000000063,289.7000036622));
#11675=CARTESIAN_POINT('Origin',(-107.4981635124,-120.0000000063,289.7000036622));
#11676=CARTESIAN_POINT('',(-110.738533861604,-114.3500000063,284.9500036622));
#11677=CARTESIAN_POINT('',(-110.738533861604,-120.0000000063,284.9500036622));
#11678=CARTESIAN_POINT('',(-104.257793163196,-114.3500000063,284.9500036622));
#11679=CARTESIAN_POINT('Origin',(-107.4981635124,-121.747686698411,289.7000036622));
#11680=CARTESIAN_POINT('',(-104.257793163196,-120.0000000063,284.9500036622));
#11681=CARTESIAN_POINT('',(-113.2481635124,-103.0000000063,289.7000036622));
#11682=CARTESIAN_POINT('',(-113.2481635124,-120.0000000063,289.7000036622));
#11683=CARTESIAN_POINT('Origin',(-107.4981635124,-103.0000000063,289.7000036622));
#11684=CARTESIAN_POINT('',(-107.4981635124,-103.8000000063,295.4500036622));
#11685=CARTESIAN_POINT('Ctrl Pts',(-107.4981635124,-103.8000000063,295.4500036622));
#11686=CARTESIAN_POINT('Ctrl Pts',(-107.138711013812,-103.8000000063,295.4500036622));
#11687=CARTESIAN_POINT('Ctrl Pts',(-106.394950705436,-103.904482183665,
295.380599826079));
#11688=CARTESIAN_POINT('Ctrl Pts',(-105.386026501281,-104.405561182062,
295.07552919121));
#11689=CARTESIAN_POINT('Ctrl Pts',(-104.640038801017,-105.097216526353,
294.707536455719));
#11690=CARTESIAN_POINT('Ctrl Pts',(-104.265372809194,-105.71241256693,294.459024932731));
#11691=CARTESIAN_POINT('Ctrl Pts',(-103.938529402858,-106.503894667804,
294.221048009879));
#11692=CARTESIAN_POINT('Ctrl Pts',(-103.841402315427,-107.009428389891,
294.137287224469));
#11693=CARTESIAN_POINT('Ctrl Pts',(-103.841232465898,-107.987377205607,
294.137127959274));
#11694=CARTESIAN_POINT('Ctrl Pts',(-103.938933823564,-108.49298770838,294.221137247289));
#11695=CARTESIAN_POINT('Ctrl Pts',(-104.311996501933,-109.398905652744,
294.492832612353));
#11696=CARTESIAN_POINT('Ctrl Pts',(-104.586440838959,-109.802521855304,
294.671158545875));
#11697=CARTESIAN_POINT('Ctrl Pts',(-105.217232379229,-110.439912493499,
294.989988550513));
#11698=CARTESIAN_POINT('Ctrl Pts',(-105.615938721164,-110.72100945899,295.153850715616));
#11699=CARTESIAN_POINT('Ctrl Pts',(-106.637002782432,-111.148030288101,
295.414292017087));
#11700=CARTESIAN_POINT('Ctrl Pts',(-107.872774776024,-111.339879491233,
295.542990691692));
#11701=CARTESIAN_POINT('Ctrl Pts',(-109.231212083042,-110.843027893344,
295.218619337265));
#11702=CARTESIAN_POINT('Ctrl Pts',(-109.924230812076,-110.294853858987,
294.917174169158));
#11703=CARTESIAN_POINT('Ctrl Pts',(-110.320456681433,-109.90106260817,294.719612164082));
#11704=CARTESIAN_POINT('Ctrl Pts',(-110.92285820758,-109.052934309548,294.343289091814));
#11705=CARTESIAN_POINT('Ctrl Pts',(-111.155148964864,-108.109691106649,
294.13692114187));
#11706=CARTESIAN_POINT('Ctrl Pts',(-111.155401939486,-107.011282205777,
294.136798300052));
#11707=CARTESIAN_POINT('Ctrl Pts',(-111.057672077384,-106.506041787215,
294.220844817795));
#11708=CARTESIAN_POINT('Ctrl Pts',(-110.68448430036,-105.600231426713,294.492589228422));
#11709=CARTESIAN_POINT('Ctrl Pts',(-110.410044711854,-105.196551125166,
294.670805981064));
#11710=CARTESIAN_POINT('Ctrl Pts',(-109.779771360774,-104.559170912242,
294.989754736299));
#11711=CARTESIAN_POINT('Ctrl Pts',(-109.378957568052,-104.278634246015,
295.15337753188));
#11712=CARTESIAN_POINT('Ctrl Pts',(-108.477720509585,-103.89827406998,295.385237321887));
#11713=CARTESIAN_POINT('Ctrl Pts',(-107.976321801946,-103.8000000063,295.4500036622));
#11714=CARTESIAN_POINT('Ctrl Pts',(-107.4981635124,-103.8000000063,295.4500036622));
#11715=CARTESIAN_POINT('',(-107.4981635124,-111.5000000063,283.9500036622));
#11716=CARTESIAN_POINT('Ctrl Pts',(-107.4981635124,-111.5000000063,283.9500036622));
#11717=CARTESIAN_POINT('Ctrl Pts',(-106.979432861153,-111.5000000063,283.9500036622));
#11718=CARTESIAN_POINT('Ctrl Pts',(-105.886044841984,-111.276483208033,
284.109559600326));
#11719=CARTESIAN_POINT('Ctrl Pts',(-104.844632196177,-110.537210079938,
284.575728783145));
#11720=CARTESIAN_POINT('Ctrl Pts',(-104.247316831053,-109.783588179988,
284.948626535188));
#11721=CARTESIAN_POINT('Ctrl Pts',(-103.763950296132,-108.858197882834,
285.313423358233));
#11722=CARTESIAN_POINT('Ctrl Pts',(-103.614131185442,-108.035464020955,
285.460818683367));
#11723=CARTESIAN_POINT('Ctrl Pts',(-103.613523305355,-106.95929065749,285.460537933488));
#11724=CARTESIAN_POINT('Ctrl Pts',(-103.716605950729,-106.405398220518,
285.361842723768));
#11725=CARTESIAN_POINT('Ctrl Pts',(-104.057492389719,-105.548248973913,
285.088726923609));
#11726=CARTESIAN_POINT('Ctrl Pts',(-104.44921839037,-104.891040034653,284.805591687632));
#11727=CARTESIAN_POINT('Ctrl Pts',(-105.22825882297,-104.150075041849,284.384596130881));
#11728=CARTESIAN_POINT('Ctrl Pts',(-106.309450000158,-103.616175112014,
284.033650085692));
#11729=CARTESIAN_POINT('Ctrl Pts',(-107.497147106717,-103.444220405256,
283.910376748329));
#11730=CARTESIAN_POINT('Ctrl Pts',(-108.686781802997,-103.615775601164,
284.033848420164));
#11731=CARTESIAN_POINT('Ctrl Pts',(-109.767088743881,-104.150071540466,
284.384711111355));
#11732=CARTESIAN_POINT('Ctrl Pts',(-110.546435392894,-104.88981727429,284.805421862292));
#11733=CARTESIAN_POINT('Ctrl Pts',(-110.938240359157,-105.549693902272,
285.089327732011));
#11734=CARTESIAN_POINT('Ctrl Pts',(-111.278752504092,-106.407534051369,
285.362699747895));
#11735=CARTESIAN_POINT('Ctrl Pts',(-111.381445072266,-106.961423294631,
285.460811803832));
#11736=CARTESIAN_POINT('Ctrl Pts',(-111.381022594689,-108.038559710065,
285.460795293001));
#11737=CARTESIAN_POINT('Ctrl Pts',(-111.174864018096,-109.144614013305,
285.25864687851));
#11738=CARTESIAN_POINT('Ctrl Pts',(-110.602565398176,-110.003671418562,
284.844672410823));
#11739=CARTESIAN_POINT('Ctrl Pts',(-109.9423802505,-110.68534901979,284.481447091732));
#11740=CARTESIAN_POINT('Ctrl Pts',(-109.519260359671,-110.984863106482,
284.29377497112));
#11741=CARTESIAN_POINT('Ctrl Pts',(-108.556543195248,-111.393559647389,
284.025755502146));
#11742=CARTESIAN_POINT('Ctrl Pts',(-108.01509139299,-111.5000000063,283.9500036622));
#11743=CARTESIAN_POINT('Ctrl Pts',(-107.4981635124,-111.5000000063,283.9500036622));
#11744=CARTESIAN_POINT('Origin',(-110.738533861604,-115.0000000063,284.9500036622));
#11745=CARTESIAN_POINT('',(-104.257793163196,-115.0000000063,284.9500036622));
#11746=CARTESIAN_POINT('',(-104.257793163196,-114.3500000063,284.9500036622));
#11747=CARTESIAN_POINT('Origin',(-107.4981635124,-113.929264513896,284.679852509266));
#11748=CARTESIAN_POINT('Origin',(-136.0981618018,-118.4000023078,274.770714340319));
#11749=CARTESIAN_POINT('',(-136.0981618018,-120.208580951563,274.841425018437));
#11750=CARTESIAN_POINT('Origin',(-136.0981618018,-118.4000023078,274.841425018437));
#11751=CARTESIAN_POINT('',(-136.0981618018,-120.5500023078,274.7000036622));
#11752=CARTESIAN_POINT('',(-136.0981618018,-120.379291629681,274.770714340319));
#11753=CARTESIAN_POINT('Origin',(-136.0981618018,-118.4000023078,274.7000036622));
#11754=CARTESIAN_POINT('Origin',(-106.4626296064,-120.0000000063,274.7000036622));
#11755=CARTESIAN_POINT('',(-116.9981635124,-117.656440428884,274.7000036622));
#11756=CARTESIAN_POINT('',(-116.9981635124,-117.0000000063,274.7000036622));
#11757=CARTESIAN_POINT('',(-116.9981635124,-122.992086207292,274.7000036622));
#11758=CARTESIAN_POINT('',(-124.5981635124,-119.4000000063,274.7000036622));
#11759=CARTESIAN_POINT('Origin',(-120.5981635124,-119.4000000063,274.7000036622));
#11760=CARTESIAN_POINT('',(-116.9981635124,-121.143559583716,274.7000036622));
#11761=CARTESIAN_POINT('Origin',(-120.5981635124,-119.4000000063,274.7000036622));
#11762=CARTESIAN_POINT('',(-116.9981635124,-122.757359319213,274.7000036622));
#11763=CARTESIAN_POINT('',(-116.9981635124,-122.992086207292,274.7000036622));
#11764=CARTESIAN_POINT('',(-118.740804199487,-124.5000000063,274.7000036622));
#11765=CARTESIAN_POINT('',(-114.619483855918,-120.378679662732,274.7000036622));
#11766=CARTESIAN_POINT('',(-153.455522825213,-124.5000000063,274.7000036622));
#11767=CARTESIAN_POINT('',(-130.0626296064,-124.5000000063,274.7000036622));
#11768=CARTESIAN_POINT('',(-156.6981635124,-121.257359319113,274.7000036622));
#11769=CARTESIAN_POINT('',(-142.759076215807,-135.196446615707,274.7000036622));
#11770=CARTESIAN_POINT('',(-156.6981635124,-86.5426406934865,274.7000036622));
#11771=CARTESIAN_POINT('',(-156.6981635124,-103.1677669593,274.7000036622));
#11772=CARTESIAN_POINT('',(-153.455522825213,-83.3000000063,274.7000036622));
#11773=CARTESIAN_POINT('',(-150.809076215807,-80.6535533968933,274.7000036622));
#11774=CARTESIAN_POINT('',(-108.32014896,-83.3000000063,274.7000036622));
#11775=CARTESIAN_POINT('',(-107.3913892832,-83.3000000063,274.7000036622));
#11776=CARTESIAN_POINT('',(-108.070148960028,-83.3669873044491,274.7000036622));
#11777=CARTESIAN_POINT('Origin',(-108.32014896,-83.8000000063,274.7000036622));
#11778=CARTESIAN_POINT('',(-101.148163512428,-87.3633974659643,274.7000036622));
#11779=CARTESIAN_POINT('',(-96.0750565744275,-90.2923571221058,274.7000036622));
#11780=CARTESIAN_POINT('',(-100.4981635124,-88.4892304909,274.7000036622));
#11781=CARTESIAN_POINT('Origin',(-101.7981635124,-88.4892304909,274.7000036622));
#11782=CARTESIAN_POINT('',(-100.4981635124,-114.0000000063,274.7000036622));
#11783=CARTESIAN_POINT('',(-100.4981635124,-117.0000000063,274.7000036622));
#11784=CARTESIAN_POINT('',(-100.9981635124,-114.5000000063,274.7000036622));
#11785=CARTESIAN_POINT('Origin',(-100.9981635124,-114.0000000063,274.7000036622));
#11786=CARTESIAN_POINT('',(-114.4981635124,-114.5000000063,274.7000036622));
#11787=CARTESIAN_POINT('',(-103.7303965594,-114.5000000063,274.7000036622));
#11788=CARTESIAN_POINT('Origin',(-114.4981635124,-117.0000000063,274.7000036622));
#11789=CARTESIAN_POINT('',(-120.5981635124,-90.3500000063,274.7000036622));
#11790=CARTESIAN_POINT('Origin',(-120.5981635124,-88.4000000063,274.7000036622));
#11791=CARTESIAN_POINT('',(-151.5981635124,-121.3500000063,274.7000036622));
#11792=CARTESIAN_POINT('Origin',(-151.5981635124,-119.4000000063,274.7000036622));
#11793=CARTESIAN_POINT('',(-132.2481635124,-91.4500000063,274.7000036622));
#11794=CARTESIAN_POINT('Origin',(-132.2481635124,-89.5000000063,274.7000036622));
#11795=CARTESIAN_POINT('',(-118.7481635124,-103.4500000063,274.7000036622));
#11796=CARTESIAN_POINT('Origin',(-118.7481635124,-101.5000000063,274.7000036622));
#11797=CARTESIAN_POINT('',(-136.0981635124,-114.4000000063,274.7000036622));
#11798=CARTESIAN_POINT('Origin',(-136.0981635124,-103.9000000063,274.7000036622));
#11799=CARTESIAN_POINT('',(-107.4981635124,-95.0500000063,274.7000036622));
#11800=CARTESIAN_POINT('Origin',(-107.4981635124,-93.3000000063,274.7000036622));
#11801=CARTESIAN_POINT('',(-107.4981635124,-109.3500000126,274.7000036622));
#11802=CARTESIAN_POINT('Origin',(-107.4981635124,-107.5000000126,274.7000036622));
#11803=CARTESIAN_POINT('',(-150.5981657088,-105.8500000126,274.7000036622));
#11804=CARTESIAN_POINT('Origin',(-150.5981657088,-103.9000000126,274.7000036622));
#11805=CARTESIAN_POINT('',(-151.5981635124,-90.3500000063,274.7000036622));
#11806=CARTESIAN_POINT('Origin',(-151.5981635124,-88.4000000063,274.7000036622));
#11807=CARTESIAN_POINT('Origin',(-136.0981618018,-118.4000023078,274.8000036622));
#11808=CARTESIAN_POINT('',(-136.0981618018,-120.1500023078,274.9000036622));
#11809=CARTESIAN_POINT('',(-136.0981618018,-120.2500023078,274.8000036622));
#11810=CARTESIAN_POINT('Origin',(-136.0981618018,-118.4000023078,274.9000036622));
#11811=CARTESIAN_POINT('Origin',(-120.5981635124,-88.4000000063,274.8000036622));
#11812=CARTESIAN_POINT('',(-120.5981635124,-90.1500000063,274.9000036622));
#11813=CARTESIAN_POINT('',(-120.5981635124,-90.2500000063,274.8000036622));
#11814=CARTESIAN_POINT('Origin',(-120.5981635124,-88.4000000063,274.9000036622));
#11815=CARTESIAN_POINT('Origin',(-120.5981635124,-88.4000000063,282.2000036622));
#11816=CARTESIAN_POINT('',(-120.5981635124,-90.1500000063,278.5000036622));
#11817=CARTESIAN_POINT('Origin',(-120.5981635124,-88.4000000063,278.5000036622));
#11818=CARTESIAN_POINT('',(-120.5981635124,-90.1500000063,282.2000036622));
#11819=CARTESIAN_POINT('Origin',(-151.5981635124,-88.4000000063,274.8000036622));
#11820=CARTESIAN_POINT('',(-151.5981635124,-90.1500000063,274.9000036622));
#11821=CARTESIAN_POINT('',(-151.5981635124,-90.2500000063,274.8000036622));
#11822=CARTESIAN_POINT('Origin',(-151.5981635124,-88.4000000063,274.9000036622));
#11823=CARTESIAN_POINT('Origin',(-151.5981635124,-88.4000000063,282.2000036622));
#11824=CARTESIAN_POINT('',(-151.5981635124,-90.1500000063,278.5000036622));
#11825=CARTESIAN_POINT('Origin',(-151.5981635124,-88.4000000063,278.5000036622));
#11826=CARTESIAN_POINT('',(-151.5981635124,-90.1500000063,282.2000036622));
#11827=CARTESIAN_POINT('Origin',(-151.5981635124,-119.4000000063,274.8000036622));
#11828=CARTESIAN_POINT('',(-151.5981635124,-121.1500000063,274.9000036622));
#11829=CARTESIAN_POINT('',(-151.5981635124,-121.2500000063,274.8000036622));
#11830=CARTESIAN_POINT('Origin',(-151.5981635124,-119.4000000063,274.9000036622));
#11831=CARTESIAN_POINT('Origin',(-151.5981635124,-119.4000000063,282.2000036622));
#11832=CARTESIAN_POINT('',(-151.5981635124,-121.1500000063,278.5000036622));
#11833=CARTESIAN_POINT('Origin',(-151.5981635124,-119.4000000063,278.5000036622));
#11834=CARTESIAN_POINT('',(-151.5981635124,-121.1500000063,282.2000036622));
#11835=CARTESIAN_POINT('Ctrl Pts',(-107.4981635124,-104.0000000063,295.6500036622));
#11836=CARTESIAN_POINT('Ctrl Pts',(-107.146314004381,-104.0000000063,295.6500036622));
#11837=CARTESIAN_POINT('Ctrl Pts',(-106.418117978837,-104.10641506056,295.585682908055));
#11838=CARTESIAN_POINT('Ctrl Pts',(-105.438642202596,-104.609016219198,
295.30363745868));
#11839=CARTESIAN_POINT('Ctrl Pts',(-104.726612601857,-105.289064467154,
294.965938600649));
#11840=CARTESIAN_POINT('Ctrl Pts',(-104.379309333249,-105.874390293769,
294.742760623533));
#11841=CARTESIAN_POINT('Ctrl Pts',(-104.082094411686,-106.609474504896,
294.532810654091));
#11842=CARTESIAN_POINT('Ctrl Pts',(-103.997967090227,-107.063022854479,
294.461813487177));
#11843=CARTESIAN_POINT('Ctrl Pts',(-103.997796051431,-107.934110455897,
294.461655766552));
#11844=CARTESIAN_POINT('Ctrl Pts',(-104.082528240542,-108.387828640222,
294.532926637087));
#11845=CARTESIAN_POINT('Ctrl Pts',(-104.421624809802,-109.2289326822,294.772505126441));
#11846=CARTESIAN_POINT('Ctrl Pts',(-104.677262317733,-109.616363431464,
294.93346454535));
#11847=CARTESIAN_POINT('Ctrl Pts',(-105.277322774418,-110.23816273588,295.224846711793));
#11848=CARTESIAN_POINT('Ctrl Pts',(-105.661540327512,-110.518100064197,
295.376037657354));
#11849=CARTESIAN_POINT('Ctrl Pts',(-106.654472885557,-110.946699447564,
295.616792218288));
#11850=CARTESIAN_POINT('Ctrl Pts',(-107.866194600792,-111.142341679816,
295.736228748391));
#11851=CARTESIAN_POINT('Ctrl Pts',(-109.192079560639,-110.638086929211,
295.435504846612));
#11852=CARTESIAN_POINT('Ctrl Pts',(-109.857014166302,-110.09654139324,295.1583324385));
#11853=CARTESIAN_POINT('Ctrl Pts',(-110.234319757551,-109.712509991588,
294.977723450567));
#11854=CARTESIAN_POINT('Ctrl Pts',(-110.797478687431,-108.896235021945,
294.637374194439));
#11855=CARTESIAN_POINT('Ctrl Pts',(-110.998548001803,-108.042651338426,
294.461449939802));
#11856=CARTESIAN_POINT('Ctrl Pts',(-110.998663517103,-107.064841196399,
294.461493086157));
#11857=CARTESIAN_POINT('Ctrl Pts',(-110.913975086581,-106.611245200592,
294.532721256194));
#11858=CARTESIAN_POINT('Ctrl Pts',(-110.574712226131,-105.770285037446,
294.772384600154));
#11859=CARTESIAN_POINT('Ctrl Pts',(-110.319119829198,-105.382835418594,
294.933207250181));
#11860=CARTESIAN_POINT('Ctrl Pts',(-109.719576748193,-104.76105356825,295.22467675706));
#11861=CARTESIAN_POINT('Ctrl Pts',(-109.333291180409,-104.481630644496,
295.375651933649));
#11862=CARTESIAN_POINT('Ctrl Pts',(-108.456923655563,-104.099948948444,
295.589986727718));
#11863=CARTESIAN_POINT('Ctrl Pts',(-107.966207995586,-104.0000000063,295.6500036622));
#11864=CARTESIAN_POINT('Ctrl Pts',(-107.4981635124,-104.0000000063,295.6500036622));
#11865=CARTESIAN_POINT('Ctrl Pts',(-107.4981635124,-103.933333339633,295.583336995533));
#11866=CARTESIAN_POINT('Ctrl Pts',(-107.143736574917,-103.933409355793,
295.583319608783));
#11867=CARTESIAN_POINT('Ctrl Pts',(-106.410406640926,-104.039062354545,
295.517324260677));
#11868=CARTESIAN_POINT('Ctrl Pts',(-105.42107694456,-104.541215466729,295.22759446646));
#11869=CARTESIAN_POINT('Ctrl Pts',(-104.697729619372,-105.225070834531,
294.879785860083));
#11870=CARTESIAN_POINT('Ctrl Pts',(-104.341357593605,-105.820413330398,
294.648219387196));
#11871=CARTESIAN_POINT('Ctrl Pts',(-104.034164195571,-106.574381742242,
294.428820286333));
#11872=CARTESIAN_POINT('Ctrl Pts',(-103.945758285949,-107.045133432427,
294.353627431386));
#11873=CARTESIAN_POINT('Ctrl Pts',(-103.945582094749,-107.95199738293,294.353458390609));
#11874=CARTESIAN_POINT('Ctrl Pts',(-104.034609211059,-108.422934738686,
294.428956914192));
#11875=CARTESIAN_POINT('Ctrl Pts',(-104.385090497745,-109.285619381672,
294.67928942384));
#11876=CARTESIAN_POINT('Ctrl Pts',(-104.646945285569,-109.678482887499,
294.846008292242));
#11877=CARTESIAN_POINT('Ctrl Pts',(-105.257292955512,-110.3054190919,295.146551332227));
#11878=CARTESIAN_POINT('Ctrl Pts',(-105.646279123988,-110.585812937239,
295.301956595759));
#11879=CARTESIAN_POINT('Ctrl Pts',(-106.648700948224,-111.013764875829,
295.549295706508));
#11880=CARTESIAN_POINT('Ctrl Pts',(-107.868373787213,-111.208245016756,
295.671803588843));
#11881=CARTESIAN_POINT('Ctrl Pts',(-109.205119767901,-110.706388487103,
295.363203319011));
#11882=CARTESIAN_POINT('Ctrl Pts',(-109.87947082741,-110.162701220705,295.077907236565));
#11883=CARTESIAN_POINT('Ctrl Pts',(-110.263042288774,-109.775328862587,
294.891673978482));
#11884=CARTESIAN_POINT('Ctrl Pts',(-110.839312855768,-108.94851222694,294.539315594217));
#11885=CARTESIAN_POINT('Ctrl Pts',(-111.050849156353,-108.065457086843,
294.353187037656));
#11886=CARTESIAN_POINT('Ctrl Pts',(-111.050838836861,-107.046720726483,
294.353328969226));
#11887=CARTESIAN_POINT('Ctrl Pts',(-110.961906348883,-106.576236629263,
294.428738211911));
#11888=CARTESIAN_POINT('Ctrl Pts',(-110.61124465681,-105.713544794366,294.679175913426));
#11889=CARTESIAN_POINT('Ctrl Pts',(-110.349426562208,-105.320746135613,
294.845747571098));
#11890=CARTESIAN_POINT('Ctrl Pts',(-109.739629279375,-104.693770563736,
295.146382294908));
#11891=CARTESIAN_POINT('Ctrl Pts',(-109.348496535372,-104.413956017368,
295.301574082239));
#11892=CARTESIAN_POINT('Ctrl Pts',(-108.463862844625,-104.032743720473,
295.521739927223));
#11893=CARTESIAN_POINT('Ctrl Pts',(-107.969562830441,-103.933371269292,
295.583372440652));
#11894=CARTESIAN_POINT('Ctrl Pts',(-107.4981635124,-103.933333339633,295.583336995533));
#11895=CARTESIAN_POINT('Ctrl Pts',(-107.4981635124,-103.866666672967,295.516670328867));
#11896=CARTESIAN_POINT('Ctrl Pts',(-107.141288443277,-103.866590656807,
295.516687715617));
#11897=CARTESIAN_POINT('Ctrl Pts',(-106.402662043347,-103.97183488968,295.448958473457));
#11898=CARTESIAN_POINT('Ctrl Pts',(-105.403591759317,-104.473361934531,
295.15157218343));
#11899=CARTESIAN_POINT('Ctrl Pts',(-104.668921783503,-105.161210158976,
294.793689196286));
#11900=CARTESIAN_POINT('Ctrl Pts',(-104.303324548838,-105.766389530302,
294.553566169068));
#11901=CARTESIAN_POINT('Ctrl Pts',(-103.986459618973,-106.538987430457,
294.325038377637));
#11902=CARTESIAN_POINT('Ctrl Pts',(-103.893611119705,-107.027317811942,
294.245473280261));
#11903=CARTESIAN_POINT('Ctrl Pts',(-103.89344642258,-107.969490278574,294.245325335217));
#11904=CARTESIAN_POINT('Ctrl Pts',(-103.986852853047,-108.457881609917,
294.325106970184));
#11905=CARTESIAN_POINT('Ctrl Pts',(-104.348530813989,-109.342218953272,
294.586048314954));
#11906=CARTESIAN_POINT('Ctrl Pts',(-104.616757871124,-109.740402399269,
294.758614798983));
#11907=CARTESIAN_POINT('Ctrl Pts',(-105.237262198136,-110.372656137479,
295.068283930078));
#11908=CARTESIAN_POINT('Ctrl Pts',(-105.631199924688,-110.653296585949,
295.227931777211));
#11909=CARTESIAN_POINT('Ctrl Pts',(-106.642774719764,-111.080964859836,
295.481788528868));
#11910=CARTESIAN_POINT('Ctrl Pts',(-107.870595589603,-111.273976154294,
295.607415851241));
#11911=CARTESIAN_POINT('Ctrl Pts',(-109.218171875781,-110.774726335453,
295.290920864867));
#11912=CARTESIAN_POINT('Ctrl Pts',(-109.901774150969,-110.228694031522,
294.997599371093));
#11913=CARTESIAN_POINT('Ctrl Pts',(-110.29173415021,-109.838243737171,294.805661636167));
#11914=CARTESIAN_POINT('Ctrl Pts',(-110.881024039242,-109.000657104554,
294.441347692036));
#11915=CARTESIAN_POINT('Ctrl Pts',(-111.102847810313,-108.086885358232,
294.245184044016));
#11916=CARTESIAN_POINT('Ctrl Pts',(-111.103226619729,-107.029402675693,
294.244962416982));
#11917=CARTESIAN_POINT('Ctrl Pts',(-111.009740815082,-106.541050358544,
294.324827862077));
#11918=CARTESIAN_POINT('Ctrl Pts',(-110.647951869682,-105.656971669793,
294.58579791515));
#11919=CARTESIAN_POINT('Ctrl Pts',(-110.379737978844,-105.258640408146,
294.758265660147));
#11920=CARTESIAN_POINT('Ctrl Pts',(-109.759718829592,-104.626453916756,
295.068049198451));
#11921=CARTESIAN_POINT('Ctrl Pts',(-109.363752213089,-104.346308873144,
295.227455383291));
#11922=CARTESIAN_POINT('Ctrl Pts',(-108.470781320524,-103.965479297952,
295.453484122383));
#11923=CARTESIAN_POINT('Ctrl Pts',(-107.972966967091,-103.866628743308,
295.516634883748));
#11924=CARTESIAN_POINT('Ctrl Pts',(-107.4981635124,-103.866666672967,295.516670328867));
#11925=CARTESIAN_POINT('Ctrl Pts',(-107.4981635124,-103.8000000063,295.4500036622));
#11926=CARTESIAN_POINT('Ctrl Pts',(-107.138711013812,-103.8000000063,295.4500036622));
#11927=CARTESIAN_POINT('Ctrl Pts',(-106.394950705436,-103.904482183665,
295.380599826079));
#11928=CARTESIAN_POINT('Ctrl Pts',(-105.386026501281,-104.405561182062,
295.07552919121));
#11929=CARTESIAN_POINT('Ctrl Pts',(-104.640038801017,-105.097216526353,
294.707536455719));
#11930=CARTESIAN_POINT('Ctrl Pts',(-104.265372809194,-105.71241256693,294.459024932731));
#11931=CARTESIAN_POINT('Ctrl Pts',(-103.938529402858,-106.503894667804,
294.221048009879));
#11932=CARTESIAN_POINT('Ctrl Pts',(-103.841402315427,-107.009428389891,
294.137287224469));
#11933=CARTESIAN_POINT('Ctrl Pts',(-103.841232465898,-107.987377205607,
294.137127959274));
#11934=CARTESIAN_POINT('Ctrl Pts',(-103.938933823564,-108.49298770838,294.221137247289));
#11935=CARTESIAN_POINT('Ctrl Pts',(-104.311996501933,-109.398905652744,
294.492832612353));
#11936=CARTESIAN_POINT('Ctrl Pts',(-104.586440838959,-109.802521855304,
294.671158545875));
#11937=CARTESIAN_POINT('Ctrl Pts',(-105.217232379229,-110.439912493499,
294.989988550513));
#11938=CARTESIAN_POINT('Ctrl Pts',(-105.615938721164,-110.72100945899,295.153850715616));
#11939=CARTESIAN_POINT('Ctrl Pts',(-106.637002782432,-111.148030288101,
295.414292017087));
#11940=CARTESIAN_POINT('Ctrl Pts',(-107.872774776024,-111.339879491233,
295.542990691692));
#11941=CARTESIAN_POINT('Ctrl Pts',(-109.231212083042,-110.843027893344,
295.218619337265));
#11942=CARTESIAN_POINT('Ctrl Pts',(-109.924230812076,-110.294853858987,
294.917174169158));
#11943=CARTESIAN_POINT('Ctrl Pts',(-110.320456681433,-109.90106260817,294.719612164082));
#11944=CARTESIAN_POINT('Ctrl Pts',(-110.92285820758,-109.052934309548,294.343289091814));
#11945=CARTESIAN_POINT('Ctrl Pts',(-111.155148964864,-108.109691106649,
294.13692114187));
#11946=CARTESIAN_POINT('Ctrl Pts',(-111.155401939486,-107.011282205777,
294.136798300052));
#11947=CARTESIAN_POINT('Ctrl Pts',(-111.057672077384,-106.506041787215,
294.220844817795));
#11948=CARTESIAN_POINT('Ctrl Pts',(-110.68448430036,-105.600231426713,294.492589228422));
#11949=CARTESIAN_POINT('Ctrl Pts',(-110.410044711854,-105.196551125166,
294.670805981064));
#11950=CARTESIAN_POINT('Ctrl Pts',(-109.779771360774,-104.559170912242,
294.989754736299));
#11951=CARTESIAN_POINT('Ctrl Pts',(-109.378957568052,-104.278634246015,
295.15337753188));
#11952=CARTESIAN_POINT('Ctrl Pts',(-108.477720509585,-103.89827406998,295.385237321887));
#11953=CARTESIAN_POINT('Ctrl Pts',(-107.976321801946,-103.8000000063,295.4500036622));
#11954=CARTESIAN_POINT('Ctrl Pts',(-107.4981635124,-103.8000000063,295.4500036622));
#11955=CARTESIAN_POINT('',(-107.4981635124,-104.0000000063,295.6500036622));
#11956=CARTESIAN_POINT('',(-107.4981635124,-104.0000000063,295.6500036622));
#11957=CARTESIAN_POINT('',(-107.495509346032,-111.000083702904,295.650237285391));
#11958=CARTESIAN_POINT('Ctrl Pts',(-107.4981635124,-104.0000000063,295.6500036622));
#11959=CARTESIAN_POINT('Ctrl Pts',(-107.966207995586,-104.0000000063,295.6500036622));
#11960=CARTESIAN_POINT('Ctrl Pts',(-108.456923655563,-104.099948948444,
295.589986727718));
#11961=CARTESIAN_POINT('Ctrl Pts',(-109.333291180409,-104.481630644496,
295.375651933649));
#11962=CARTESIAN_POINT('Ctrl Pts',(-109.719576748193,-104.76105356825,295.22467675706));
#11963=CARTESIAN_POINT('Ctrl Pts',(-110.319119829198,-105.382835418594,
294.933207250181));
#11964=CARTESIAN_POINT('Ctrl Pts',(-110.574712226131,-105.770285037446,
294.772384600154));
#11965=CARTESIAN_POINT('Ctrl Pts',(-110.913975086581,-106.611245200592,
294.532721256194));
#11966=CARTESIAN_POINT('Ctrl Pts',(-110.998663517103,-107.064841196399,
294.461493086157));
#11967=CARTESIAN_POINT('Ctrl Pts',(-110.998548001803,-108.042651338426,
294.461449939802));
#11968=CARTESIAN_POINT('Ctrl Pts',(-110.797478687431,-108.896235021945,
294.637374194439));
#11969=CARTESIAN_POINT('Ctrl Pts',(-110.234319757551,-109.712509991588,
294.977723450567));
#11970=CARTESIAN_POINT('Ctrl Pts',(-109.857014166302,-110.09654139324,295.1583324385));
#11971=CARTESIAN_POINT('Ctrl Pts',(-109.192079560639,-110.638086929211,
295.435504846612));
#11972=CARTESIAN_POINT('Ctrl Pts',(-108.336308756949,-110.963549926574,
295.629602180022));
#11973=CARTESIAN_POINT('Ctrl Pts',(-107.615877552606,-111.000331234464,
295.650539982422));
#11974=CARTESIAN_POINT('Ctrl Pts',(-107.494866605745,-111.000103971106,
295.650293860231));
#11975=CARTESIAN_POINT('Ctrl Pts',(-107.494866605745,-111.000103971106,
295.650293860231));
#11976=CARTESIAN_POINT('Ctrl Pts',(-107.017482273123,-110.999207424395,
295.649322916021));
#11977=CARTESIAN_POINT('Ctrl Pts',(-106.542781134136,-110.898487698037,
295.589710521394));
#11978=CARTESIAN_POINT('Ctrl Pts',(-105.661540327512,-110.518100064197,
295.376037657354));
#11979=CARTESIAN_POINT('Ctrl Pts',(-105.277322774418,-110.23816273588,295.224846711793));
#11980=CARTESIAN_POINT('Ctrl Pts',(-104.677262317733,-109.616363431464,
294.93346454535));
#11981=CARTESIAN_POINT('Ctrl Pts',(-104.421624809802,-109.2289326822,294.772505126441));
#11982=CARTESIAN_POINT('Ctrl Pts',(-104.082528240542,-108.387828640222,
294.532926637087));
#11983=CARTESIAN_POINT('Ctrl Pts',(-103.997796051431,-107.934110455897,
294.461655766552));
#11984=CARTESIAN_POINT('Ctrl Pts',(-103.997967090227,-107.063022854479,
294.461813487177));
#11985=CARTESIAN_POINT('Ctrl Pts',(-104.082094411686,-106.609474504896,
294.532810654091));
#11986=CARTESIAN_POINT('Ctrl Pts',(-104.379309333249,-105.874390293769,
294.742760623533));
#11987=CARTESIAN_POINT('Ctrl Pts',(-104.726612601857,-105.289064467154,
294.965938600649));
#11988=CARTESIAN_POINT('Ctrl Pts',(-105.438642202596,-104.609016219198,
295.30363745868));
#11989=CARTESIAN_POINT('Ctrl Pts',(-106.418117978837,-104.10641506056,295.585682908055));
#11990=CARTESIAN_POINT('Ctrl Pts',(-107.146314004381,-104.0000000063,295.6500036622));
#11991=CARTESIAN_POINT('Ctrl Pts',(-107.4981635124,-104.0000000063,295.6500036622));
#11992=CARTESIAN_POINT('Origin',(-107.4981635124,-107.5000000063,280.2000036622));
#11993=CARTESIAN_POINT('',(-107.4981635124,-111.0000000063,296.7000036622));
#11994=CARTESIAN_POINT('',(-107.4981635124,-111.0000000063,280.2000036622));
#11995=CARTESIAN_POINT('Origin',(-107.4981635124,-107.5000000063,296.7000036622));
#11996=CARTESIAN_POINT('Origin',(-107.4981635124,-100.1000000063,289.7000036622));
#11997=CARTESIAN_POINT('',(-109.4481635124,-100.0000000063,289.7000036622));
#11998=CARTESIAN_POINT('Origin',(-107.4981635124,-100.0000000063,289.7000036622));
#11999=CARTESIAN_POINT('',(-109.2481635124,-100.2000000063,289.7000036622));
#12000=CARTESIAN_POINT('',(-109.3481635124,-100.1000000063,289.7000036622));
#12001=CARTESIAN_POINT('Origin',(-107.4981635124,-100.2000000063,289.7000036622));
#12002=CARTESIAN_POINT('Origin',(-107.4981635124,-117.0000000063,289.7000036622));
#12003=CARTESIAN_POINT('',(-109.2481635124,-102.8000000063,289.7000036622));
#12004=CARTESIAN_POINT('Origin',(-107.4981635124,-102.8000000063,289.7000036622));
#12005=CARTESIAN_POINT('',(-109.2481635124,-117.0000000063,289.7000036622));
#12006=CARTESIAN_POINT('Origin',(-113.9981635124,-100.0000000063,282.2000036622));
#12007=CARTESIAN_POINT('',(-100.9981635124,-100.0000000063,296.7000036622));
#12008=CARTESIAN_POINT('',(-113.9981635124,-100.0000000063,296.7000036622));
#12009=CARTESIAN_POINT('',(-113.9981635124,-100.0000000063,296.7000036622));
#12010=CARTESIAN_POINT('',(-100.9981635124,-100.0000000063,282.2000036622));
#12011=CARTESIAN_POINT('',(-100.9981635124,-100.0000000063,282.2000036622));
#12012=CARTESIAN_POINT('',(-113.9981635124,-100.0000000063,282.2000036622));
#12013=CARTESIAN_POINT('',(-113.9981635124,-100.0000000063,282.2000036622));
#12014=CARTESIAN_POINT('',(-113.9981635124,-100.0000000063,282.2000036622));
#12015=CARTESIAN_POINT('Origin',(-107.4981635124,-102.9000000063,289.7000036622));
#12016=CARTESIAN_POINT('',(-109.4481635124,-103.0000000063,289.7000036622));
#12017=CARTESIAN_POINT('Origin',(-107.4981635124,-103.0000000063,289.7000036622));
#12018=CARTESIAN_POINT('',(-109.3481635124,-102.9000000063,289.7000036622));
#12019=CARTESIAN_POINT('Origin',(-107.4981635124,-103.0000000063,289.7000036622));
#12020=CARTESIAN_POINT('Origin',(-150.5981657088,-103.9000000126,274.8000036622));
#12021=CARTESIAN_POINT('',(-150.5981657088,-105.6500000126,274.9000036622));
#12022=CARTESIAN_POINT('',(-150.5981657088,-105.7500000126,274.8000036622));
#12023=CARTESIAN_POINT('Origin',(-150.5981657088,-103.9000000126,274.9000036622));
#12024=CARTESIAN_POINT('Origin',(-150.5981657088,-103.9000000126,282.2000036622));
#12025=CARTESIAN_POINT('',(-150.5981657088,-105.6500000126,278.5000036622));
#12026=CARTESIAN_POINT('Origin',(-150.5981657088,-103.9000000126,278.5000036622));
#12027=CARTESIAN_POINT('',(-150.5981657088,-105.6500000126,282.2000036622));
#12028=CARTESIAN_POINT('Origin',(-132.2481635124,-89.5000000063,274.8000036622));
#12029=CARTESIAN_POINT('',(-132.2481635124,-91.2500000063,274.9000036622));
#12030=CARTESIAN_POINT('',(-132.2481635124,-91.3500000063,274.8000036622));
#12031=CARTESIAN_POINT('Origin',(-132.2481635124,-89.5000000063,274.9000036622));
#12032=CARTESIAN_POINT('Origin',(-132.2481635124,-89.5000000063,282.2000036622));
#12033=CARTESIAN_POINT('',(-132.2481635124,-91.2500000063,278.5000036622));
#12034=CARTESIAN_POINT('Origin',(-132.2481635124,-89.5000000063,278.5000036622));
#12035=CARTESIAN_POINT('',(-132.2481635124,-91.2500000063,282.2000036622));
#12036=CARTESIAN_POINT('Origin',(-107.4981635124,-107.5000000126,274.8000036622));
#12037=CARTESIAN_POINT('',(-107.4981635124,-109.1500000126,274.9000036622));
#12038=CARTESIAN_POINT('',(-107.4981635124,-109.2500000126,274.8000036622));
#12039=CARTESIAN_POINT('Origin',(-107.4981635124,-107.5000000126,274.9000036622));
#12040=CARTESIAN_POINT('Origin',(-107.4981635124,-107.5000000126,282.2000036622));
#12041=CARTESIAN_POINT('',(-107.4981635124,-109.1500000126,280.2000036622));
#12042=CARTESIAN_POINT('Origin',(-107.4981635124,-107.5000000126,280.2000036622));
#12043=CARTESIAN_POINT('',(-107.4981635124,-109.1500000126,282.2000036622));
#12044=CARTESIAN_POINT('Origin',(-118.7481635124,-101.5000000063,274.8000036622));
#12045=CARTESIAN_POINT('',(-118.7481635124,-103.2500000063,274.9000036622));
#12046=CARTESIAN_POINT('',(-118.7481635124,-103.3500000063,274.8000036622));
#12047=CARTESIAN_POINT('Origin',(-118.7481635124,-101.5000000063,274.9000036622));
#12048=CARTESIAN_POINT('Origin',(-118.7481635124,-101.5000000063,282.2000036622));
#12049=CARTESIAN_POINT('',(-118.7481635124,-103.2500000063,278.5000036622));
#12050=CARTESIAN_POINT('Origin',(-118.7481635124,-101.5000000063,278.5000036622));
#12051=CARTESIAN_POINT('',(-118.7481635124,-103.2500000063,282.2000036622));
#12052=CARTESIAN_POINT('Origin',(-136.0981618018,-118.4000023078,282.2000036622));
#12053=CARTESIAN_POINT('',(-136.0981618018,-120.1500023078,278.5000036622));
#12054=CARTESIAN_POINT('Origin',(-136.0981618018,-118.4000023078,278.5000036622));
#12055=CARTESIAN_POINT('',(-136.0981618018,-120.1500023078,282.2000036622));
#12056=CARTESIAN_POINT('Origin',(-107.4981635124,-93.3000000063,278.6000036622));
#12057=CARTESIAN_POINT('',(-107.4981635124,-95.0500000063,278.5000036622));
#12058=CARTESIAN_POINT('Origin',(-107.4981635124,-93.3000000063,278.5000036622));
#12059=CARTESIAN_POINT('',(-107.4981635124,-95.2500000063,278.7000036622));
#12060=CARTESIAN_POINT('',(-107.4981635124,-95.1500000063,278.6000036622));
#12061=CARTESIAN_POINT('Origin',(-107.4981635124,-93.3000000063,278.7000036622));
#12062=CARTESIAN_POINT('Origin',(-107.4981635124,-93.3000000063,282.2000036622));
#12063=CARTESIAN_POINT('',(-107.4981635124,-95.0500000063,282.2000036622));
#12064=CARTESIAN_POINT('Origin',(-107.4981635124,-93.3000000063,278.7000036622));
#12065=CARTESIAN_POINT('',(-107.4981635124,-96.8000000063,278.7000036622));
#12066=CARTESIAN_POINT('Origin',(-107.4981635124,-93.3000000063,278.7000036622));
#12067=CARTESIAN_POINT('Origin',(-118.7481635124,-101.5000000063,278.6000036622));
#12068=CARTESIAN_POINT('',(-118.7481635124,-103.4500000063,278.7000036622));
#12069=CARTESIAN_POINT('',(-118.7481635124,-103.3500000063,278.6000036622));
#12070=CARTESIAN_POINT('Origin',(-118.7481635124,-101.5000000063,278.7000036622));
#12071=CARTESIAN_POINT('Origin',(-118.7481635124,-101.5000000063,278.7000036622));
#12072=CARTESIAN_POINT('',(-118.7481635124,-105.0000000063,278.7000036622));
#12073=CARTESIAN_POINT('Origin',(-118.7481635124,-101.5000000063,278.7000036622));
#12074=CARTESIAN_POINT('Origin',(-120.5981635124,-88.4000000063,278.6000036622));
#12075=CARTESIAN_POINT('',(-120.5981635124,-90.3500000063,278.7000036622));
#12076=CARTESIAN_POINT('',(-120.5981635124,-90.2500000063,278.6000036622));
#12077=CARTESIAN_POINT('Origin',(-120.5981635124,-88.4000000063,278.7000036622));
#12078=CARTESIAN_POINT('Origin',(-120.5981635124,-88.4000000063,278.7000036622));
#12079=CARTESIAN_POINT('',(-120.5981635124,-91.9000000063,278.7000036622));
#12080=CARTESIAN_POINT('Origin',(-120.5981635124,-88.4000000063,278.7000036622));
#12081=CARTESIAN_POINT('Origin',(-132.2481635124,-89.5000000063,278.6000036622));
#12082=CARTESIAN_POINT('',(-132.2481635124,-91.4500000063,278.7000036622));
#12083=CARTESIAN_POINT('',(-132.2481635124,-91.3500000063,278.6000036622));
#12084=CARTESIAN_POINT('Origin',(-132.2481635124,-89.5000000063,278.7000036622));
#12085=CARTESIAN_POINT('Origin',(-132.2481635124,-89.5000000063,278.7000036622));
#12086=CARTESIAN_POINT('',(-132.2481635124,-93.0000000063,278.7000036622));
#12087=CARTESIAN_POINT('Origin',(-132.2481635124,-89.5000000063,278.7000036622));
#12088=CARTESIAN_POINT('Origin',(-151.5981635124,-88.4000000063,278.6000036622));
#12089=CARTESIAN_POINT('',(-151.5981635124,-90.3500000063,278.7000036622));
#12090=CARTESIAN_POINT('',(-151.5981635124,-90.2500000063,278.6000036622));
#12091=CARTESIAN_POINT('Origin',(-151.5981635124,-88.4000000063,278.7000036622));
#12092=CARTESIAN_POINT('Origin',(-151.5981635124,-88.4000000063,278.7000036622));
#12093=CARTESIAN_POINT('',(-151.5981635124,-91.9000000063,278.7000036622));
#12094=CARTESIAN_POINT('Origin',(-151.5981635124,-88.4000000063,278.7000036622));
#12095=CARTESIAN_POINT('Origin',(-150.5981657088,-103.9000000126,278.6000036622));
#12096=CARTESIAN_POINT('',(-150.5981657088,-105.8500000126,278.7000036622));
#12097=CARTESIAN_POINT('',(-150.5981657088,-105.7500000126,278.6000036622));
#12098=CARTESIAN_POINT('Origin',(-150.5981657088,-103.9000000126,278.7000036622));
#12099=CARTESIAN_POINT('Origin',(-150.5981657088,-103.9000000126,278.7000036622));
#12100=CARTESIAN_POINT('',(-150.5981657088,-107.4000000126,278.7000036622));
#12101=CARTESIAN_POINT('Origin',(-150.5981657088,-103.9000000126,278.7000036622));
#12102=CARTESIAN_POINT('Origin',(-151.5981635124,-119.4000000063,278.6000036622));
#12103=CARTESIAN_POINT('',(-151.5981635124,-121.3500000063,278.7000036622));
#12104=CARTESIAN_POINT('',(-151.5981635124,-121.2500000063,278.6000036622));
#12105=CARTESIAN_POINT('Origin',(-151.5981635124,-119.4000000063,278.7000036622));
#12106=CARTESIAN_POINT('Origin',(-151.5981635124,-119.4000000063,278.7000036622));
#12107=CARTESIAN_POINT('',(-151.5981635124,-122.9000000063,278.7000036622));
#12108=CARTESIAN_POINT('Origin',(-151.5981635124,-119.4000000063,278.7000036622));
#12109=CARTESIAN_POINT('Origin',(-136.0981618018,-118.4000023078,278.6000036622));
#12110=CARTESIAN_POINT('',(-136.0981618018,-120.3500023078,278.7000036622));
#12111=CARTESIAN_POINT('',(-136.0981618018,-120.2500023078,278.6000036622));
#12112=CARTESIAN_POINT('Origin',(-136.0981618018,-118.4000023078,278.7000036622));
#12113=CARTESIAN_POINT('Origin',(-136.0981618018,-118.4000023078,278.7000036622));
#12114=CARTESIAN_POINT('',(-136.0981618018,-121.9000023078,278.7000036622));
#12115=CARTESIAN_POINT('Origin',(-136.0981618018,-118.4000023078,278.7000036622));
#12116=CARTESIAN_POINT('Origin',(-136.0981635124,-103.9000000063,274.9500036622));
#12117=CARTESIAN_POINT('',(-136.0981635124,-113.9000000063,275.2000036622));
#12118=CARTESIAN_POINT('',(-136.0981635124,-114.1500000063,274.9500036622));
#12119=CARTESIAN_POINT('Origin',(-136.0981635124,-103.9000000063,275.2000036622));
#12120=CARTESIAN_POINT('Origin',(-136.0981635124,-103.9000000063,282.2000036622));
#12121=CARTESIAN_POINT('',(-136.0981635124,-113.9000000063,281.7000036622));
#12122=CARTESIAN_POINT('Origin',(-136.0981635124,-103.9000000063,281.7000036622));
#12123=CARTESIAN_POINT('',(-136.0981635124,-113.9000000063,282.2000036622));
#12124=CARTESIAN_POINT('Origin',(-142.935852911103,-135.373223311003,274.9500036622));
#12125=CARTESIAN_POINT('',(-153.6626296064,-125.0000000063,275.2000036622));
#12126=CARTESIAN_POINT('',(-153.455522825213,-124.5000000063,274.7000036622));
#12127=CARTESIAN_POINT('',(-157.1981635124,-121.4644661004,275.2000036622));
#12128=CARTESIAN_POINT('',(-143.1126296064,-135.5500000063,275.2000036622));
#12129=CARTESIAN_POINT('',(-156.6981635124,-121.257359319113,274.7000036622));
#12130=CARTESIAN_POINT('Origin',(-156.9481635124,-103.1677669593,274.9500036622));
#12131=CARTESIAN_POINT('',(-157.1981635124,-86.3355339123,275.2000036622));
#12132=CARTESIAN_POINT('',(-157.1981635124,-103.1677669593,275.2000036622));
#12133=CARTESIAN_POINT('',(-157.1981635124,-86.3355339123,275.2000036622));
#12134=CARTESIAN_POINT('Origin',(-130.0626296064,-124.7500000063,274.9500036622));
#12135=CARTESIAN_POINT('',(-118.5336974183,-125.0000000063,275.2000036622));
#12136=CARTESIAN_POINT('',(-118.740804199487,-124.5000000063,274.7000036622));
#12137=CARTESIAN_POINT('',(-130.0626296064,-125.0000000063,275.2000036622));
#12138=CARTESIAN_POINT('Origin',(-116.7481635124,-122.992086207292,274.9500036622));
#12139=CARTESIAN_POINT('Ctrl Pts',(-116.9981635124,-121.143559583716,274.7000036622));
#12140=CARTESIAN_POINT('Ctrl Pts',(-116.5981635124,-119.4000000063,275.1000036622));
#12141=CARTESIAN_POINT('Ctrl Pts',(-116.9981635124,-117.656440428884,274.7000036622));
#12142=CARTESIAN_POINT('',(-116.4981635124,-117.0000000063,275.2000036622));
#12143=CARTESIAN_POINT('',(-116.9981635124,-117.0000000063,274.7000036622));
#12144=CARTESIAN_POINT('',(-116.4981635124,-122.9644661004,275.2000036622));
#12145=CARTESIAN_POINT('',(-116.4981635124,-122.992086207292,275.2000036622));
#12146=CARTESIAN_POINT('',(-116.4981635124,-122.9644661004,275.2000036622));
#12147=CARTESIAN_POINT('Origin',(-114.4981635124,-117.0000000063,274.9500036622));
#12148=CARTESIAN_POINT('',(-114.4981635124,-115.0000000063,275.2000036622));
#12149=CARTESIAN_POINT('',(-114.4981635124,-114.5000000063,274.7000036622));
#12150=CARTESIAN_POINT('Origin',(-114.4981635124,-117.0000000063,275.2000036622));
#12151=CARTESIAN_POINT('Origin',(-103.7303965594,-114.7500000063,274.9500036622));
#12152=CARTESIAN_POINT('',(-100.9981635124,-115.0000000063,275.2000036622));
#12153=CARTESIAN_POINT('',(-100.9981635124,-114.5000000063,274.7000036622));
#12154=CARTESIAN_POINT('',(-103.7303965594,-115.0000000063,275.2000036622));
#12155=CARTESIAN_POINT('Origin',(-100.9981635124,-114.0000000063,274.9500036622));
#12156=CARTESIAN_POINT('',(-99.9981635124,-114.0000000063,275.2000036622));
#12157=CARTESIAN_POINT('',(-100.4981635124,-114.0000000063,274.7000036622));
#12158=CARTESIAN_POINT('Origin',(-100.9981635124,-114.0000000063,275.2000036622));
#12159=CARTESIAN_POINT('Origin',(-100.2481635124,-117.0000000063,274.9500036622));
#12160=CARTESIAN_POINT('',(-99.9981635124,-88.4892304909,275.2000036622));
#12161=CARTESIAN_POINT('',(-100.4981635124,-88.4892304909,274.7000036622));
#12162=CARTESIAN_POINT('',(-99.9981635124,-117.0000000063,275.2000036622));
#12163=CARTESIAN_POINT('Origin',(-101.7981635124,-88.4892304909,274.9500036622));
#12164=CARTESIAN_POINT('',(-100.8981635124,-86.930384764,275.2000036622));
#12165=CARTESIAN_POINT('',(-101.148163512428,-87.3633974659643,274.7000036622));
#12166=CARTESIAN_POINT('Origin',(-101.7981635124,-88.4892304909,275.2000036622));
#12167=CARTESIAN_POINT('Origin',(-95.9500565744292,-90.0758507711587,274.9500036622));
#12168=CARTESIAN_POINT('',(-107.82014896,-82.9339746025,275.2000036622));
#12169=CARTESIAN_POINT('',(-108.070148960028,-83.3669873044491,274.7000036622));
#12170=CARTESIAN_POINT('',(-95.8250565744309,-89.8593444202116,275.2000036622));
#12171=CARTESIAN_POINT('Origin',(-108.32014896,-83.8000000063,274.9500036622));
#12172=CARTESIAN_POINT('',(-108.32014896,-82.8000000063,275.2000036622));
#12173=CARTESIAN_POINT('',(-108.32014896,-83.3000000063,274.7000036622));
#12174=CARTESIAN_POINT('Origin',(-108.32014896,-83.8000000063,275.2000036622));
#12175=CARTESIAN_POINT('Origin',(-107.3913892832,-83.0500000063,274.9500036622));
#12176=CARTESIAN_POINT('',(-153.6626296064,-82.8000000063,275.2000036622));
#12177=CARTESIAN_POINT('',(-107.3913892832,-82.8000000063,275.2000036622));
#12178=CARTESIAN_POINT('',(-153.455522825213,-83.3000000063,274.7000036622));
#12179=CARTESIAN_POINT('Origin',(-114.442707160622,-120.555456358028,274.9500036622));
#12180=CARTESIAN_POINT('',(-114.265930465325,-120.732233053325,275.2000036622));
#12181=CARTESIAN_POINT('Origin',(-150.985852911103,-80.4767767015966,274.9500036622));
#12182=CARTESIAN_POINT('',(-151.1626296064,-80.3000000063,275.2000036622));
#12183=CARTESIAN_POINT('Origin',(-120.5981635124,-119.4000000063,274.9500036622));
#12184=CARTESIAN_POINT('',(-124.0981635124,-119.4000000063,275.2000036622));
#12185=CARTESIAN_POINT('',(-124.3481635124,-119.4000000063,274.9500036622));
#12186=CARTESIAN_POINT('Origin',(-120.5981635124,-119.4000000063,275.2000036622));
#12187=CARTESIAN_POINT('Origin',(-108.32014896,-82.8000000063,282.2000036622));
#12188=CARTESIAN_POINT('',(-153.6626296064,-82.8000000063,281.7000036622));
#12189=CARTESIAN_POINT('',(-153.6626296064,-82.8000000063,282.2000036622));
#12190=CARTESIAN_POINT('',(-108.32014896,-82.8000000063,281.7000036622));
#12191=CARTESIAN_POINT('',(-107.3913892832,-82.8000000063,281.7000036622));
#12192=CARTESIAN_POINT('',(-108.32014896,-82.8000000063,282.2000036622));
#12193=CARTESIAN_POINT('Origin',(-153.6626296064,-82.8000000063,282.2000036622));
#12194=CARTESIAN_POINT('',(-157.1981635124,-86.3355339123,281.7000036622));
#12195=CARTESIAN_POINT('',(-157.1981635124,-86.3355339123,282.2000036622));
#12196=CARTESIAN_POINT('',(-151.1626296064,-80.3000000063,281.7000036622));
#12197=CARTESIAN_POINT('Origin',(-157.1981635124,-86.3355339123,282.2000036622));
#12198=CARTESIAN_POINT('',(-157.1981635124,-121.4644661004,281.7000036622));
#12199=CARTESIAN_POINT('',(-157.1981635124,-121.4644661004,282.2000036622));
#12200=CARTESIAN_POINT('',(-157.1981635124,-103.1677669593,281.7000036622));
#12201=CARTESIAN_POINT('Origin',(-153.6626296064,-125.0000000063,282.2000036622));
#12202=CARTESIAN_POINT('',(-153.6626296064,-125.0000000063,281.7000036622));
#12203=CARTESIAN_POINT('',(-153.6626296064,-125.0000000063,282.2000036622));
#12204=CARTESIAN_POINT('',(-143.1126296064,-135.5500000063,281.7000036622));
#12205=CARTESIAN_POINT('Origin',(-153.6626296064,-125.0000000063,282.2000036622));
#12206=CARTESIAN_POINT('',(-118.5336974183,-125.0000000063,281.7000036622));
#12207=CARTESIAN_POINT('',(-118.5336974183,-125.0000000063,282.2000036622));
#12208=CARTESIAN_POINT('',(-130.0626296064,-125.0000000063,281.7000036622));
#12209=CARTESIAN_POINT('Origin',(-118.5336974183,-125.0000000063,282.2000036622));
#12210=CARTESIAN_POINT('',(-116.4981635124,-122.9644661004,281.7000036622));
#12211=CARTESIAN_POINT('',(-116.4981635124,-122.9644661004,282.2000036622));
#12212=CARTESIAN_POINT('',(-114.265930465325,-120.732233053325,281.7000036622));
#12213=CARTESIAN_POINT('Origin',(-116.4981635124,-125.984172408285,282.2000036622));
#12214=CARTESIAN_POINT('',(-116.4981635124,-117.0000000063,281.7000036622));
#12215=CARTESIAN_POINT('',(-116.4981635124,-117.0000000063,282.2000036622));
#12216=CARTESIAN_POINT('',(-116.4981635124,-122.992086207292,281.7000036622));
#12217=CARTESIAN_POINT('Origin',(-120.5981635124,-119.4000000063,282.2000036622));
#12218=CARTESIAN_POINT('',(-117.0981635124,-119.4000000063,281.7000036622));
#12219=CARTESIAN_POINT('',(-124.0981635124,-119.4000000063,281.7000036622));
#12220=CARTESIAN_POINT('Origin',(-120.5981635124,-119.4000000063,281.7000036622));
#12221=CARTESIAN_POINT('Origin',(-120.5981635124,-119.4000000063,281.7000036622));
#12222=CARTESIAN_POINT('',(-124.0981635124,-119.4000000063,282.2000036622));
#12223=CARTESIAN_POINT('Origin',(-136.0981635124,-103.9000000063,281.9500036622));
#12224=CARTESIAN_POINT('',(-136.09816227369,-114.4000023078,282.2000036622));
#12225=CARTESIAN_POINT('',(-136.0981635124,-114.1500000063,281.9500036622));
#12226=CARTESIAN_POINT('',(-146.5981657088,-103.900000010862,282.2000036622));
#12227=CARTESIAN_POINT('Origin',(-136.0981635124,-103.9000000063,282.2000036622));
#12228=CARTESIAN_POINT('Origin',(-136.0981635124,-103.9000000063,282.2000036622));
#12229=CARTESIAN_POINT('Origin',(-106.4626296064,-120.0000000063,282.2000036622));
#12230=CARTESIAN_POINT('',(-116.9981635124,-117.656440428884,282.2000036622));
#12231=CARTESIAN_POINT('',(-116.9981635124,-121.143559583716,282.2000036622));
#12232=CARTESIAN_POINT('Origin',(-120.5981635124,-119.4000000063,282.2000036622));
#12233=CARTESIAN_POINT('',(-116.9981635124,-117.0000000063,282.2000036622));
#12234=CARTESIAN_POINT('',(-116.9981635124,-122.992086207292,282.2000036622));
#12235=CARTESIAN_POINT('',(-114.849392003474,-114.524795257788,282.2000036622));
#12236=CARTESIAN_POINT('Origin',(-114.4981635124,-117.0000000063,282.2000036622));
#12237=CARTESIAN_POINT('',(-114.9981635124,-114.0000000063,282.2000036622));
#12238=CARTESIAN_POINT('Origin',(-113.9981635124,-114.0000000063,282.2000036622));
#12239=CARTESIAN_POINT('',(-114.9981635124,-102.891941097008,282.2000036622));
#12240=CARTESIAN_POINT('',(-114.9981635124,-114.0000000063,282.2000036622));
#12241=CARTESIAN_POINT('',(-118.7481635124,-105.5000000063,282.2000036622));
#12242=CARTESIAN_POINT('Origin',(-118.7481635124,-101.5000000063,282.2000036622));
#12243=CARTESIAN_POINT('',(-114.871758614297,-100.513346538275,282.2000036622));
#12244=CARTESIAN_POINT('Origin',(-118.7481635124,-101.5000000063,282.2000036622));
#12245=CARTESIAN_POINT('Origin',(-113.9981635124,-101.0000000063,282.2000036622));
#12246=CARTESIAN_POINT('',(-100.4981635124,-100.133974602516,282.2000036622));
#12247=CARTESIAN_POINT('Origin',(-100.9981635124,-101.0000000063,282.2000036622));
#12248=CARTESIAN_POINT('',(-100.4981635124,-88.4892304909,282.2000036622));
#12249=CARTESIAN_POINT('',(-100.4981635124,-117.0000000063,282.2000036622));
#12250=CARTESIAN_POINT('',(-101.148163512428,-87.3633974659643,282.2000036622));
#12251=CARTESIAN_POINT('Origin',(-101.7981635124,-88.4892304909,282.2000036622));
#12252=CARTESIAN_POINT('',(-108.070148960028,-83.3669873044491,282.2000036622));
#12253=CARTESIAN_POINT('',(-96.0750565744275,-90.2923571221058,282.2000036622));
#12254=CARTESIAN_POINT('',(-108.32014896,-83.3000000063,282.2000036622));
#12255=CARTESIAN_POINT('Origin',(-108.32014896,-83.8000000063,282.2000036622));
#12256=CARTESIAN_POINT('',(-153.455522825213,-83.3000000063,282.2000036622));
#12257=CARTESIAN_POINT('',(-107.3913892832,-83.3000000063,282.2000036622));
#12258=CARTESIAN_POINT('',(-156.6981635124,-86.5426406934865,282.2000036622));
#12259=CARTESIAN_POINT('',(-150.809076215807,-80.6535533968933,282.2000036622));
#12260=CARTESIAN_POINT('',(-156.6981635124,-121.257359319114,282.2000036622));
#12261=CARTESIAN_POINT('',(-156.6981635124,-103.1677669593,282.2000036622));
#12262=CARTESIAN_POINT('',(-153.455522825213,-124.5000000063,282.2000036622));
#12263=CARTESIAN_POINT('',(-142.759076215807,-135.196446615707,282.2000036622));
#12264=CARTESIAN_POINT('',(-118.740804199487,-124.5000000063,282.2000036622));
#12265=CARTESIAN_POINT('',(-130.0626296064,-124.5000000063,282.2000036622));
#12266=CARTESIAN_POINT('',(-116.9981635124,-122.757359319213,282.2000036622));
#12267=CARTESIAN_POINT('',(-114.619483855918,-120.378679662732,282.2000036622));
#12268=CARTESIAN_POINT('',(-116.9981635124,-122.992086207292,282.2000036622));
#12269=CARTESIAN_POINT('',(-132.2481635124,-93.5000000063,282.2000036622));
#12270=CARTESIAN_POINT('Origin',(-132.2481635124,-89.5000000063,282.2000036622));
#12271=CARTESIAN_POINT('',(-136.0981618018,-122.4000023078,282.2000036622));
#12272=CARTESIAN_POINT('Origin',(-136.0981618018,-118.4000023078,282.2000036622));
#12273=CARTESIAN_POINT('',(-150.5981657088,-107.9000000126,282.2000036622));
#12274=CARTESIAN_POINT('Origin',(-150.5981657088,-103.9000000126,282.2000036622));
#12275=CARTESIAN_POINT('Origin',(-150.5981657088,-103.9000000126,282.2000036622));
#12276=CARTESIAN_POINT('Origin',(-136.0981618018,-118.4000023078,282.2000036622));
#12277=CARTESIAN_POINT('',(-107.4981635124,-97.3000000063,282.2000036622));
#12278=CARTESIAN_POINT('Origin',(-107.4981635124,-93.3000000063,282.2000036622));
#12279=CARTESIAN_POINT('',(-120.5981635124,-92.4000000063,282.2000036622));
#12280=CARTESIAN_POINT('Origin',(-120.5981635124,-88.4000000063,282.2000036622));
#12281=CARTESIAN_POINT('',(-151.5981635124,-123.4000000063,282.2000036622));
#12282=CARTESIAN_POINT('Origin',(-151.5981635124,-119.4000000063,282.2000036622));
#12283=CARTESIAN_POINT('',(-151.5981635124,-92.4000000063,282.2000036622));
#12284=CARTESIAN_POINT('Origin',(-151.5981635124,-88.4000000063,282.2000036622));
#12285=CARTESIAN_POINT('Origin',(-132.2481635124,-89.5000000063,281.9500036622));
#12286=CARTESIAN_POINT('',(-132.2481635124,-93.0000000063,281.7000036622));
#12287=CARTESIAN_POINT('Origin',(-132.2481635124,-89.5000000063,281.7000036622));
#12288=CARTESIAN_POINT('',(-132.2481635124,-93.2500000063,281.9500036622));
#12289=CARTESIAN_POINT('Origin',(-132.2481635124,-89.5000000063,278.7000036622));
#12290=CARTESIAN_POINT('',(-132.2481635124,-93.0000000063,278.7000036622));
#12291=CARTESIAN_POINT('Origin',(-151.5981635124,-88.4000000063,281.9500036622));
#12292=CARTESIAN_POINT('',(-151.5981635124,-91.9000000063,281.7000036622));
#12293=CARTESIAN_POINT('Origin',(-151.5981635124,-88.4000000063,281.7000036622));
#12294=CARTESIAN_POINT('',(-151.5981635124,-92.1500000063,281.9500036622));
#12295=CARTESIAN_POINT('Origin',(-151.5981635124,-88.4000000063,278.7000036622));
#12296=CARTESIAN_POINT('',(-151.5981635124,-91.9000000063,278.7000036622));
#12297=CARTESIAN_POINT('Origin',(-150.5981657088,-103.9000000126,281.9500036622));
#12298=CARTESIAN_POINT('',(-150.5981657088,-107.4000000126,281.7000036622));
#12299=CARTESIAN_POINT('Origin',(-150.5981657088,-103.9000000126,281.7000036622));
#12300=CARTESIAN_POINT('',(-150.5981657088,-107.6500000126,281.9500036622));
#12301=CARTESIAN_POINT('Origin',(-150.5981657088,-103.9000000126,278.7000036622));
#12302=CARTESIAN_POINT('',(-150.5981657088,-107.4000000126,278.7000036622));
#12303=CARTESIAN_POINT('Origin',(-151.5981635124,-119.4000000063,281.9500036622));
#12304=CARTESIAN_POINT('',(-151.5981635124,-122.9000000063,281.7000036622));
#12305=CARTESIAN_POINT('Origin',(-151.5981635124,-119.4000000063,281.7000036622));
#12306=CARTESIAN_POINT('',(-151.5981635124,-123.1500000063,281.9500036622));
#12307=CARTESIAN_POINT('Origin',(-151.5981635124,-119.4000000063,278.7000036622));
#12308=CARTESIAN_POINT('',(-151.5981635124,-122.9000000063,278.7000036622));
#12309=CARTESIAN_POINT('Origin',(-136.0981618018,-118.4000023078,281.9500036622));
#12310=CARTESIAN_POINT('',(-136.0981618018,-121.9000023078,281.7000036622));
#12311=CARTESIAN_POINT('Origin',(-136.0981618018,-118.4000023078,281.7000036622));
#12312=CARTESIAN_POINT('',(-136.0981618018,-122.1500023078,281.9500036622));
#12313=CARTESIAN_POINT('Origin',(-136.0981618018,-118.4000023078,278.7000036622));
#12314=CARTESIAN_POINT('',(-136.0981618018,-121.9000023078,278.7000036622));
#12315=CARTESIAN_POINT('Origin',(-120.5981635124,-119.4000000063,281.9500036622));
#12316=CARTESIAN_POINT('',(-116.7981635124,-119.4000000063,282.0000036622));
#12317=CARTESIAN_POINT('Ctrl Pts',(-116.9981635124,-121.143559583716,282.2000036622));
#12318=CARTESIAN_POINT('Ctrl Pts',(-116.7981635124,-120.271779795008,282.0000036622));
#12319=CARTESIAN_POINT('Ctrl Pts',(-116.7981635124,-119.4000000063,282.0000036622));
#12320=CARTESIAN_POINT('',(-116.8481635124,-119.4000000063,281.9500036622));
#12321=CARTESIAN_POINT('Ctrl Pts',(-116.7981635124,-119.4000000063,282.0000036622));
#12322=CARTESIAN_POINT('Ctrl Pts',(-116.7981635124,-118.528220217592,282.0000036622));
#12323=CARTESIAN_POINT('Ctrl Pts',(-116.9981635124,-117.656440428884,282.2000036622));
#12324=CARTESIAN_POINT('Origin',(-118.7481635124,-101.5000000063,281.9500036622));
#12325=CARTESIAN_POINT('',(-118.7481635124,-105.0000000063,281.7000036622));
#12326=CARTESIAN_POINT('Origin',(-118.7481635124,-101.5000000063,281.7000036622));
#12327=CARTESIAN_POINT('',(-118.7481635124,-105.2500000063,281.9500036622));
#12328=CARTESIAN_POINT('',(-114.9981635124,-101.0000000063,281.983190149805));
#12329=CARTESIAN_POINT('Ctrl Pts',(-114.9981635124,-101.0000000063,281.983190149805));
#12330=CARTESIAN_POINT('Ctrl Pts',(-114.9981635124,-101.919618979983,281.861649885177));
#12331=CARTESIAN_POINT('Ctrl Pts',(-114.9981635124,-102.891941097008,282.2000036622));
#12332=CARTESIAN_POINT('Ctrl Pts',(-114.9981635124,-101.0000000063,281.983190149805));
#12333=CARTESIAN_POINT('Ctrl Pts',(-114.9981635124,-100.927693775033,281.992746410315));
#12334=CARTESIAN_POINT('Ctrl Pts',(-114.99010174137,-100.855155642315,282.012441752847));
#12335=CARTESIAN_POINT('Ctrl Pts',(-114.952890322408,-100.684782398031,
282.080657667671));
#12336=CARTESIAN_POINT('Ctrl Pts',(-114.915129725082,-100.591561647511,
282.138703017041));
#12337=CARTESIAN_POINT('Ctrl Pts',(-114.872399449669,-100.514498244862,
282.199098629995));
#12338=CARTESIAN_POINT('Ctrl Pts',(-114.872079304418,-100.513922211391,
282.199550883543));
#12339=CARTESIAN_POINT('Ctrl Pts',(-114.871758614297,-100.513346538275,
282.2000036622));
#12340=CARTESIAN_POINT('Origin',(-118.7481635124,-101.5000000063,278.7000036622));
#12341=CARTESIAN_POINT('',(-118.7481635124,-105.0000000063,278.7000036622));
#12342=CARTESIAN_POINT('Origin',(-107.4981635124,-93.3000000063,281.9500036622));
#12343=CARTESIAN_POINT('',(-107.4981635124,-96.8000000063,281.7000036622));
#12344=CARTESIAN_POINT('Origin',(-107.4981635124,-93.3000000063,281.7000036622));
#12345=CARTESIAN_POINT('',(-107.4981635124,-97.0500000063,281.9500036622));
#12346=CARTESIAN_POINT('Origin',(-107.4981635124,-93.3000000063,278.7000036622));
#12347=CARTESIAN_POINT('',(-107.4981635124,-96.8000000063,278.7000036622));
#12348=CARTESIAN_POINT('Origin',(-120.5981635124,-88.4000000063,281.9500036622));
#12349=CARTESIAN_POINT('',(-120.5981635124,-91.9000000063,281.7000036622));
#12350=CARTESIAN_POINT('Origin',(-120.5981635124,-88.4000000063,281.7000036622));
#12351=CARTESIAN_POINT('',(-120.5981635124,-92.1500000063,281.9500036622));
#12352=CARTESIAN_POINT('Origin',(-120.5981635124,-88.4000000063,278.7000036622));
#12353=CARTESIAN_POINT('',(-120.5981635124,-91.9000000063,278.7000036622));
#12354=CARTESIAN_POINT('Origin',(-100.2481635124,-117.0000000063,281.9500036622));
#12355=CARTESIAN_POINT('',(-99.9981635124,-101.0000000063,281.7000036622));
#12356=CARTESIAN_POINT('Origin',(-100.9981635124,-101.0000000063,282.7000036622));
#12357=CARTESIAN_POINT('',(-99.9981635124,-88.4892304909,281.7000036622));
#12358=CARTESIAN_POINT('',(-99.9981635124,-117.0000000063,281.7000036622));
#12359=CARTESIAN_POINT('',(-99.9981635124,-88.4892304909,281.7000036622));
#12360=CARTESIAN_POINT('Origin',(-101.7981635124,-88.4892304909,281.9500036622));
#12361=CARTESIAN_POINT('',(-100.8981635124,-86.930384764,281.7000036622));
#12362=CARTESIAN_POINT('',(-100.8981635124,-86.930384764,281.7000036622));
#12363=CARTESIAN_POINT('Origin',(-101.7981635124,-88.4892304909,281.7000036622));
#12364=CARTESIAN_POINT('Origin',(-95.9500565744292,-90.0758507711587,281.9500036622));
#12365=CARTESIAN_POINT('',(-107.82014896,-82.9339746025,281.7000036622));
#12366=CARTESIAN_POINT('',(-107.82014896,-82.9339746025,281.7000036622));
#12367=CARTESIAN_POINT('',(-95.8250565744309,-89.8593444202116,281.7000036622));
#12368=CARTESIAN_POINT('Origin',(-108.32014896,-83.8000000063,281.9500036622));
#12369=CARTESIAN_POINT('',(-108.32014896,-82.8000000063,281.7000036622));
#12370=CARTESIAN_POINT('Origin',(-108.32014896,-83.8000000063,281.7000036622));
#12371=CARTESIAN_POINT('Origin',(-107.3913892832,-83.0500000063,281.9500036622));
#12372=CARTESIAN_POINT('',(-153.6626296064,-82.8000000063,281.7000036622));
#12373=CARTESIAN_POINT('Origin',(-150.985852911103,-80.4767767015966,281.9500036622));
#12374=CARTESIAN_POINT('',(-157.1981635124,-86.3355339123,281.7000036622));
#12375=CARTESIAN_POINT('Origin',(-156.9481635124,-103.1677669593,281.9500036622));
#12376=CARTESIAN_POINT('',(-157.1981635124,-121.4644661004,281.7000036622));
#12377=CARTESIAN_POINT('Origin',(-142.935852911103,-135.373223311003,281.9500036622));
#12378=CARTESIAN_POINT('',(-153.6626296064,-125.0000000063,281.7000036622));
#12379=CARTESIAN_POINT('Origin',(-130.0626296064,-124.7500000063,281.9500036622));
#12380=CARTESIAN_POINT('',(-118.5336974183,-125.0000000063,281.7000036622));
#12381=CARTESIAN_POINT('Origin',(-116.7481635124,-122.992086207292,281.9500036622));
#12382=CARTESIAN_POINT('',(-116.9981635124,-122.757359319213,282.2000036622));
#12383=CARTESIAN_POINT('',(-116.4981635124,-117.0000000063,281.7000036622));
#12384=CARTESIAN_POINT('Origin',(-114.4981635124,-117.0000000063,281.9500036622));
#12385=CARTESIAN_POINT('',(-114.779146305259,-115.01983620749,281.7000036622));
#12386=CARTESIAN_POINT('',(-114.779146305259,-115.01983620749,281.7000036622));
#12387=CARTESIAN_POINT('Origin',(-114.4981635124,-117.0000000063,281.7000036622));
#12388=CARTESIAN_POINT('Origin',(-114.442707160622,-120.555456358028,281.9500036622));
#12389=CARTESIAN_POINT('Ctrl Pts',(-114.849392003474,-114.524795257788,
282.2000036622));
#12390=CARTESIAN_POINT('Ctrl Pts',(-114.733092267294,-114.508292469129,
282.2000036622));
#12391=CARTESIAN_POINT('Ctrl Pts',(-114.615628275921,-114.5000000063,282.2000036622));
#12392=CARTESIAN_POINT('Ctrl Pts',(-114.4981635124,-114.5000000063,282.2000036622));
#12393=CARTESIAN_POINT('Ctrl Pts',(-114.825976770736,-114.689808907689,
282.033336995533));
#12394=CARTESIAN_POINT('Ctrl Pts',(-114.717430350301,-114.674406304941,
282.033336995533));
#12395=CARTESIAN_POINT('Ctrl Pts',(-114.607797291686,-114.666666672967,
282.033336995533));
#12396=CARTESIAN_POINT('Ctrl Pts',(-114.4981635124,-114.666666672967,282.033336995533));
#12397=CARTESIAN_POINT('Ctrl Pts',(-114.802561537997,-114.854822557589,
281.866670328867));
#12398=CARTESIAN_POINT('Ctrl Pts',(-114.701768433308,-114.840520140752,
281.866670328867));
#12399=CARTESIAN_POINT('Ctrl Pts',(-114.599966307452,-114.833333339633,
281.866670328867));
#12400=CARTESIAN_POINT('Ctrl Pts',(-114.4981635124,-114.833333339633,281.866670328867));
#12401=CARTESIAN_POINT('Ctrl Pts',(-114.779146305259,-115.01983620749,281.7000036622));
#12402=CARTESIAN_POINT('Ctrl Pts',(-114.686106516315,-115.006633976563,
281.7000036622));
#12403=CARTESIAN_POINT('Ctrl Pts',(-114.592135323217,-115.0000000063,281.7000036622));
#12404=CARTESIAN_POINT('Ctrl Pts',(-114.4981635124,-115.0000000063,281.7000036622));
#12405=CARTESIAN_POINT('',(-114.4981635124,-114.866025410084,281.833978258416));
#12406=CARTESIAN_POINT('Ctrl Pts',(-114.849392003474,-114.524795257788,
282.2000036622));
#12407=CARTESIAN_POINT('Ctrl Pts',(-114.83140061127,-114.553977659104,282.168583059061));
#12408=CARTESIAN_POINT('Ctrl Pts',(-114.811657061865,-114.582641115016,
282.137539113236));
#12409=CARTESIAN_POINT('Ctrl Pts',(-114.719756807056,-114.701847923926,
282.008065764974));
#12410=CARTESIAN_POINT('Ctrl Pts',(-114.634011534816,-114.780351231521,
281.92173970451));
#12411=CARTESIAN_POINT('Ctrl Pts',(-114.52440440191,-114.850467900065,281.849659641834));
#12412=CARTESIAN_POINT('Ctrl Pts',(-114.511443053499,-114.858358463456,
281.841645205044));
#12413=CARTESIAN_POINT('Ctrl Pts',(-114.4981635124,-114.866025410084,281.833978258416));
#12414=CARTESIAN_POINT('',(-114.4981635124,-115.0000000063,281.7000036622));
#12415=CARTESIAN_POINT('Ctrl Pts',(-114.779146305259,-115.01983620749,281.7000036622));
#12416=CARTESIAN_POINT('Ctrl Pts',(-114.686106516315,-115.006633976563,
281.7000036622));
#12417=CARTESIAN_POINT('Ctrl Pts',(-114.592135323217,-115.0000000063,281.7000036622));
#12418=CARTESIAN_POINT('Ctrl Pts',(-114.4981635124,-115.0000000063,281.7000036622));
#12419=CARTESIAN_POINT('',(-114.4981635124,-115.0000000063,281.7000036622));
#12420=CARTESIAN_POINT('Origin',(-103.7303965594,-114.7500000063,281.9500036622));
#12421=CARTESIAN_POINT('',(-113.9981635124,-115.0000000063,281.7000036622));
#12422=CARTESIAN_POINT('Origin',(-113.9981635124,-114.0000000063,282.7000036622));
#12423=CARTESIAN_POINT('',(-103.7303965594,-115.0000000063,281.7000036622));
#12424=CARTESIAN_POINT('Origin',(-101.7981635124,-88.4892304909,282.2000036622));
#12425=CARTESIAN_POINT('',(-100.8981635124,-86.930384764,282.2000036622));
#12426=CARTESIAN_POINT('',(-99.9981635124,-88.4892304909,282.2000036622));
#12427=CARTESIAN_POINT('Origin',(-99.9981635124,-114.0000000063,282.2000036622));
#12428=CARTESIAN_POINT('',(-99.9981635124,-101.0000000063,296.7000036622));
#12429=CARTESIAN_POINT('',(-99.9981635124,-101.0000000063,282.2000036622));
#12430=CARTESIAN_POINT('',(-99.9981635124,-114.0000000063,296.7000036622));
#12431=CARTESIAN_POINT('',(-99.9981635124,-107.5000000063,296.7000036622));
#12432=CARTESIAN_POINT('',(-99.9981635124,-114.0000000063,282.2000036622));
#12433=CARTESIAN_POINT('Ctrl Pts',(-107.4981635124,-111.0000000063,283.4500036622));
#12434=CARTESIAN_POINT('Ctrl Pts',(-107.004805556051,-111.0000000063,283.4500036622));
#12435=CARTESIAN_POINT('Ctrl Pts',(-105.965239146114,-110.766423375769,
283.583167817548));
#12436=CARTESIAN_POINT('Ctrl Pts',(-105.012300085852,-110.031015141718,
283.9679929695));
#12437=CARTESIAN_POINT('Ctrl Pts',(-104.495435696616,-109.337557059765,
284.264174650582));
#12438=CARTESIAN_POINT('Ctrl Pts',(-104.100736527252,-108.533562971922,
284.540944940363));
#12439=CARTESIAN_POINT('Ctrl Pts',(-103.997419813136,-107.902360972238,
284.639000240597));
#12440=CARTESIAN_POINT('Ctrl Pts',(-103.996622031224,-107.092429462476,
284.638877203868));
#12441=CARTESIAN_POINT('Ctrl Pts',(-104.068915404313,-106.66839796617,284.572887583635));
#12442=CARTESIAN_POINT('Ctrl Pts',(-104.338959043288,-105.953778483382,
284.371266094249));
#12443=CARTESIAN_POINT('Ctrl Pts',(-104.664344298109,-105.371751269655,
284.153046121762));
#12444=CARTESIAN_POINT('Ctrl Pts',(-105.359499124965,-104.660414317292,
283.810563170129));
#12445=CARTESIAN_POINT('Ctrl Pts',(-106.367281146879,-104.120992948819,
283.51957227945));
#12446=CARTESIAN_POINT('Ctrl Pts',(-107.497006678468,-103.940984534914,
283.416758068804));
#12447=CARTESIAN_POINT('Ctrl Pts',(-108.628642791406,-104.120880284618,
283.519715955342));
#12448=CARTESIAN_POINT('Ctrl Pts',(-109.635526715648,-104.660511257002,
283.810595712947));
#12449=CARTESIAN_POINT('Ctrl Pts',(-110.331005523455,-105.370897067787,
284.152829571994));
#12450=CARTESIAN_POINT('Ctrl Pts',(-110.656353183308,-105.955234704956,
284.371636593539));
#12451=CARTESIAN_POINT('Ctrl Pts',(-110.925793414011,-106.670170724916,
284.573242089419));
#12452=CARTESIAN_POINT('Ctrl Pts',(-110.997885283273,-107.094384876607,
284.63886053929));
#12453=CARTESIAN_POINT('Ctrl Pts',(-110.997406007571,-107.904553799061,
284.638825310207));
#12454=CARTESIAN_POINT('Ctrl Pts',(-110.85486684688,-108.754973611982,284.504181460611));
#12455=CARTESIAN_POINT('Ctrl Pts',(-110.377480013024,-109.537313566108,
284.182788935316));
#12456=CARTESIAN_POINT('Ctrl Pts',(-109.792549368398,-110.178893969984,
283.89024491194));
#12457=CARTESIAN_POINT('Ctrl Pts',(-109.405454040349,-110.476111819235,
283.735418942344));
#12458=CARTESIAN_POINT('Ctrl Pts',(-108.504659778474,-110.888910982864,
283.51325561539));
#12459=CARTESIAN_POINT('Ctrl Pts',(-107.989806877092,-111.0000000063,283.4500036622));
#12460=CARTESIAN_POINT('Ctrl Pts',(-107.4981635124,-111.0000000063,283.4500036622));
#12461=CARTESIAN_POINT('Ctrl Pts',(-107.4981635124,-111.166666672967,283.616670328867));
#12462=CARTESIAN_POINT('Ctrl Pts',(-106.996405395635,-111.166499702135,
283.616456882778));
#12463=CARTESIAN_POINT('Ctrl Pts',(-105.938842428993,-110.936493438002,
283.75865522828));
#12464=CARTESIAN_POINT('Ctrl Pts',(-104.956389031113,-110.199696039125,
284.170490500132));
#12465=CARTESIAN_POINT('Ctrl Pts',(-104.412742197046,-109.486197138604,
284.492209644332));
#12466=CARTESIAN_POINT('Ctrl Pts',(-103.988416176661,-108.641622381098,
284.798407931865));
#12467=CARTESIAN_POINT('Ctrl Pts',(-103.86952650286,-107.947240841609,284.912963068822));
#12468=CARTESIAN_POINT('Ctrl Pts',(-103.868938961375,-107.047484111851,
284.912640180011));
#12469=CARTESIAN_POINT('Ctrl Pts',(-103.951195173732,-106.580833586809,
284.836050869959));
#12470=CARTESIAN_POINT('Ctrl Pts',(-104.245235245455,-105.818485544291,
284.610185459702));
#12471=CARTESIAN_POINT('Ctrl Pts',(-104.592501977737,-105.211440554739,
284.370541947779));
#12472=CARTESIAN_POINT('Ctrl Pts',(-105.315701838536,-104.490208442244,
284.001794569045));
#12473=CARTESIAN_POINT('Ctrl Pts',(-106.347950946728,-103.952556930331,
283.690792720876));
#12474=CARTESIAN_POINT('Ctrl Pts',(-107.497033884434,-103.775296793454,
283.581160200185));
#12475=CARTESIAN_POINT('Ctrl Pts',(-108.647948906766,-103.952433671405,
283.690931214483));
#12476=CARTESIAN_POINT('Ctrl Pts',(-109.679349086229,-104.490335704363,
284.00184204561));
#12477=CARTESIAN_POINT('Ctrl Pts',(-110.402807932549,-105.210517114392,
284.37028978475));
#12478=CARTESIAN_POINT('Ctrl Pts',(-110.750112157029,-105.819976703067,
284.610588629238));
#12479=CARTESIAN_POINT('Ctrl Pts',(-111.043536405803,-106.582540096017,
284.836433787583));
#12480=CARTESIAN_POINT('Ctrl Pts',(-111.125483650808,-107.049571822799,
284.912531284929));
#12481=CARTESIAN_POINT('Ctrl Pts',(-111.125415568055,-107.949538597029,
284.912913988928));
#12482=CARTESIAN_POINT('Ctrl Pts',(-110.961464429179,-108.88462383094,284.755572515833));
#12483=CARTESIAN_POINT('Ctrl Pts',(-110.452306205049,-109.692597449233,
284.403177425643));
#12484=CARTESIAN_POINT('Ctrl Pts',(-109.84278993638,-110.34787881738,284.087594670259));
#12485=CARTESIAN_POINT('Ctrl Pts',(-109.443318421587,-110.645647972057,
283.921463585544));
#12486=CARTESIAN_POINT('Ctrl Pts',(-108.522089538686,-111.057161265202,
283.684193267572));
#12487=CARTESIAN_POINT('Ctrl Pts',(-107.998140308323,-111.166512432382,
283.61652277762));
#12488=CARTESIAN_POINT('Ctrl Pts',(-107.4981635124,-111.166666672967,283.616670328867));
#12489=CARTESIAN_POINT('Ctrl Pts',(-107.4981635124,-111.333333339633,283.783336995533));
#12490=CARTESIAN_POINT('Ctrl Pts',(-106.98783302157,-111.333500310465,283.783550441622));
#12491=CARTESIAN_POINT('Ctrl Pts',(-105.912441559105,-111.106413145799,
283.934072189593));
#12492=CARTESIAN_POINT('Ctrl Pts',(-104.900543250916,-110.368529182531,
284.373231252514));
#12493=CARTESIAN_POINT('Ctrl Pts',(-104.330010330623,-109.63494810115,284.720591541438));
#12494=CARTESIAN_POINT('Ctrl Pts',(-103.876270646723,-108.750138473658,
285.055960366731));
#12495=CARTESIAN_POINT('Ctrl Pts',(-103.742024495717,-107.990584151583,
285.186855855142));
#12496=CARTESIAN_POINT('Ctrl Pts',(-103.741206375204,-107.004236008115,
285.186774957345));
#12497=CARTESIAN_POINT('Ctrl Pts',(-103.83432618131,-106.492962599878,285.098679437443));
#12498=CARTESIAN_POINT('Ctrl Pts',(-104.151216187552,-105.683541913004,
284.849807558156));
#12499=CARTESIAN_POINT('Ctrl Pts',(-104.521060710741,-105.05135074957,284.588095861614));
#12500=CARTESIAN_POINT('Ctrl Pts',(-105.272056109398,-104.320280916897,
284.193364731965));
#12501=CARTESIAN_POINT('Ctrl Pts',(-106.328780200309,-103.784611130502,
283.862429644266));
#12502=CARTESIAN_POINT('Ctrl Pts',(-107.497119900751,-103.609908146716,
283.745974616949));
#12503=CARTESIAN_POINT('Ctrl Pts',(-108.667475687637,-103.784222214377,
283.862633161023));
#12504=CARTESIAN_POINT('Ctrl Pts',(-109.723266373299,-104.320247093105,
284.193464778692));
#12505=CARTESIAN_POINT('Ctrl Pts',(-110.4746329838,-105.050197227684,284.587961649536));
#12506=CARTESIAN_POINT('Ctrl Pts',(-110.844481385436,-105.684951904162,
284.850375696313));
#12507=CARTESIAN_POINT('Ctrl Pts',(-111.161009512299,-106.495164680269,
285.099508049731));
#12508=CARTESIAN_POINT('Ctrl Pts',(-111.253846704732,-107.00623634844,285.187141058193));
#12509=CARTESIAN_POINT('Ctrl Pts',(-111.253013034204,-107.993574912098,
285.18670661428));
#12510=CARTESIAN_POINT('Ctrl Pts',(-111.068266435797,-109.014963794347,
285.007255823288));
#12511=CARTESIAN_POINT('Ctrl Pts',(-110.527739206152,-109.848387535438,
284.624283920496));
#12512=CARTESIAN_POINT('Ctrl Pts',(-109.892139682517,-110.516364172394,
284.284097333414));
#12513=CARTESIAN_POINT('Ctrl Pts',(-109.481395978433,-110.815326953661,
284.107730327921));
#12514=CARTESIAN_POINT('Ctrl Pts',(-108.539113435036,-111.22530936505,283.854817849964));
#12515=CARTESIAN_POINT('Ctrl Pts',(-108.006757961759,-111.333487580218,
283.78348454678));
#12516=CARTESIAN_POINT('Ctrl Pts',(-107.4981635124,-111.333333339633,283.783336995533));
#12517=CARTESIAN_POINT('Ctrl Pts',(-107.4981635124,-111.5000000063,283.9500036622));
#12518=CARTESIAN_POINT('Ctrl Pts',(-106.979432861153,-111.5000000063,283.9500036622));
#12519=CARTESIAN_POINT('Ctrl Pts',(-105.886044841984,-111.276483208033,
284.109559600326));
#12520=CARTESIAN_POINT('Ctrl Pts',(-104.844632196177,-110.537210079938,
284.575728783145));
#12521=CARTESIAN_POINT('Ctrl Pts',(-104.247316831053,-109.783588179988,
284.948626535188));
#12522=CARTESIAN_POINT('Ctrl Pts',(-103.763950296132,-108.858197882834,
285.313423358233));
#12523=CARTESIAN_POINT('Ctrl Pts',(-103.614131185442,-108.035464020955,
285.460818683367));
#12524=CARTESIAN_POINT('Ctrl Pts',(-103.613523305355,-106.95929065749,285.460537933488));
#12525=CARTESIAN_POINT('Ctrl Pts',(-103.716605950729,-106.405398220518,
285.361842723768));
#12526=CARTESIAN_POINT('Ctrl Pts',(-104.057492389719,-105.548248973913,
285.088726923609));
#12527=CARTESIAN_POINT('Ctrl Pts',(-104.44921839037,-104.891040034653,284.805591687632));
#12528=CARTESIAN_POINT('Ctrl Pts',(-105.22825882297,-104.150075041849,284.384596130881));
#12529=CARTESIAN_POINT('Ctrl Pts',(-106.309450000158,-103.616175112014,
284.033650085692));
#12530=CARTESIAN_POINT('Ctrl Pts',(-107.497147106717,-103.444220405256,
283.910376748329));
#12531=CARTESIAN_POINT('Ctrl Pts',(-108.686781802997,-103.615775601164,
284.033848420164));
#12532=CARTESIAN_POINT('Ctrl Pts',(-109.767088743881,-104.150071540466,
284.384711111355));
#12533=CARTESIAN_POINT('Ctrl Pts',(-110.546435392894,-104.88981727429,284.805421862292));
#12534=CARTESIAN_POINT('Ctrl Pts',(-110.938240359157,-105.549693902272,
285.089327732011));
#12535=CARTESIAN_POINT('Ctrl Pts',(-111.278752504092,-106.407534051369,
285.362699747895));
#12536=CARTESIAN_POINT('Ctrl Pts',(-111.381445072266,-106.961423294631,
285.460811803832));
#12537=CARTESIAN_POINT('Ctrl Pts',(-111.381022594689,-108.038559710065,
285.460795293001));
#12538=CARTESIAN_POINT('Ctrl Pts',(-111.174864018096,-109.144614013305,
285.25864687851));
#12539=CARTESIAN_POINT('Ctrl Pts',(-110.602565398176,-110.003671418562,
284.844672410823));
#12540=CARTESIAN_POINT('Ctrl Pts',(-109.9423802505,-110.68534901979,284.481447091732));
#12541=CARTESIAN_POINT('Ctrl Pts',(-109.519260359671,-110.984863106482,
284.29377497112));
#12542=CARTESIAN_POINT('Ctrl Pts',(-108.556543195248,-111.393559647389,
284.025755502146));
#12543=CARTESIAN_POINT('Ctrl Pts',(-108.01509139299,-111.5000000063,283.9500036622));
#12544=CARTESIAN_POINT('Ctrl Pts',(-107.4981635124,-111.5000000063,283.9500036622));
#12545=CARTESIAN_POINT('',(-107.4981635124,-111.0000000063,283.4500036622));
#12546=CARTESIAN_POINT('',(-107.4981635124,-111.0000000063,283.4500036622));
#12547=CARTESIAN_POINT('Ctrl Pts',(-107.4981635124,-111.0000000063,283.4500036622));
#12548=CARTESIAN_POINT('Ctrl Pts',(-107.989806877092,-111.0000000063,283.4500036622));
#12549=CARTESIAN_POINT('Ctrl Pts',(-108.504659778474,-110.888910982864,
283.51325561539));
#12550=CARTESIAN_POINT('Ctrl Pts',(-109.405454040349,-110.476111819235,
283.735418942344));
#12551=CARTESIAN_POINT('Ctrl Pts',(-109.792549368398,-110.178893969984,
283.89024491194));
#12552=CARTESIAN_POINT('Ctrl Pts',(-110.377480013024,-109.537313566108,
284.182788935316));
#12553=CARTESIAN_POINT('Ctrl Pts',(-110.85486684688,-108.754973611982,284.504181460611));
#12554=CARTESIAN_POINT('Ctrl Pts',(-110.997406007571,-107.904553799061,
284.638825310207));
#12555=CARTESIAN_POINT('Ctrl Pts',(-110.997885283273,-107.094384876607,
284.63886053929));
#12556=CARTESIAN_POINT('Ctrl Pts',(-110.925793414011,-106.670170724916,
284.573242089419));
#12557=CARTESIAN_POINT('Ctrl Pts',(-110.656353183308,-105.955234704956,
284.371636593539));
#12558=CARTESIAN_POINT('Ctrl Pts',(-110.331005523455,-105.370897067787,
284.152829571994));
#12559=CARTESIAN_POINT('Ctrl Pts',(-109.635526715648,-104.660511257002,
283.810595712947));
#12560=CARTESIAN_POINT('Ctrl Pts',(-108.628642791406,-104.120880284618,
283.519715955342));
#12561=CARTESIAN_POINT('Ctrl Pts',(-107.497006678468,-103.940984534914,
283.416758068804));
#12562=CARTESIAN_POINT('Ctrl Pts',(-106.367281146879,-104.120992948819,
283.51957227945));
#12563=CARTESIAN_POINT('Ctrl Pts',(-105.359499124965,-104.660414317292,
283.810563170129));
#12564=CARTESIAN_POINT('Ctrl Pts',(-104.664344298109,-105.371751269655,
284.153046121762));
#12565=CARTESIAN_POINT('Ctrl Pts',(-104.338959043288,-105.953778483382,
284.371266094249));
#12566=CARTESIAN_POINT('Ctrl Pts',(-104.068915404313,-106.66839796617,284.572887583635));
#12567=CARTESIAN_POINT('Ctrl Pts',(-103.996622031224,-107.092429462476,
284.638877203868));
#12568=CARTESIAN_POINT('Ctrl Pts',(-103.997419813136,-107.902360972238,
284.639000240597));
#12569=CARTESIAN_POINT('Ctrl Pts',(-104.100736527252,-108.533562971922,
284.540944940363));
#12570=CARTESIAN_POINT('Ctrl Pts',(-104.495435696616,-109.337557059765,
284.264174650582));
#12571=CARTESIAN_POINT('Ctrl Pts',(-105.012300085852,-110.031015141718,
283.9679929695));
#12572=CARTESIAN_POINT('Ctrl Pts',(-105.965239146114,-110.766423375769,
283.583167817548));
#12573=CARTESIAN_POINT('Ctrl Pts',(-107.004805556051,-111.0000000063,283.4500036622));
#12574=CARTESIAN_POINT('Ctrl Pts',(-107.4981635124,-111.0000000063,283.4500036622));
#12575=CARTESIAN_POINT('Origin',(-107.4981635124,-107.5000000063,280.2000036622));
#12576=CARTESIAN_POINT('',(-107.4981635124,-111.0000000063,280.2000036622));
#12577=CARTESIAN_POINT('Origin',(-107.4981635124,-107.5000000063,280.2000036622));
#12578=CARTESIAN_POINT('',(-107.4981635124,-111.0000000063,280.2000036622));
#12579=CARTESIAN_POINT('Origin',(-100.9981635124,-115.0000000063,282.2000036622));
#12580=CARTESIAN_POINT('',(-100.9981635124,-115.0000000063,296.7000036622));
#12581=CARTESIAN_POINT('',(-100.9981635124,-115.0000000063,282.2000036622));
#12582=CARTESIAN_POINT('',(-113.9981635124,-115.0000000063,296.7000036622));
#12583=CARTESIAN_POINT('',(-107.4981635124,-115.0000000063,296.7000036622));
#12584=CARTESIAN_POINT('',(-113.9981635124,-115.0000000063,282.2000036622));
#12585=CARTESIAN_POINT('',(-114.4981635124,-115.0000000063,282.2000036622));
#12586=CARTESIAN_POINT('Origin',(-107.4981635124,-114.7500000063,296.9500036622));
#12587=CARTESIAN_POINT('',(-113.9981635124,-114.5000000063,297.2000036622));
#12588=CARTESIAN_POINT('',(-113.9981635124,-114.5000000063,297.2000036622));
#12589=CARTESIAN_POINT('',(-100.9981635124,-114.5000000063,297.2000036622));
#12590=CARTESIAN_POINT('',(-100.9981635124,-115.0000000063,296.7000036622));
#12591=CARTESIAN_POINT('',(-107.4981635124,-114.5000000063,297.2000036622));
#12592=CARTESIAN_POINT('Origin',(-113.9981635124,-114.0000000063,296.9500036622));
#12593=CARTESIAN_POINT('',(-114.4981635124,-114.0000000063,297.2000036622));
#12594=CARTESIAN_POINT('',(-114.9981635124,-114.0000000063,296.7000036622));
#12595=CARTESIAN_POINT('',(-114.4981635124,-114.0000000063,297.2000036622));
#12596=CARTESIAN_POINT('Origin',(-113.9981635124,-114.0000000063,296.7000036622));
#12597=CARTESIAN_POINT('Origin',(-113.9981635124,-114.0000000063,297.2000036622));
#12598=CARTESIAN_POINT('Origin',(-114.7481635124,-107.5000000063,296.9500036622));
#12599=CARTESIAN_POINT('',(-114.4981635124,-101.0000000063,297.2000036622));
#12600=CARTESIAN_POINT('',(-114.9981635124,-101.0000000063,296.7000036622));
#12601=CARTESIAN_POINT('',(-114.4981635124,-101.0000000063,297.2000036622));
#12602=CARTESIAN_POINT('',(-114.9981635124,-107.5000000063,296.7000036622));
#12603=CARTESIAN_POINT('',(-114.4981635124,-107.5000000063,297.2000036622));
#12604=CARTESIAN_POINT('Origin',(-113.9981635124,-101.0000000063,296.9500036622));
#12605=CARTESIAN_POINT('',(-113.9981635124,-100.5000000063,297.2000036622));
#12606=CARTESIAN_POINT('Origin',(-113.9981635124,-101.0000000063,297.2000036622));
#12607=CARTESIAN_POINT('',(-113.9981635124,-100.5000000063,297.2000036622));
#12608=CARTESIAN_POINT('Origin',(-113.9981635124,-101.0000000063,296.7000036622));
#12609=CARTESIAN_POINT('Origin',(-113.9981635124,-100.2500000063,296.9500036622));
#12610=CARTESIAN_POINT('',(-100.9981635124,-100.5000000063,297.2000036622));
#12611=CARTESIAN_POINT('',(-100.9981635124,-100.5000000063,297.2000036622));
#12612=CARTESIAN_POINT('',(-113.9981635124,-100.5000000063,297.2000036622));
#12613=CARTESIAN_POINT('Origin',(-100.9981635124,-101.0000000063,296.9500036622));
#12614=CARTESIAN_POINT('',(-100.4981635124,-101.0000000063,297.2000036622));
#12615=CARTESIAN_POINT('Origin',(-100.9981635124,-101.0000000063,297.2000036622));
#12616=CARTESIAN_POINT('',(-100.4981635124,-101.0000000063,297.2000036622));
#12617=CARTESIAN_POINT('Origin',(-100.9981635124,-101.0000000063,296.7000036622));
#12618=CARTESIAN_POINT('Origin',(-100.2481635124,-107.5000000063,296.9500036622));
#12619=CARTESIAN_POINT('',(-100.4981635124,-114.0000000063,297.2000036622));
#12620=CARTESIAN_POINT('',(-100.4981635124,-114.0000000063,297.2000036622));
#12621=CARTESIAN_POINT('',(-100.4981635124,-107.5000000063,297.2000036622));
#12622=CARTESIAN_POINT('Origin',(-100.9981635124,-114.0000000063,296.9500036622));
#12623=CARTESIAN_POINT('Origin',(-100.9981635124,-114.0000000063,296.7000036622));
#12624=CARTESIAN_POINT('Origin',(-100.9981635124,-114.0000000063,297.2000036622));
#12625=CARTESIAN_POINT('Origin',(-100.9981635124,-101.0000000063,282.2000036622));
#12626=CARTESIAN_POINT('Origin',(-100.9981635124,-114.0000000063,282.2000036622));
#12627=CARTESIAN_POINT('Origin',(-113.9981635124,-101.0000000063,297.2000036622));
#12628=CARTESIAN_POINT('',(-107.4981635124,-111.5000000063,297.2000036622));
#12629=CARTESIAN_POINT('Origin',(-107.4981635124,-107.5000000063,297.2000036622));
#12630=CARTESIAN_POINT('Origin',(-107.4981635124,-107.5000000063,296.9500036622));
#12631=CARTESIAN_POINT('',(-107.4981635124,-111.2500000063,296.9500036622));
#12632=CARTESIAN_POINT('Origin',(-114.4981635124,-117.0000000063,282.2000036622));
#12633=CARTESIAN_POINT('Origin',(-100.8981635124,-86.930384764,282.2000036622));
#12634=CARTESIAN_POINT('',(-107.82014896,-82.9339746025,282.2000036622));
#12635=CARTESIAN_POINT('Origin',(-108.32014896,-83.8000000063,282.2000036622));
#12636=CARTESIAN_POINT('Origin',(-113.9981635124,-114.0000000063,282.2000036622));
#12637=CARTESIAN_POINT('',(-114.9981635124,-114.0000000063,282.2000036622));
#12638=CARTESIAN_POINT('Origin',(-113.9981635124,-101.0000000063,282.2000036622));
#12639=CARTESIAN_POINT('',(-114.9981635124,-101.0000000063,282.2000036622));
#12640=CARTESIAN_POINT('Origin',(-114.9981635124,-114.0000000063,282.2000036622));
#12641=CARTESIAN_POINT('Origin',(-107.4981635124,-107.5000000063,280.2000036622));
#12642=CARTESIAN_POINT('Origin',(107.4981635124,-114.7500000063,289.7000036622));
#12643=CARTESIAN_POINT('',(111.560182714718,-115.0000000063,284.9500036622));
#12644=CARTESIAN_POINT('',(110.738533861604,-114.5000000063,284.9500036622));
#12645=CARTESIAN_POINT('Ctrl Pts',(110.738533861604,-114.5000000063,284.9500036622));
#12646=CARTESIAN_POINT('Ctrl Pts',(111.132240603721,-114.721870554724,284.9500036622));
#12647=CARTESIAN_POINT('Ctrl Pts',(111.560182714718,-115.0000000063,284.9500036622));
#12648=CARTESIAN_POINT('',(103.436144310082,-115.0000000063,284.9500036622));
#12649=CARTESIAN_POINT('Origin',(107.4981635124,-115.0000000063,289.7000036622));
#12650=CARTESIAN_POINT('',(104.257793163196,-114.5000000063,284.9500036622));
#12651=CARTESIAN_POINT('Ctrl Pts',(103.436144310082,-115.0000000063,284.9500036622));
#12652=CARTESIAN_POINT('Ctrl Pts',(103.864086421079,-114.721870554724,284.9500036622));
#12653=CARTESIAN_POINT('Ctrl Pts',(104.257793163196,-114.5000000063,284.9500036622));
#12654=CARTESIAN_POINT('',(113.2481635124,-114.5000000063,289.7000036622));
#12655=CARTESIAN_POINT('Origin',(107.4981635124,-114.5000000063,289.7000036622));
#12656=CARTESIAN_POINT('Origin',(107.4981635124,-114.5000000063,289.7000036622));
#12657=CARTESIAN_POINT('Origin',(107.4981635124,-120.0000000063,289.7000036622));
#12658=CARTESIAN_POINT('',(113.2481635124,-103.0000000063,289.7000036622));
#12659=CARTESIAN_POINT('',(113.2481635124,-120.0000000063,289.7000036622));
#12660=CARTESIAN_POINT('Origin',(107.4981635124,-103.0000000063,289.7000036622));
#12661=CARTESIAN_POINT('',(104.257793163196,-114.3500000063,284.9500036622));
#12662=CARTESIAN_POINT('',(104.257793163196,-120.0000000063,284.9500036622));
#12663=CARTESIAN_POINT('',(110.738533861604,-114.3500000063,284.9500036622));
#12664=CARTESIAN_POINT('Origin',(107.4981635124,-121.747686698411,289.7000036622));
#12665=CARTESIAN_POINT('',(110.738533861604,-120.0000000063,284.9500036622));
#12666=CARTESIAN_POINT('',(107.4981635124,-103.8000000063,295.4500036622));
#12667=CARTESIAN_POINT('Ctrl Pts',(107.4981635124,-103.8000000063,295.4500036622));
#12668=CARTESIAN_POINT('Ctrl Pts',(107.138711013812,-103.8000000063,295.4500036622));
#12669=CARTESIAN_POINT('Ctrl Pts',(106.394950705436,-103.904482183665,295.380599826079));
#12670=CARTESIAN_POINT('Ctrl Pts',(105.386026501281,-104.405561182062,295.07552919121));
#12671=CARTESIAN_POINT('Ctrl Pts',(104.640038801017,-105.097216526353,294.707536455719));
#12672=CARTESIAN_POINT('Ctrl Pts',(104.265372809194,-105.71241256693,294.459024932731));
#12673=CARTESIAN_POINT('Ctrl Pts',(103.938529402858,-106.503894667804,294.221048009879));
#12674=CARTESIAN_POINT('Ctrl Pts',(103.841402315427,-107.009428389891,294.137287224469));
#12675=CARTESIAN_POINT('Ctrl Pts',(103.841232465898,-107.987377205607,294.137127959274));
#12676=CARTESIAN_POINT('Ctrl Pts',(103.938933823564,-108.49298770838,294.221137247289));
#12677=CARTESIAN_POINT('Ctrl Pts',(104.311996501933,-109.398905652744,294.492832612353));
#12678=CARTESIAN_POINT('Ctrl Pts',(104.586440838959,-109.802521855304,294.671158545875));
#12679=CARTESIAN_POINT('Ctrl Pts',(105.217232379229,-110.439912493499,294.989988550513));
#12680=CARTESIAN_POINT('Ctrl Pts',(105.615938721164,-110.72100945899,295.153850715616));
#12681=CARTESIAN_POINT('Ctrl Pts',(106.637002782432,-111.148030288101,295.414292017087));
#12682=CARTESIAN_POINT('Ctrl Pts',(107.872774776024,-111.339879491233,295.542990691692));
#12683=CARTESIAN_POINT('Ctrl Pts',(109.231212083042,-110.843027893344,295.218619337265));
#12684=CARTESIAN_POINT('Ctrl Pts',(109.924230812076,-110.294853858987,294.917174169158));
#12685=CARTESIAN_POINT('Ctrl Pts',(110.320456681433,-109.90106260817,294.719612164082));
#12686=CARTESIAN_POINT('Ctrl Pts',(110.92285820758,-109.052934309548,294.343289091814));
#12687=CARTESIAN_POINT('Ctrl Pts',(111.155148964864,-108.109691106649,294.13692114187));
#12688=CARTESIAN_POINT('Ctrl Pts',(111.155401939486,-107.011282205777,294.136798300052));
#12689=CARTESIAN_POINT('Ctrl Pts',(111.057672077384,-106.506041787215,294.220844817795));
#12690=CARTESIAN_POINT('Ctrl Pts',(110.68448430036,-105.600231426713,294.492589228422));
#12691=CARTESIAN_POINT('Ctrl Pts',(110.410044711854,-105.196551125166,294.670805981064));
#12692=CARTESIAN_POINT('Ctrl Pts',(109.779771360774,-104.559170912242,294.989754736299));
#12693=CARTESIAN_POINT('Ctrl Pts',(109.378957568052,-104.278634246015,295.15337753188));
#12694=CARTESIAN_POINT('Ctrl Pts',(108.477720509585,-103.89827406998,295.385237321887));
#12695=CARTESIAN_POINT('Ctrl Pts',(107.976321801946,-103.8000000063,295.4500036622));
#12696=CARTESIAN_POINT('Ctrl Pts',(107.4981635124,-103.8000000063,295.4500036622));
#12697=CARTESIAN_POINT('',(107.4981635124,-111.5000000063,283.9500036622));
#12698=CARTESIAN_POINT('Ctrl Pts',(107.4981635124,-111.5000000063,283.9500036622));
#12699=CARTESIAN_POINT('Ctrl Pts',(106.979432861153,-111.5000000063,283.9500036622));
#12700=CARTESIAN_POINT('Ctrl Pts',(105.886044841984,-111.276483208033,284.109559600326));
#12701=CARTESIAN_POINT('Ctrl Pts',(104.844632196177,-110.537210079938,284.575728783145));
#12702=CARTESIAN_POINT('Ctrl Pts',(104.247316831053,-109.783588179988,284.948626535188));
#12703=CARTESIAN_POINT('Ctrl Pts',(103.763950296132,-108.858197882834,285.313423358233));
#12704=CARTESIAN_POINT('Ctrl Pts',(103.614131185442,-108.035464020955,285.460818683367));
#12705=CARTESIAN_POINT('Ctrl Pts',(103.613523305355,-106.95929065749,285.460537933488));
#12706=CARTESIAN_POINT('Ctrl Pts',(103.716605950729,-106.405398220518,285.361842723768));
#12707=CARTESIAN_POINT('Ctrl Pts',(104.057492389719,-105.548248973913,285.088726923609));
#12708=CARTESIAN_POINT('Ctrl Pts',(104.44921839037,-104.891040034653,284.805591687632));
#12709=CARTESIAN_POINT('Ctrl Pts',(105.22825882297,-104.150075041849,284.384596130881));
#12710=CARTESIAN_POINT('Ctrl Pts',(106.309450000158,-103.616175112014,284.033650085692));
#12711=CARTESIAN_POINT('Ctrl Pts',(107.497147106717,-103.444220405256,283.910376748329));
#12712=CARTESIAN_POINT('Ctrl Pts',(108.686781802997,-103.615775601164,284.033848420164));
#12713=CARTESIAN_POINT('Ctrl Pts',(109.767088743881,-104.150071540466,284.384711111355));
#12714=CARTESIAN_POINT('Ctrl Pts',(110.546435392894,-104.88981727429,284.805421862292));
#12715=CARTESIAN_POINT('Ctrl Pts',(110.938240359157,-105.549693902272,285.089327732011));
#12716=CARTESIAN_POINT('Ctrl Pts',(111.278752504092,-106.407534051369,285.362699747895));
#12717=CARTESIAN_POINT('Ctrl Pts',(111.381445072266,-106.961423294631,285.460811803832));
#12718=CARTESIAN_POINT('Ctrl Pts',(111.381022594689,-108.038559710065,285.460795293001));
#12719=CARTESIAN_POINT('Ctrl Pts',(111.174864018096,-109.144614013305,285.25864687851));
#12720=CARTESIAN_POINT('Ctrl Pts',(110.602565398176,-110.003671418562,284.844672410823));
#12721=CARTESIAN_POINT('Ctrl Pts',(109.9423802505,-110.68534901979,284.481447091732));
#12722=CARTESIAN_POINT('Ctrl Pts',(109.519260359671,-110.984863106482,284.29377497112));
#12723=CARTESIAN_POINT('Ctrl Pts',(108.556543195248,-111.393559647389,284.025755502146));
#12724=CARTESIAN_POINT('Ctrl Pts',(108.01509139299,-111.5000000063,283.9500036622));
#12725=CARTESIAN_POINT('Ctrl Pts',(107.4981635124,-111.5000000063,283.9500036622));
#12726=CARTESIAN_POINT('Origin',(110.738533861604,-115.0000000063,284.9500036622));
#12727=CARTESIAN_POINT('',(104.257793163196,-115.0000000063,284.9500036622));
#12728=CARTESIAN_POINT('',(104.257793163196,-114.3500000063,284.9500036622));
#12729=CARTESIAN_POINT('Origin',(107.4981635124,-113.929264513896,284.679852509266));
#12730=CARTESIAN_POINT('Origin',(136.0981618018,-118.4000023078,274.770714340319));
#12731=CARTESIAN_POINT('',(136.0981618018,-120.208580951563,274.841425018437));
#12732=CARTESIAN_POINT('Origin',(136.0981618018,-118.4000023078,274.841425018437));
#12733=CARTESIAN_POINT('',(136.0981618018,-120.5500023078,274.7000036622));
#12734=CARTESIAN_POINT('',(136.0981618018,-120.379291629681,274.770714340319));
#12735=CARTESIAN_POINT('Origin',(136.0981618018,-118.4000023078,274.7000036622));
#12736=CARTESIAN_POINT('Origin',(106.4626296064,-120.0000000063,274.7000036622));
#12737=CARTESIAN_POINT('',(116.9981635124,-117.656440428884,274.7000036622));
#12738=CARTESIAN_POINT('',(116.9981635124,-117.0000000063,274.7000036622));
#12739=CARTESIAN_POINT('',(116.9981635124,-122.992086207292,274.7000036622));
#12740=CARTESIAN_POINT('',(114.4981635124,-114.5000000063,274.7000036622));
#12741=CARTESIAN_POINT('Origin',(114.4981635124,-117.0000000063,274.7000036622));
#12742=CARTESIAN_POINT('',(100.9981635124,-114.5000000063,274.7000036622));
#12743=CARTESIAN_POINT('',(103.7303965594,-114.5000000063,274.7000036622));
#12744=CARTESIAN_POINT('',(100.4981635124,-114.0000000063,274.7000036622));
#12745=CARTESIAN_POINT('Origin',(100.9981635124,-114.0000000063,274.7000036622));
#12746=CARTESIAN_POINT('',(100.4981635124,-88.4892304909,274.7000036622));
#12747=CARTESIAN_POINT('',(100.4981635124,-117.0000000063,274.7000036622));
#12748=CARTESIAN_POINT('',(101.148163512428,-87.3633974659643,274.7000036622));
#12749=CARTESIAN_POINT('Origin',(101.7981635124,-88.4892304909,274.7000036622));
#12750=CARTESIAN_POINT('',(108.070148960028,-83.3669873044491,274.7000036622));
#12751=CARTESIAN_POINT('',(96.0750565744275,-90.2923571221058,274.7000036622));
#12752=CARTESIAN_POINT('',(108.32014896,-83.3000000063,274.7000036622));
#12753=CARTESIAN_POINT('Origin',(108.32014896,-83.8000000063,274.7000036622));
#12754=CARTESIAN_POINT('',(153.455522825213,-83.3000000063,274.7000036622));
#12755=CARTESIAN_POINT('',(107.3913892832,-83.3000000063,274.7000036622));
#12756=CARTESIAN_POINT('',(156.6981635124,-86.5426406934865,274.7000036622));
#12757=CARTESIAN_POINT('',(150.809076215807,-80.6535533968933,274.7000036622));
#12758=CARTESIAN_POINT('',(156.6981635124,-121.257359319113,274.7000036622));
#12759=CARTESIAN_POINT('',(156.6981635124,-103.1677669593,274.7000036622));
#12760=CARTESIAN_POINT('',(153.455522825213,-124.5000000063,274.7000036622));
#12761=CARTESIAN_POINT('',(142.759076215807,-135.196446615707,274.7000036622));
#12762=CARTESIAN_POINT('',(118.740804199487,-124.5000000063,274.7000036622));
#12763=CARTESIAN_POINT('',(130.0626296064,-124.5000000063,274.7000036622));
#12764=CARTESIAN_POINT('',(116.9981635124,-122.757359319213,274.7000036622));
#12765=CARTESIAN_POINT('',(114.619483855918,-120.378679662732,274.7000036622));
#12766=CARTESIAN_POINT('',(116.9981635124,-121.143559583716,274.7000036622));
#12767=CARTESIAN_POINT('',(116.9981635124,-122.992086207292,274.7000036622));
#12768=CARTESIAN_POINT('',(124.5981635124,-119.4000000063,274.7000036622));
#12769=CARTESIAN_POINT('Origin',(120.5981635124,-119.4000000063,274.7000036622));
#12770=CARTESIAN_POINT('Origin',(120.5981635124,-119.4000000063,274.7000036622));
#12771=CARTESIAN_POINT('',(120.5981635124,-90.3500000063,274.7000036622));
#12772=CARTESIAN_POINT('Origin',(120.5981635124,-88.4000000063,274.7000036622));
#12773=CARTESIAN_POINT('',(151.5981635124,-121.3500000063,274.7000036622));
#12774=CARTESIAN_POINT('Origin',(151.5981635124,-119.4000000063,274.7000036622));
#12775=CARTESIAN_POINT('',(132.2481635124,-91.4500000063,274.7000036622));
#12776=CARTESIAN_POINT('Origin',(132.2481635124,-89.5000000063,274.7000036622));
#12777=CARTESIAN_POINT('',(118.7481635124,-103.4500000063,274.7000036622));
#12778=CARTESIAN_POINT('Origin',(118.7481635124,-101.5000000063,274.7000036622));
#12779=CARTESIAN_POINT('',(136.0981635124,-114.4000000063,274.7000036622));
#12780=CARTESIAN_POINT('Origin',(136.0981635124,-103.9000000063,274.7000036622));
#12781=CARTESIAN_POINT('',(107.4981635124,-95.0500000063,274.7000036622));
#12782=CARTESIAN_POINT('Origin',(107.4981635124,-93.3000000063,274.7000036622));
#12783=CARTESIAN_POINT('',(107.4981635124,-109.3500000126,274.7000036622));
#12784=CARTESIAN_POINT('Origin',(107.4981635124,-107.5000000126,274.7000036622));
#12785=CARTESIAN_POINT('',(150.5981657088,-105.8500000126,274.7000036622));
#12786=CARTESIAN_POINT('Origin',(150.5981657088,-103.9000000126,274.7000036622));
#12787=CARTESIAN_POINT('',(151.5981635124,-90.3500000063,274.7000036622));
#12788=CARTESIAN_POINT('Origin',(151.5981635124,-88.4000000063,274.7000036622));
#12789=CARTESIAN_POINT('Origin',(136.0981618018,-118.4000023078,274.8000036622));
#12790=CARTESIAN_POINT('',(136.0981618018,-120.1500023078,274.9000036622));
#12791=CARTESIAN_POINT('',(136.0981618018,-120.2500023078,274.8000036622));
#12792=CARTESIAN_POINT('Origin',(136.0981618018,-118.4000023078,274.9000036622));
#12793=CARTESIAN_POINT('Origin',(120.5981635124,-88.4000000063,274.8000036622));
#12794=CARTESIAN_POINT('',(120.5981635124,-90.1500000063,274.9000036622));
#12795=CARTESIAN_POINT('',(120.5981635124,-90.2500000063,274.8000036622));
#12796=CARTESIAN_POINT('Origin',(120.5981635124,-88.4000000063,274.9000036622));
#12797=CARTESIAN_POINT('Origin',(120.5981635124,-88.4000000063,282.2000036622));
#12798=CARTESIAN_POINT('',(120.5981635124,-90.1500000063,278.5000036622));
#12799=CARTESIAN_POINT('Origin',(120.5981635124,-88.4000000063,278.5000036622));
#12800=CARTESIAN_POINT('',(120.5981635124,-90.1500000063,282.2000036622));
#12801=CARTESIAN_POINT('Origin',(151.5981635124,-88.4000000063,274.8000036622));
#12802=CARTESIAN_POINT('',(151.5981635124,-90.1500000063,274.9000036622));
#12803=CARTESIAN_POINT('',(151.5981635124,-90.2500000063,274.8000036622));
#12804=CARTESIAN_POINT('Origin',(151.5981635124,-88.4000000063,274.9000036622));
#12805=CARTESIAN_POINT('Origin',(151.5981635124,-88.4000000063,282.2000036622));
#12806=CARTESIAN_POINT('',(151.5981635124,-90.1500000063,278.5000036622));
#12807=CARTESIAN_POINT('Origin',(151.5981635124,-88.4000000063,278.5000036622));
#12808=CARTESIAN_POINT('',(151.5981635124,-90.1500000063,282.2000036622));
#12809=CARTESIAN_POINT('Origin',(151.5981635124,-119.4000000063,274.8000036622));
#12810=CARTESIAN_POINT('',(151.5981635124,-121.1500000063,274.9000036622));
#12811=CARTESIAN_POINT('',(151.5981635124,-121.2500000063,274.8000036622));
#12812=CARTESIAN_POINT('Origin',(151.5981635124,-119.4000000063,274.9000036622));
#12813=CARTESIAN_POINT('Origin',(151.5981635124,-119.4000000063,282.2000036622));
#12814=CARTESIAN_POINT('',(151.5981635124,-121.1500000063,278.5000036622));
#12815=CARTESIAN_POINT('Origin',(151.5981635124,-119.4000000063,278.5000036622));
#12816=CARTESIAN_POINT('',(151.5981635124,-121.1500000063,282.2000036622));
#12817=CARTESIAN_POINT('Ctrl Pts',(107.4981635124,-104.0000000063,295.6500036622));
#12818=CARTESIAN_POINT('Ctrl Pts',(107.146314004381,-104.0000000063,295.6500036622));
#12819=CARTESIAN_POINT('Ctrl Pts',(106.418117978837,-104.10641506056,295.585682908055));
#12820=CARTESIAN_POINT('Ctrl Pts',(105.438642202596,-104.609016219198,295.30363745868));
#12821=CARTESIAN_POINT('Ctrl Pts',(104.726612601857,-105.289064467154,294.965938600649));
#12822=CARTESIAN_POINT('Ctrl Pts',(104.379309333249,-105.874390293769,294.742760623533));
#12823=CARTESIAN_POINT('Ctrl Pts',(104.082094411686,-106.609474504896,294.532810654091));
#12824=CARTESIAN_POINT('Ctrl Pts',(103.997967090227,-107.063022854479,294.461813487177));
#12825=CARTESIAN_POINT('Ctrl Pts',(103.997796051431,-107.934110455897,294.461655766552));
#12826=CARTESIAN_POINT('Ctrl Pts',(104.082528240542,-108.387828640222,294.532926637087));
#12827=CARTESIAN_POINT('Ctrl Pts',(104.421624809802,-109.2289326822,294.772505126441));
#12828=CARTESIAN_POINT('Ctrl Pts',(104.677262317733,-109.616363431464,294.93346454535));
#12829=CARTESIAN_POINT('Ctrl Pts',(105.277322774418,-110.23816273588,295.224846711793));
#12830=CARTESIAN_POINT('Ctrl Pts',(105.661540327512,-110.518100064197,295.376037657354));
#12831=CARTESIAN_POINT('Ctrl Pts',(106.654472885557,-110.946699447564,295.616792218288));
#12832=CARTESIAN_POINT('Ctrl Pts',(107.866194600792,-111.142341679816,295.736228748391));
#12833=CARTESIAN_POINT('Ctrl Pts',(109.192079560639,-110.638086929211,295.435504846612));
#12834=CARTESIAN_POINT('Ctrl Pts',(109.857014166302,-110.09654139324,295.1583324385));
#12835=CARTESIAN_POINT('Ctrl Pts',(110.234319757551,-109.712509991588,294.977723450567));
#12836=CARTESIAN_POINT('Ctrl Pts',(110.797478687431,-108.896235021945,294.637374194439));
#12837=CARTESIAN_POINT('Ctrl Pts',(110.998548001803,-108.042651338426,294.461449939802));
#12838=CARTESIAN_POINT('Ctrl Pts',(110.998663517103,-107.064841196399,294.461493086157));
#12839=CARTESIAN_POINT('Ctrl Pts',(110.913975086581,-106.611245200592,294.532721256194));
#12840=CARTESIAN_POINT('Ctrl Pts',(110.574712226131,-105.770285037446,294.772384600154));
#12841=CARTESIAN_POINT('Ctrl Pts',(110.319119829198,-105.382835418594,294.933207250181));
#12842=CARTESIAN_POINT('Ctrl Pts',(109.719576748193,-104.76105356825,295.22467675706));
#12843=CARTESIAN_POINT('Ctrl Pts',(109.333291180409,-104.481630644496,295.375651933649));
#12844=CARTESIAN_POINT('Ctrl Pts',(108.456923655563,-104.099948948444,295.589986727718));
#12845=CARTESIAN_POINT('Ctrl Pts',(107.966207995586,-104.0000000063,295.6500036622));
#12846=CARTESIAN_POINT('Ctrl Pts',(107.4981635124,-104.0000000063,295.6500036622));
#12847=CARTESIAN_POINT('Ctrl Pts',(107.4981635124,-103.933333339633,295.583336995533));
#12848=CARTESIAN_POINT('Ctrl Pts',(107.143736574917,-103.933409355793,295.583319608783));
#12849=CARTESIAN_POINT('Ctrl Pts',(106.410406640926,-104.039062354545,295.517324260677));
#12850=CARTESIAN_POINT('Ctrl Pts',(105.42107694456,-104.541215466729,295.22759446646));
#12851=CARTESIAN_POINT('Ctrl Pts',(104.697729619372,-105.225070834531,294.879785860083));
#12852=CARTESIAN_POINT('Ctrl Pts',(104.341357593605,-105.820413330398,294.648219387196));
#12853=CARTESIAN_POINT('Ctrl Pts',(104.034164195571,-106.574381742242,294.428820286333));
#12854=CARTESIAN_POINT('Ctrl Pts',(103.945758285949,-107.045133432427,294.353627431386));
#12855=CARTESIAN_POINT('Ctrl Pts',(103.945582094749,-107.95199738293,294.353458390609));
#12856=CARTESIAN_POINT('Ctrl Pts',(104.034609211059,-108.422934738686,294.428956914192));
#12857=CARTESIAN_POINT('Ctrl Pts',(104.385090497745,-109.285619381672,294.67928942384));
#12858=CARTESIAN_POINT('Ctrl Pts',(104.646945285569,-109.678482887499,294.846008292242));
#12859=CARTESIAN_POINT('Ctrl Pts',(105.257292955512,-110.3054190919,295.146551332227));
#12860=CARTESIAN_POINT('Ctrl Pts',(105.646279123988,-110.585812937239,295.301956595759));
#12861=CARTESIAN_POINT('Ctrl Pts',(106.648700948224,-111.013764875829,295.549295706508));
#12862=CARTESIAN_POINT('Ctrl Pts',(107.868373787213,-111.208245016756,295.671803588843));
#12863=CARTESIAN_POINT('Ctrl Pts',(109.205119767901,-110.706388487103,295.363203319011));
#12864=CARTESIAN_POINT('Ctrl Pts',(109.87947082741,-110.162701220705,295.077907236565));
#12865=CARTESIAN_POINT('Ctrl Pts',(110.263042288774,-109.775328862587,294.891673978482));
#12866=CARTESIAN_POINT('Ctrl Pts',(110.839312855768,-108.94851222694,294.539315594217));
#12867=CARTESIAN_POINT('Ctrl Pts',(111.050849156353,-108.065457086843,294.353187037656));
#12868=CARTESIAN_POINT('Ctrl Pts',(111.050838836861,-107.046720726483,294.353328969226));
#12869=CARTESIAN_POINT('Ctrl Pts',(110.961906348883,-106.576236629263,294.428738211911));
#12870=CARTESIAN_POINT('Ctrl Pts',(110.61124465681,-105.713544794366,294.679175913426));
#12871=CARTESIAN_POINT('Ctrl Pts',(110.349426562208,-105.320746135613,294.845747571098));
#12872=CARTESIAN_POINT('Ctrl Pts',(109.739629279375,-104.693770563736,295.146382294908));
#12873=CARTESIAN_POINT('Ctrl Pts',(109.348496535372,-104.413956017368,295.301574082239));
#12874=CARTESIAN_POINT('Ctrl Pts',(108.463862844625,-104.032743720473,295.521739927223));
#12875=CARTESIAN_POINT('Ctrl Pts',(107.969562830441,-103.933371269292,295.583372440652));
#12876=CARTESIAN_POINT('Ctrl Pts',(107.4981635124,-103.933333339633,295.583336995533));
#12877=CARTESIAN_POINT('Ctrl Pts',(107.4981635124,-103.866666672967,295.516670328867));
#12878=CARTESIAN_POINT('Ctrl Pts',(107.141288443277,-103.866590656807,295.516687715617));
#12879=CARTESIAN_POINT('Ctrl Pts',(106.402662043347,-103.97183488968,295.448958473457));
#12880=CARTESIAN_POINT('Ctrl Pts',(105.403591759317,-104.473361934531,295.15157218343));
#12881=CARTESIAN_POINT('Ctrl Pts',(104.668921783503,-105.161210158976,294.793689196286));
#12882=CARTESIAN_POINT('Ctrl Pts',(104.303324548838,-105.766389530302,294.553566169068));
#12883=CARTESIAN_POINT('Ctrl Pts',(103.986459618973,-106.538987430457,294.325038377637));
#12884=CARTESIAN_POINT('Ctrl Pts',(103.893611119705,-107.027317811942,294.245473280261));
#12885=CARTESIAN_POINT('Ctrl Pts',(103.89344642258,-107.969490278574,294.245325335217));
#12886=CARTESIAN_POINT('Ctrl Pts',(103.986852853047,-108.457881609917,294.325106970184));
#12887=CARTESIAN_POINT('Ctrl Pts',(104.348530813989,-109.342218953272,294.586048314954));
#12888=CARTESIAN_POINT('Ctrl Pts',(104.616757871124,-109.740402399269,294.758614798983));
#12889=CARTESIAN_POINT('Ctrl Pts',(105.237262198136,-110.372656137479,295.068283930078));
#12890=CARTESIAN_POINT('Ctrl Pts',(105.631199924688,-110.653296585949,295.227931777211));
#12891=CARTESIAN_POINT('Ctrl Pts',(106.642774719764,-111.080964859836,295.481788528868));
#12892=CARTESIAN_POINT('Ctrl Pts',(107.870595589603,-111.273976154294,295.607415851241));
#12893=CARTESIAN_POINT('Ctrl Pts',(109.218171875781,-110.774726335453,295.290920864867));
#12894=CARTESIAN_POINT('Ctrl Pts',(109.901774150969,-110.228694031522,294.997599371093));
#12895=CARTESIAN_POINT('Ctrl Pts',(110.29173415021,-109.838243737171,294.805661636167));
#12896=CARTESIAN_POINT('Ctrl Pts',(110.881024039242,-109.000657104554,294.441347692036));
#12897=CARTESIAN_POINT('Ctrl Pts',(111.102847810313,-108.086885358232,294.245184044016));
#12898=CARTESIAN_POINT('Ctrl Pts',(111.103226619729,-107.029402675693,294.244962416982));
#12899=CARTESIAN_POINT('Ctrl Pts',(111.009740815082,-106.541050358544,294.324827862077));
#12900=CARTESIAN_POINT('Ctrl Pts',(110.647951869682,-105.656971669793,294.58579791515));
#12901=CARTESIAN_POINT('Ctrl Pts',(110.379737978844,-105.258640408146,294.758265660147));
#12902=CARTESIAN_POINT('Ctrl Pts',(109.759718829592,-104.626453916756,295.068049198451));
#12903=CARTESIAN_POINT('Ctrl Pts',(109.363752213089,-104.346308873144,295.227455383291));
#12904=CARTESIAN_POINT('Ctrl Pts',(108.470781320524,-103.965479297952,295.453484122383));
#12905=CARTESIAN_POINT('Ctrl Pts',(107.972966967091,-103.866628743308,295.516634883748));
#12906=CARTESIAN_POINT('Ctrl Pts',(107.4981635124,-103.866666672967,295.516670328867));
#12907=CARTESIAN_POINT('Ctrl Pts',(107.4981635124,-103.8000000063,295.4500036622));
#12908=CARTESIAN_POINT('Ctrl Pts',(107.138711013812,-103.8000000063,295.4500036622));
#12909=CARTESIAN_POINT('Ctrl Pts',(106.394950705436,-103.904482183665,295.380599826079));
#12910=CARTESIAN_POINT('Ctrl Pts',(105.386026501281,-104.405561182062,295.07552919121));
#12911=CARTESIAN_POINT('Ctrl Pts',(104.640038801017,-105.097216526353,294.707536455719));
#12912=CARTESIAN_POINT('Ctrl Pts',(104.265372809194,-105.71241256693,294.459024932731));
#12913=CARTESIAN_POINT('Ctrl Pts',(103.938529402858,-106.503894667804,294.221048009879));
#12914=CARTESIAN_POINT('Ctrl Pts',(103.841402315427,-107.009428389891,294.137287224469));
#12915=CARTESIAN_POINT('Ctrl Pts',(103.841232465898,-107.987377205607,294.137127959274));
#12916=CARTESIAN_POINT('Ctrl Pts',(103.938933823564,-108.49298770838,294.221137247289));
#12917=CARTESIAN_POINT('Ctrl Pts',(104.311996501933,-109.398905652744,294.492832612353));
#12918=CARTESIAN_POINT('Ctrl Pts',(104.586440838959,-109.802521855304,294.671158545875));
#12919=CARTESIAN_POINT('Ctrl Pts',(105.217232379229,-110.439912493499,294.989988550513));
#12920=CARTESIAN_POINT('Ctrl Pts',(105.615938721164,-110.72100945899,295.153850715616));
#12921=CARTESIAN_POINT('Ctrl Pts',(106.637002782432,-111.148030288101,295.414292017087));
#12922=CARTESIAN_POINT('Ctrl Pts',(107.872774776024,-111.339879491233,295.542990691692));
#12923=CARTESIAN_POINT('Ctrl Pts',(109.231212083042,-110.843027893344,295.218619337265));
#12924=CARTESIAN_POINT('Ctrl Pts',(109.924230812076,-110.294853858987,294.917174169158));
#12925=CARTESIAN_POINT('Ctrl Pts',(110.320456681433,-109.90106260817,294.719612164082));
#12926=CARTESIAN_POINT('Ctrl Pts',(110.92285820758,-109.052934309548,294.343289091814));
#12927=CARTESIAN_POINT('Ctrl Pts',(111.155148964864,-108.109691106649,294.13692114187));
#12928=CARTESIAN_POINT('Ctrl Pts',(111.155401939486,-107.011282205777,294.136798300052));
#12929=CARTESIAN_POINT('Ctrl Pts',(111.057672077384,-106.506041787215,294.220844817795));
#12930=CARTESIAN_POINT('Ctrl Pts',(110.68448430036,-105.600231426713,294.492589228422));
#12931=CARTESIAN_POINT('Ctrl Pts',(110.410044711854,-105.196551125166,294.670805981064));
#12932=CARTESIAN_POINT('Ctrl Pts',(109.779771360774,-104.559170912242,294.989754736299));
#12933=CARTESIAN_POINT('Ctrl Pts',(109.378957568052,-104.278634246015,295.15337753188));
#12934=CARTESIAN_POINT('Ctrl Pts',(108.477720509585,-103.89827406998,295.385237321887));
#12935=CARTESIAN_POINT('Ctrl Pts',(107.976321801946,-103.8000000063,295.4500036622));
#12936=CARTESIAN_POINT('Ctrl Pts',(107.4981635124,-103.8000000063,295.4500036622));
#12937=CARTESIAN_POINT('',(107.4981635124,-104.0000000063,295.6500036622));
#12938=CARTESIAN_POINT('',(107.4981635124,-104.0000000063,295.6500036622));
#12939=CARTESIAN_POINT('',(107.495509346032,-111.000083702904,295.650237285391));
#12940=CARTESIAN_POINT('Ctrl Pts',(107.494866605745,-111.000103971106,295.650293860231));
#12941=CARTESIAN_POINT('Ctrl Pts',(107.017482273123,-110.999207424395,295.649322916021));
#12942=CARTESIAN_POINT('Ctrl Pts',(106.542781134136,-110.898487698037,295.589710521394));
#12943=CARTESIAN_POINT('Ctrl Pts',(105.661540327512,-110.518100064197,295.376037657354));
#12944=CARTESIAN_POINT('Ctrl Pts',(105.277322774418,-110.23816273588,295.224846711793));
#12945=CARTESIAN_POINT('Ctrl Pts',(104.677262317733,-109.616363431464,294.93346454535));
#12946=CARTESIAN_POINT('Ctrl Pts',(104.421624809802,-109.2289326822,294.772505126441));
#12947=CARTESIAN_POINT('Ctrl Pts',(104.082528240542,-108.387828640222,294.532926637087));
#12948=CARTESIAN_POINT('Ctrl Pts',(103.997796051431,-107.934110455897,294.461655766552));
#12949=CARTESIAN_POINT('Ctrl Pts',(103.997967090227,-107.063022854479,294.461813487177));
#12950=CARTESIAN_POINT('Ctrl Pts',(104.082094411686,-106.609474504896,294.532810654091));
#12951=CARTESIAN_POINT('Ctrl Pts',(104.379309333249,-105.874390293769,294.742760623533));
#12952=CARTESIAN_POINT('Ctrl Pts',(104.726612601857,-105.289064467154,294.965938600649));
#12953=CARTESIAN_POINT('Ctrl Pts',(105.438642202596,-104.609016219198,295.30363745868));
#12954=CARTESIAN_POINT('Ctrl Pts',(106.418117978837,-104.10641506056,295.585682908055));
#12955=CARTESIAN_POINT('Ctrl Pts',(107.146314004381,-104.0000000063,295.6500036622));
#12956=CARTESIAN_POINT('Ctrl Pts',(107.4981635124,-104.0000000063,295.6500036622));
#12957=CARTESIAN_POINT('Ctrl Pts',(107.4981635124,-104.0000000063,295.6500036622));
#12958=CARTESIAN_POINT('Ctrl Pts',(107.966207995586,-104.0000000063,295.6500036622));
#12959=CARTESIAN_POINT('Ctrl Pts',(108.456923655563,-104.099948948444,295.589986727718));
#12960=CARTESIAN_POINT('Ctrl Pts',(109.333291180409,-104.481630644496,295.375651933649));
#12961=CARTESIAN_POINT('Ctrl Pts',(109.719576748193,-104.76105356825,295.22467675706));
#12962=CARTESIAN_POINT('Ctrl Pts',(110.319119829198,-105.382835418594,294.933207250181));
#12963=CARTESIAN_POINT('Ctrl Pts',(110.574712226131,-105.770285037446,294.772384600154));
#12964=CARTESIAN_POINT('Ctrl Pts',(110.913975086581,-106.611245200592,294.532721256194));
#12965=CARTESIAN_POINT('Ctrl Pts',(110.998663517103,-107.064841196399,294.461493086157));
#12966=CARTESIAN_POINT('Ctrl Pts',(110.998548001803,-108.042651338426,294.461449939802));
#12967=CARTESIAN_POINT('Ctrl Pts',(110.797478687431,-108.896235021945,294.637374194439));
#12968=CARTESIAN_POINT('Ctrl Pts',(110.234319757551,-109.712509991588,294.977723450567));
#12969=CARTESIAN_POINT('Ctrl Pts',(109.857014166302,-110.09654139324,295.1583324385));
#12970=CARTESIAN_POINT('Ctrl Pts',(109.192079560639,-110.638086929211,295.435504846612));
#12971=CARTESIAN_POINT('Ctrl Pts',(108.336308756949,-110.963549926574,295.629602180022));
#12972=CARTESIAN_POINT('Ctrl Pts',(107.615877552606,-111.000331234464,295.650539982422));
#12973=CARTESIAN_POINT('Ctrl Pts',(107.494866605745,-111.000103971106,295.650293860231));
#12974=CARTESIAN_POINT('Origin',(107.4981635124,-107.5000000063,280.2000036622));
#12975=CARTESIAN_POINT('',(107.4981635124,-111.0000000063,296.7000036622));
#12976=CARTESIAN_POINT('',(107.4981635124,-111.0000000063,280.2000036622));
#12977=CARTESIAN_POINT('Origin',(107.4981635124,-107.5000000063,296.7000036622));
#12978=CARTESIAN_POINT('Origin',(107.4981635124,-100.1000000063,289.7000036622));
#12979=CARTESIAN_POINT('',(109.4481635124,-100.0000000063,289.7000036622));
#12980=CARTESIAN_POINT('Origin',(107.4981635124,-100.0000000063,289.7000036622));
#12981=CARTESIAN_POINT('',(109.2481635124,-100.2000000063,289.7000036622));
#12982=CARTESIAN_POINT('',(109.3481635124,-100.1000000063,289.7000036622));
#12983=CARTESIAN_POINT('Origin',(107.4981635124,-100.2000000063,289.7000036622));
#12984=CARTESIAN_POINT('Origin',(107.4981635124,-117.0000000063,289.7000036622));
#12985=CARTESIAN_POINT('',(109.2481635124,-102.8000000063,289.7000036622));
#12986=CARTESIAN_POINT('Origin',(107.4981635124,-102.8000000063,289.7000036622));
#12987=CARTESIAN_POINT('',(109.2481635124,-117.0000000063,289.7000036622));
#12988=CARTESIAN_POINT('Origin',(113.9981635124,-100.0000000063,282.2000036622));
#12989=CARTESIAN_POINT('',(100.9981635124,-100.0000000063,296.7000036622));
#12990=CARTESIAN_POINT('',(113.9981635124,-100.0000000063,296.7000036622));
#12991=CARTESIAN_POINT('',(113.9981635124,-100.0000000063,296.7000036622));
#12992=CARTESIAN_POINT('',(113.9981635124,-100.0000000063,282.2000036622));
#12993=CARTESIAN_POINT('',(113.9981635124,-100.0000000063,282.2000036622));
#12994=CARTESIAN_POINT('',(100.9981635124,-100.0000000063,282.2000036622));
#12995=CARTESIAN_POINT('',(113.9981635124,-100.0000000063,282.2000036622));
#12996=CARTESIAN_POINT('',(100.9981635124,-100.0000000063,282.2000036622));
#12997=CARTESIAN_POINT('Origin',(107.4981635124,-102.9000000063,289.7000036622));
#12998=CARTESIAN_POINT('',(109.4481635124,-103.0000000063,289.7000036622));
#12999=CARTESIAN_POINT('Origin',(107.4981635124,-103.0000000063,289.7000036622));
#13000=CARTESIAN_POINT('',(109.3481635124,-102.9000000063,289.7000036622));
#13001=CARTESIAN_POINT('Origin',(107.4981635124,-103.0000000063,289.7000036622));
#13002=CARTESIAN_POINT('Origin',(150.5981657088,-103.9000000126,274.8000036622));
#13003=CARTESIAN_POINT('',(150.5981657088,-105.6500000126,274.9000036622));
#13004=CARTESIAN_POINT('',(150.5981657088,-105.7500000126,274.8000036622));
#13005=CARTESIAN_POINT('Origin',(150.5981657088,-103.9000000126,274.9000036622));
#13006=CARTESIAN_POINT('Origin',(150.5981657088,-103.9000000126,282.2000036622));
#13007=CARTESIAN_POINT('',(150.5981657088,-105.6500000126,278.5000036622));
#13008=CARTESIAN_POINT('Origin',(150.5981657088,-103.9000000126,278.5000036622));
#13009=CARTESIAN_POINT('',(150.5981657088,-105.6500000126,282.2000036622));
#13010=CARTESIAN_POINT('Origin',(132.2481635124,-89.5000000063,274.8000036622));
#13011=CARTESIAN_POINT('',(132.2481635124,-91.2500000063,274.9000036622));
#13012=CARTESIAN_POINT('',(132.2481635124,-91.3500000063,274.8000036622));
#13013=CARTESIAN_POINT('Origin',(132.2481635124,-89.5000000063,274.9000036622));
#13014=CARTESIAN_POINT('Origin',(132.2481635124,-89.5000000063,282.2000036622));
#13015=CARTESIAN_POINT('',(132.2481635124,-91.2500000063,278.5000036622));
#13016=CARTESIAN_POINT('Origin',(132.2481635124,-89.5000000063,278.5000036622));
#13017=CARTESIAN_POINT('',(132.2481635124,-91.2500000063,282.2000036622));
#13018=CARTESIAN_POINT('Origin',(107.4981635124,-107.5000000126,274.8000036622));
#13019=CARTESIAN_POINT('',(107.4981635124,-109.1500000126,274.9000036622));
#13020=CARTESIAN_POINT('',(107.4981635124,-109.2500000126,274.8000036622));
#13021=CARTESIAN_POINT('Origin',(107.4981635124,-107.5000000126,274.9000036622));
#13022=CARTESIAN_POINT('Origin',(107.4981635124,-107.5000000126,282.2000036622));
#13023=CARTESIAN_POINT('',(107.4981635124,-109.1500000126,280.2000036622));
#13024=CARTESIAN_POINT('Origin',(107.4981635124,-107.5000000126,280.2000036622));
#13025=CARTESIAN_POINT('',(107.4981635124,-109.1500000126,282.2000036622));
#13026=CARTESIAN_POINT('Origin',(118.7481635124,-101.5000000063,274.8000036622));
#13027=CARTESIAN_POINT('',(118.7481635124,-103.2500000063,274.9000036622));
#13028=CARTESIAN_POINT('',(118.7481635124,-103.3500000063,274.8000036622));
#13029=CARTESIAN_POINT('Origin',(118.7481635124,-101.5000000063,274.9000036622));
#13030=CARTESIAN_POINT('Origin',(118.7481635124,-101.5000000063,282.2000036622));
#13031=CARTESIAN_POINT('',(118.7481635124,-103.2500000063,278.5000036622));
#13032=CARTESIAN_POINT('Origin',(118.7481635124,-101.5000000063,278.5000036622));
#13033=CARTESIAN_POINT('',(118.7481635124,-103.2500000063,282.2000036622));
#13034=CARTESIAN_POINT('Origin',(136.0981618018,-118.4000023078,282.2000036622));
#13035=CARTESIAN_POINT('',(136.0981618018,-120.1500023078,278.5000036622));
#13036=CARTESIAN_POINT('Origin',(136.0981618018,-118.4000023078,278.5000036622));
#13037=CARTESIAN_POINT('',(136.0981618018,-120.1500023078,282.2000036622));
#13038=CARTESIAN_POINT('Origin',(107.4981635124,-93.3000000063,278.6000036622));
#13039=CARTESIAN_POINT('',(107.4981635124,-95.0500000063,278.5000036622));
#13040=CARTESIAN_POINT('Origin',(107.4981635124,-93.3000000063,278.5000036622));
#13041=CARTESIAN_POINT('',(107.4981635124,-95.2500000063,278.7000036622));
#13042=CARTESIAN_POINT('',(107.4981635124,-95.1500000063,278.6000036622));
#13043=CARTESIAN_POINT('Origin',(107.4981635124,-93.3000000063,278.7000036622));
#13044=CARTESIAN_POINT('Origin',(107.4981635124,-93.3000000063,282.2000036622));
#13045=CARTESIAN_POINT('',(107.4981635124,-95.0500000063,282.2000036622));
#13046=CARTESIAN_POINT('Origin',(107.4981635124,-93.3000000063,278.7000036622));
#13047=CARTESIAN_POINT('',(107.4981635124,-96.8000000063,278.7000036622));
#13048=CARTESIAN_POINT('Origin',(107.4981635124,-93.3000000063,278.7000036622));
#13049=CARTESIAN_POINT('Origin',(118.7481635124,-101.5000000063,278.6000036622));
#13050=CARTESIAN_POINT('',(118.7481635124,-103.4500000063,278.7000036622));
#13051=CARTESIAN_POINT('',(118.7481635124,-103.3500000063,278.6000036622));
#13052=CARTESIAN_POINT('Origin',(118.7481635124,-101.5000000063,278.7000036622));
#13053=CARTESIAN_POINT('Origin',(118.7481635124,-101.5000000063,278.7000036622));
#13054=CARTESIAN_POINT('',(118.7481635124,-105.0000000063,278.7000036622));
#13055=CARTESIAN_POINT('Origin',(118.7481635124,-101.5000000063,278.7000036622));
#13056=CARTESIAN_POINT('Origin',(120.5981635124,-88.4000000063,278.6000036622));
#13057=CARTESIAN_POINT('',(120.5981635124,-90.3500000063,278.7000036622));
#13058=CARTESIAN_POINT('',(120.5981635124,-90.2500000063,278.6000036622));
#13059=CARTESIAN_POINT('Origin',(120.5981635124,-88.4000000063,278.7000036622));
#13060=CARTESIAN_POINT('Origin',(120.5981635124,-88.4000000063,278.7000036622));
#13061=CARTESIAN_POINT('',(120.5981635124,-91.9000000063,278.7000036622));
#13062=CARTESIAN_POINT('Origin',(120.5981635124,-88.4000000063,278.7000036622));
#13063=CARTESIAN_POINT('Origin',(132.2481635124,-89.5000000063,278.6000036622));
#13064=CARTESIAN_POINT('',(132.2481635124,-91.4500000063,278.7000036622));
#13065=CARTESIAN_POINT('',(132.2481635124,-91.3500000063,278.6000036622));
#13066=CARTESIAN_POINT('Origin',(132.2481635124,-89.5000000063,278.7000036622));
#13067=CARTESIAN_POINT('Origin',(132.2481635124,-89.5000000063,278.7000036622));
#13068=CARTESIAN_POINT('',(132.2481635124,-93.0000000063,278.7000036622));
#13069=CARTESIAN_POINT('Origin',(132.2481635124,-89.5000000063,278.7000036622));
#13070=CARTESIAN_POINT('Origin',(151.5981635124,-88.4000000063,278.6000036622));
#13071=CARTESIAN_POINT('',(151.5981635124,-90.3500000063,278.7000036622));
#13072=CARTESIAN_POINT('',(151.5981635124,-90.2500000063,278.6000036622));
#13073=CARTESIAN_POINT('Origin',(151.5981635124,-88.4000000063,278.7000036622));
#13074=CARTESIAN_POINT('Origin',(151.5981635124,-88.4000000063,278.7000036622));
#13075=CARTESIAN_POINT('',(151.5981635124,-91.9000000063,278.7000036622));
#13076=CARTESIAN_POINT('Origin',(151.5981635124,-88.4000000063,278.7000036622));
#13077=CARTESIAN_POINT('Origin',(150.5981657088,-103.9000000126,278.6000036622));
#13078=CARTESIAN_POINT('',(150.5981657088,-105.8500000126,278.7000036622));
#13079=CARTESIAN_POINT('',(150.5981657088,-105.7500000126,278.6000036622));
#13080=CARTESIAN_POINT('Origin',(150.5981657088,-103.9000000126,278.7000036622));
#13081=CARTESIAN_POINT('Origin',(150.5981657088,-103.9000000126,278.7000036622));
#13082=CARTESIAN_POINT('',(150.5981657088,-107.4000000126,278.7000036622));
#13083=CARTESIAN_POINT('Origin',(150.5981657088,-103.9000000126,278.7000036622));
#13084=CARTESIAN_POINT('Origin',(151.5981635124,-119.4000000063,278.6000036622));
#13085=CARTESIAN_POINT('',(151.5981635124,-121.3500000063,278.7000036622));
#13086=CARTESIAN_POINT('',(151.5981635124,-121.2500000063,278.6000036622));
#13087=CARTESIAN_POINT('Origin',(151.5981635124,-119.4000000063,278.7000036622));
#13088=CARTESIAN_POINT('Origin',(151.5981635124,-119.4000000063,278.7000036622));
#13089=CARTESIAN_POINT('',(151.5981635124,-122.9000000063,278.7000036622));
#13090=CARTESIAN_POINT('Origin',(151.5981635124,-119.4000000063,278.7000036622));
#13091=CARTESIAN_POINT('Origin',(136.0981618018,-118.4000023078,278.6000036622));
#13092=CARTESIAN_POINT('',(136.0981618018,-120.3500023078,278.7000036622));
#13093=CARTESIAN_POINT('',(136.0981618018,-120.2500023078,278.6000036622));
#13094=CARTESIAN_POINT('Origin',(136.0981618018,-118.4000023078,278.7000036622));
#13095=CARTESIAN_POINT('Origin',(136.0981618018,-118.4000023078,278.7000036622));
#13096=CARTESIAN_POINT('',(136.0981618018,-121.9000023078,278.7000036622));
#13097=CARTESIAN_POINT('Origin',(136.0981618018,-118.4000023078,278.7000036622));
#13098=CARTESIAN_POINT('Origin',(136.0981635124,-103.9000000063,274.9500036622));
#13099=CARTESIAN_POINT('',(136.0981635124,-113.9000000063,275.2000036622));
#13100=CARTESIAN_POINT('',(136.0981635124,-114.1500000063,274.9500036622));
#13101=CARTESIAN_POINT('Origin',(136.0981635124,-103.9000000063,275.2000036622));
#13102=CARTESIAN_POINT('Origin',(136.0981635124,-103.9000000063,282.2000036622));
#13103=CARTESIAN_POINT('',(136.0981635124,-113.9000000063,281.7000036622));
#13104=CARTESIAN_POINT('Origin',(136.0981635124,-103.9000000063,281.7000036622));
#13105=CARTESIAN_POINT('',(136.0981635124,-113.9000000063,282.2000036622));
#13106=CARTESIAN_POINT('Origin',(142.935852911103,-135.373223311003,274.9500036622));
#13107=CARTESIAN_POINT('',(157.1981635124,-121.4644661004,275.2000036622));
#13108=CARTESIAN_POINT('',(156.6981635124,-121.257359319113,274.7000036622));
#13109=CARTESIAN_POINT('',(153.6626296064,-125.0000000063,275.2000036622));
#13110=CARTESIAN_POINT('',(143.1126296064,-135.5500000063,275.2000036622));
#13111=CARTESIAN_POINT('',(153.455522825213,-124.5000000063,274.7000036622));
#13112=CARTESIAN_POINT('Origin',(156.9481635124,-103.1677669593,274.9500036622));
#13113=CARTESIAN_POINT('',(157.1981635124,-86.3355339123,275.2000036622));
#13114=CARTESIAN_POINT('',(157.1981635124,-103.1677669593,275.2000036622));
#13115=CARTESIAN_POINT('',(157.1981635124,-86.3355339123,275.2000036622));
#13116=CARTESIAN_POINT('Origin',(130.0626296064,-124.7500000063,274.9500036622));
#13117=CARTESIAN_POINT('',(118.5336974183,-125.0000000063,275.2000036622));
#13118=CARTESIAN_POINT('',(130.0626296064,-125.0000000063,275.2000036622));
#13119=CARTESIAN_POINT('',(118.740804199487,-124.5000000063,274.7000036622));
#13120=CARTESIAN_POINT('Origin',(116.7481635124,-122.992086207292,274.9500036622));
#13121=CARTESIAN_POINT('Ctrl Pts',(116.9981635124,-121.143559583716,274.7000036622));
#13122=CARTESIAN_POINT('Ctrl Pts',(116.5981635124,-119.4000000063,275.1000036622));
#13123=CARTESIAN_POINT('Ctrl Pts',(116.9981635124,-117.656440428884,274.7000036622));
#13124=CARTESIAN_POINT('',(116.4981635124,-122.9644661004,275.2000036622));
#13125=CARTESIAN_POINT('',(116.4981635124,-122.9644661004,275.2000036622));
#13126=CARTESIAN_POINT('',(116.4981635124,-117.0000000063,275.2000036622));
#13127=CARTESIAN_POINT('',(116.4981635124,-122.992086207292,275.2000036622));
#13128=CARTESIAN_POINT('',(116.9981635124,-117.0000000063,274.7000036622));
#13129=CARTESIAN_POINT('Origin',(114.4981635124,-117.0000000063,274.9500036622));
#13130=CARTESIAN_POINT('',(114.4981635124,-115.0000000063,275.2000036622));
#13131=CARTESIAN_POINT('Origin',(114.4981635124,-117.0000000063,275.2000036622));
#13132=CARTESIAN_POINT('',(114.4981635124,-114.5000000063,274.7000036622));
#13133=CARTESIAN_POINT('Origin',(103.7303965594,-114.7500000063,274.9500036622));
#13134=CARTESIAN_POINT('',(100.9981635124,-115.0000000063,275.2000036622));
#13135=CARTESIAN_POINT('',(103.7303965594,-115.0000000063,275.2000036622));
#13136=CARTESIAN_POINT('',(100.9981635124,-114.5000000063,274.7000036622));
#13137=CARTESIAN_POINT('Origin',(100.9981635124,-114.0000000063,274.9500036622));
#13138=CARTESIAN_POINT('',(99.9981635124,-114.0000000063,275.2000036622));
#13139=CARTESIAN_POINT('Origin',(100.9981635124,-114.0000000063,275.2000036622));
#13140=CARTESIAN_POINT('',(100.4981635124,-114.0000000063,274.7000036622));
#13141=CARTESIAN_POINT('Origin',(100.2481635124,-117.0000000063,274.9500036622));
#13142=CARTESIAN_POINT('',(99.9981635124,-88.4892304909,275.2000036622));
#13143=CARTESIAN_POINT('',(100.4981635124,-88.4892304909,274.7000036622));
#13144=CARTESIAN_POINT('',(99.9981635124,-117.0000000063,275.2000036622));
#13145=CARTESIAN_POINT('Origin',(101.7981635124,-88.4892304909,274.9500036622));
#13146=CARTESIAN_POINT('',(100.8981635124,-86.930384764,275.2000036622));
#13147=CARTESIAN_POINT('',(101.148163512428,-87.3633974659643,274.7000036622));
#13148=CARTESIAN_POINT('Origin',(101.7981635124,-88.4892304909,275.2000036622));
#13149=CARTESIAN_POINT('Origin',(95.9500565744292,-90.0758507711587,274.9500036622));
#13150=CARTESIAN_POINT('',(107.82014896,-82.9339746025,275.2000036622));
#13151=CARTESIAN_POINT('',(108.070148960028,-83.3669873044491,274.7000036622));
#13152=CARTESIAN_POINT('',(95.8250565744309,-89.8593444202116,275.2000036622));
#13153=CARTESIAN_POINT('Origin',(108.32014896,-83.8000000063,274.9500036622));
#13154=CARTESIAN_POINT('',(108.32014896,-82.8000000063,275.2000036622));
#13155=CARTESIAN_POINT('',(108.32014896,-83.3000000063,274.7000036622));
#13156=CARTESIAN_POINT('Origin',(108.32014896,-83.8000000063,275.2000036622));
#13157=CARTESIAN_POINT('Origin',(107.3913892832,-83.0500000063,274.9500036622));
#13158=CARTESIAN_POINT('',(153.6626296064,-82.8000000063,275.2000036622));
#13159=CARTESIAN_POINT('',(107.3913892832,-82.8000000063,275.2000036622));
#13160=CARTESIAN_POINT('',(153.455522825213,-83.3000000063,274.7000036622));
#13161=CARTESIAN_POINT('Origin',(114.442707160622,-120.555456358028,274.9500036622));
#13162=CARTESIAN_POINT('',(114.265930465325,-120.732233053325,275.2000036622));
#13163=CARTESIAN_POINT('Origin',(150.985852911103,-80.4767767015966,274.9500036622));
#13164=CARTESIAN_POINT('',(151.1626296064,-80.3000000063,275.2000036622));
#13165=CARTESIAN_POINT('Origin',(120.5981635124,-119.4000000063,274.9500036622));
#13166=CARTESIAN_POINT('',(124.0981635124,-119.4000000063,275.2000036622));
#13167=CARTESIAN_POINT('',(124.3481635124,-119.4000000063,274.9500036622));
#13168=CARTESIAN_POINT('Origin',(120.5981635124,-119.4000000063,275.2000036622));
#13169=CARTESIAN_POINT('Origin',(108.32014896,-82.8000000063,282.2000036622));
#13170=CARTESIAN_POINT('',(108.32014896,-82.8000000063,281.7000036622));
#13171=CARTESIAN_POINT('',(108.32014896,-82.8000000063,282.2000036622));
#13172=CARTESIAN_POINT('',(153.6626296064,-82.8000000063,281.7000036622));
#13173=CARTESIAN_POINT('',(107.3913892832,-82.8000000063,281.7000036622));
#13174=CARTESIAN_POINT('',(153.6626296064,-82.8000000063,282.2000036622));
#13175=CARTESIAN_POINT('Origin',(153.6626296064,-82.8000000063,282.2000036622));
#13176=CARTESIAN_POINT('',(157.1981635124,-86.3355339123,281.7000036622));
#13177=CARTESIAN_POINT('',(151.1626296064,-80.3000000063,281.7000036622));
#13178=CARTESIAN_POINT('',(157.1981635124,-86.3355339123,282.2000036622));
#13179=CARTESIAN_POINT('Origin',(157.1981635124,-86.3355339123,282.2000036622));
#13180=CARTESIAN_POINT('',(157.1981635124,-121.4644661004,281.7000036622));
#13181=CARTESIAN_POINT('',(157.1981635124,-103.1677669593,281.7000036622));
#13182=CARTESIAN_POINT('',(157.1981635124,-121.4644661004,282.2000036622));
#13183=CARTESIAN_POINT('Origin',(153.6626296064,-125.0000000063,282.2000036622));
#13184=CARTESIAN_POINT('',(153.6626296064,-125.0000000063,281.7000036622));
#13185=CARTESIAN_POINT('',(143.1126296064,-135.5500000063,281.7000036622));
#13186=CARTESIAN_POINT('',(153.6626296064,-125.0000000063,282.2000036622));
#13187=CARTESIAN_POINT('Origin',(153.6626296064,-125.0000000063,282.2000036622));
#13188=CARTESIAN_POINT('',(118.5336974183,-125.0000000063,281.7000036622));
#13189=CARTESIAN_POINT('',(130.0626296064,-125.0000000063,281.7000036622));
#13190=CARTESIAN_POINT('',(118.5336974183,-125.0000000063,282.2000036622));
#13191=CARTESIAN_POINT('Origin',(118.5336974183,-125.0000000063,282.2000036622));
#13192=CARTESIAN_POINT('',(116.4981635124,-122.9644661004,281.7000036622));
#13193=CARTESIAN_POINT('',(114.265930465325,-120.732233053325,281.7000036622));
#13194=CARTESIAN_POINT('',(116.4981635124,-122.9644661004,282.2000036622));
#13195=CARTESIAN_POINT('Origin',(116.4981635124,-125.984172408285,282.2000036622));
#13196=CARTESIAN_POINT('',(116.4981635124,-117.0000000063,281.7000036622));
#13197=CARTESIAN_POINT('',(116.4981635124,-122.992086207292,281.7000036622));
#13198=CARTESIAN_POINT('',(116.4981635124,-117.0000000063,282.2000036622));
#13199=CARTESIAN_POINT('Origin',(120.5981635124,-119.4000000063,282.2000036622));
#13200=CARTESIAN_POINT('',(117.0981635124,-119.4000000063,281.7000036622));
#13201=CARTESIAN_POINT('',(124.0981635124,-119.4000000063,281.7000036622));
#13202=CARTESIAN_POINT('Origin',(120.5981635124,-119.4000000063,281.7000036622));
#13203=CARTESIAN_POINT('',(124.0981635124,-119.4000000063,282.2000036622));
#13204=CARTESIAN_POINT('Origin',(120.5981635124,-119.4000000063,281.7000036622));
#13205=CARTESIAN_POINT('Origin',(136.0981635124,-103.9000000063,281.9500036622));
#13206=CARTESIAN_POINT('',(136.09816227369,-114.4000023078,282.2000036622));
#13207=CARTESIAN_POINT('',(136.0981635124,-114.1500000063,281.9500036622));
#13208=CARTESIAN_POINT('',(146.5981657088,-103.900000010862,282.2000036622));
#13209=CARTESIAN_POINT('Origin',(136.0981635124,-103.9000000063,282.2000036622));
#13210=CARTESIAN_POINT('Origin',(136.0981635124,-103.9000000063,282.2000036622));
#13211=CARTESIAN_POINT('Origin',(106.4626296064,-120.0000000063,282.2000036622));
#13212=CARTESIAN_POINT('',(116.9981635124,-117.656440428884,282.2000036622));
#13213=CARTESIAN_POINT('',(116.9981635124,-121.143559583716,282.2000036622));
#13214=CARTESIAN_POINT('Origin',(120.5981635124,-119.4000000063,282.2000036622));
#13215=CARTESIAN_POINT('',(116.9981635124,-122.757359319213,282.2000036622));
#13216=CARTESIAN_POINT('',(116.9981635124,-122.992086207292,282.2000036622));
#13217=CARTESIAN_POINT('',(118.740804199487,-124.5000000063,282.2000036622));
#13218=CARTESIAN_POINT('',(114.619483855918,-120.378679662732,282.2000036622));
#13219=CARTESIAN_POINT('',(153.455522825213,-124.5000000063,282.2000036622));
#13220=CARTESIAN_POINT('',(130.0626296064,-124.5000000063,282.2000036622));
#13221=CARTESIAN_POINT('',(156.6981635124,-121.257359319114,282.2000036622));
#13222=CARTESIAN_POINT('',(142.759076215807,-135.196446615707,282.2000036622));
#13223=CARTESIAN_POINT('',(156.6981635124,-86.5426406934865,282.2000036622));
#13224=CARTESIAN_POINT('',(156.6981635124,-103.1677669593,282.2000036622));
#13225=CARTESIAN_POINT('',(153.455522825213,-83.3000000063,282.2000036622));
#13226=CARTESIAN_POINT('',(150.809076215807,-80.6535533968933,282.2000036622));
#13227=CARTESIAN_POINT('',(108.32014896,-83.3000000063,282.2000036622));
#13228=CARTESIAN_POINT('',(107.3913892832,-83.3000000063,282.2000036622));
#13229=CARTESIAN_POINT('',(108.070148960028,-83.3669873044491,282.2000036622));
#13230=CARTESIAN_POINT('Origin',(108.32014896,-83.8000000063,282.2000036622));
#13231=CARTESIAN_POINT('',(101.148163512428,-87.3633974659643,282.2000036622));
#13232=CARTESIAN_POINT('',(96.0750565744275,-90.2923571221058,282.2000036622));
#13233=CARTESIAN_POINT('',(100.4981635124,-88.4892304909,282.2000036622));
#13234=CARTESIAN_POINT('Origin',(101.7981635124,-88.4892304909,282.2000036622));
#13235=CARTESIAN_POINT('',(100.4981635124,-100.133974602516,282.2000036622));
#13236=CARTESIAN_POINT('',(100.4981635124,-117.0000000063,282.2000036622));
#13237=CARTESIAN_POINT('Origin',(100.9981635124,-101.0000000063,282.2000036622));
#13238=CARTESIAN_POINT('',(114.871758614297,-100.513346538275,282.2000036622));
#13239=CARTESIAN_POINT('Origin',(113.9981635124,-101.0000000063,282.2000036622));
#13240=CARTESIAN_POINT('',(118.7481635124,-105.5000000063,282.2000036622));
#13241=CARTESIAN_POINT('Origin',(118.7481635124,-101.5000000063,282.2000036622));
#13242=CARTESIAN_POINT('',(114.9981635124,-102.891941097008,282.2000036622));
#13243=CARTESIAN_POINT('Origin',(118.7481635124,-101.5000000063,282.2000036622));
#13244=CARTESIAN_POINT('',(114.9981635124,-114.0000000063,282.2000036622));
#13245=CARTESIAN_POINT('',(114.9981635124,-114.0000000063,282.2000036622));
#13246=CARTESIAN_POINT('',(114.849392003474,-114.524795257788,282.2000036622));
#13247=CARTESIAN_POINT('Origin',(113.9981635124,-114.0000000063,282.2000036622));
#13248=CARTESIAN_POINT('',(116.9981635124,-117.0000000063,282.2000036622));
#13249=CARTESIAN_POINT('Origin',(114.4981635124,-117.0000000063,282.2000036622));
#13250=CARTESIAN_POINT('',(116.9981635124,-122.992086207292,282.2000036622));
#13251=CARTESIAN_POINT('',(132.2481635124,-93.5000000063,282.2000036622));
#13252=CARTESIAN_POINT('Origin',(132.2481635124,-89.5000000063,282.2000036622));
#13253=CARTESIAN_POINT('',(136.0981618018,-122.4000023078,282.2000036622));
#13254=CARTESIAN_POINT('Origin',(136.0981618018,-118.4000023078,282.2000036622));
#13255=CARTESIAN_POINT('Origin',(136.0981618018,-118.4000023078,282.2000036622));
#13256=CARTESIAN_POINT('',(150.5981657088,-107.9000000126,282.2000036622));
#13257=CARTESIAN_POINT('Origin',(150.5981657088,-103.9000000126,282.2000036622));
#13258=CARTESIAN_POINT('Origin',(150.5981657088,-103.9000000126,282.2000036622));
#13259=CARTESIAN_POINT('',(107.4981635124,-97.3000000063,282.2000036622));
#13260=CARTESIAN_POINT('Origin',(107.4981635124,-93.3000000063,282.2000036622));
#13261=CARTESIAN_POINT('',(120.5981635124,-92.4000000063,282.2000036622));
#13262=CARTESIAN_POINT('Origin',(120.5981635124,-88.4000000063,282.2000036622));
#13263=CARTESIAN_POINT('',(151.5981635124,-123.4000000063,282.2000036622));
#13264=CARTESIAN_POINT('Origin',(151.5981635124,-119.4000000063,282.2000036622));
#13265=CARTESIAN_POINT('',(151.5981635124,-92.4000000063,282.2000036622));
#13266=CARTESIAN_POINT('Origin',(151.5981635124,-88.4000000063,282.2000036622));
#13267=CARTESIAN_POINT('Origin',(132.2481635124,-89.5000000063,281.9500036622));
#13268=CARTESIAN_POINT('',(132.2481635124,-93.0000000063,281.7000036622));
#13269=CARTESIAN_POINT('Origin',(132.2481635124,-89.5000000063,281.7000036622));
#13270=CARTESIAN_POINT('',(132.2481635124,-93.2500000063,281.9500036622));
#13271=CARTESIAN_POINT('Origin',(132.2481635124,-89.5000000063,278.7000036622));
#13272=CARTESIAN_POINT('',(132.2481635124,-93.0000000063,278.7000036622));
#13273=CARTESIAN_POINT('Origin',(151.5981635124,-88.4000000063,281.9500036622));
#13274=CARTESIAN_POINT('',(151.5981635124,-91.9000000063,281.7000036622));
#13275=CARTESIAN_POINT('Origin',(151.5981635124,-88.4000000063,281.7000036622));
#13276=CARTESIAN_POINT('',(151.5981635124,-92.1500000063,281.9500036622));
#13277=CARTESIAN_POINT('Origin',(151.5981635124,-88.4000000063,278.7000036622));
#13278=CARTESIAN_POINT('',(151.5981635124,-91.9000000063,278.7000036622));
#13279=CARTESIAN_POINT('Origin',(150.5981657088,-103.9000000126,281.9500036622));
#13280=CARTESIAN_POINT('',(150.5981657088,-107.4000000126,281.7000036622));
#13281=CARTESIAN_POINT('Origin',(150.5981657088,-103.9000000126,281.7000036622));
#13282=CARTESIAN_POINT('',(150.5981657088,-107.6500000126,281.9500036622));
#13283=CARTESIAN_POINT('Origin',(150.5981657088,-103.9000000126,278.7000036622));
#13284=CARTESIAN_POINT('',(150.5981657088,-107.4000000126,278.7000036622));
#13285=CARTESIAN_POINT('Origin',(151.5981635124,-119.4000000063,281.9500036622));
#13286=CARTESIAN_POINT('',(151.5981635124,-122.9000000063,281.7000036622));
#13287=CARTESIAN_POINT('Origin',(151.5981635124,-119.4000000063,281.7000036622));
#13288=CARTESIAN_POINT('',(151.5981635124,-123.1500000063,281.9500036622));
#13289=CARTESIAN_POINT('Origin',(151.5981635124,-119.4000000063,278.7000036622));
#13290=CARTESIAN_POINT('',(151.5981635124,-122.9000000063,278.7000036622));
#13291=CARTESIAN_POINT('Origin',(136.0981618018,-118.4000023078,281.9500036622));
#13292=CARTESIAN_POINT('',(136.0981618018,-121.9000023078,281.7000036622));
#13293=CARTESIAN_POINT('Origin',(136.0981618018,-118.4000023078,281.7000036622));
#13294=CARTESIAN_POINT('',(136.0981618018,-122.1500023078,281.9500036622));
#13295=CARTESIAN_POINT('Origin',(136.0981618018,-118.4000023078,278.7000036622));
#13296=CARTESIAN_POINT('',(136.0981618018,-121.9000023078,278.7000036622));
#13297=CARTESIAN_POINT('Origin',(120.5981635124,-119.4000000063,281.9500036622));
#13298=CARTESIAN_POINT('',(116.7981635124,-119.4000000063,282.0000036622));
#13299=CARTESIAN_POINT('Ctrl Pts',(116.9981635124,-121.143559583716,282.2000036622));
#13300=CARTESIAN_POINT('Ctrl Pts',(116.7981635124,-120.271779795008,282.0000036622));
#13301=CARTESIAN_POINT('Ctrl Pts',(116.7981635124,-119.4000000063,282.0000036622));
#13302=CARTESIAN_POINT('Ctrl Pts',(116.7981635124,-119.4000000063,282.0000036622));
#13303=CARTESIAN_POINT('Ctrl Pts',(116.7981635124,-118.528220217592,282.0000036622));
#13304=CARTESIAN_POINT('Ctrl Pts',(116.9981635124,-117.656440428884,282.2000036622));
#13305=CARTESIAN_POINT('',(116.8481635124,-119.4000000063,281.9500036622));
#13306=CARTESIAN_POINT('Origin',(118.7481635124,-101.5000000063,281.9500036622));
#13307=CARTESIAN_POINT('',(118.7481635124,-105.0000000063,281.7000036622));
#13308=CARTESIAN_POINT('Origin',(118.7481635124,-101.5000000063,281.7000036622));
#13309=CARTESIAN_POINT('',(118.7481635124,-105.2500000063,281.9500036622));
#13310=CARTESIAN_POINT('',(114.9981635124,-101.0000000063,281.983190149805));
#13311=CARTESIAN_POINT('Ctrl Pts',(114.9981635124,-101.0000000063,281.983190149805));
#13312=CARTESIAN_POINT('Ctrl Pts',(114.9981635124,-100.927693775033,281.992746410315));
#13313=CARTESIAN_POINT('Ctrl Pts',(114.99010174137,-100.855155642315,282.012441752847));
#13314=CARTESIAN_POINT('Ctrl Pts',(114.952890322408,-100.684782398031,282.080657667671));
#13315=CARTESIAN_POINT('Ctrl Pts',(114.915129725082,-100.591561647511,282.138703017041));
#13316=CARTESIAN_POINT('Ctrl Pts',(114.872399449669,-100.514498244862,282.199098629995));
#13317=CARTESIAN_POINT('Ctrl Pts',(114.872079304418,-100.513922211391,282.199550883543));
#13318=CARTESIAN_POINT('Ctrl Pts',(114.871758614297,-100.513346538275,282.2000036622));
#13319=CARTESIAN_POINT('Ctrl Pts',(114.9981635124,-101.0000000063,281.983190149805));
#13320=CARTESIAN_POINT('Ctrl Pts',(114.9981635124,-101.919618979983,281.861649885177));
#13321=CARTESIAN_POINT('Ctrl Pts',(114.9981635124,-102.891941097008,282.2000036622));
#13322=CARTESIAN_POINT('Origin',(118.7481635124,-101.5000000063,278.7000036622));
#13323=CARTESIAN_POINT('',(118.7481635124,-105.0000000063,278.7000036622));
#13324=CARTESIAN_POINT('Origin',(107.4981635124,-93.3000000063,281.9500036622));
#13325=CARTESIAN_POINT('',(107.4981635124,-96.8000000063,281.7000036622));
#13326=CARTESIAN_POINT('Origin',(107.4981635124,-93.3000000063,281.7000036622));
#13327=CARTESIAN_POINT('',(107.4981635124,-97.0500000063,281.9500036622));
#13328=CARTESIAN_POINT('Origin',(107.4981635124,-93.3000000063,278.7000036622));
#13329=CARTESIAN_POINT('',(107.4981635124,-96.8000000063,278.7000036622));
#13330=CARTESIAN_POINT('Origin',(120.5981635124,-88.4000000063,281.9500036622));
#13331=CARTESIAN_POINT('',(120.5981635124,-91.9000000063,281.7000036622));
#13332=CARTESIAN_POINT('Origin',(120.5981635124,-88.4000000063,281.7000036622));
#13333=CARTESIAN_POINT('',(120.5981635124,-92.1500000063,281.9500036622));
#13334=CARTESIAN_POINT('Origin',(120.5981635124,-88.4000000063,278.7000036622));
#13335=CARTESIAN_POINT('',(120.5981635124,-91.9000000063,278.7000036622));
#13336=CARTESIAN_POINT('Origin',(100.2481635124,-117.0000000063,281.9500036622));
#13337=CARTESIAN_POINT('',(99.9981635124,-101.0000000063,281.7000036622));
#13338=CARTESIAN_POINT('Origin',(100.9981635124,-101.0000000063,282.7000036622));
#13339=CARTESIAN_POINT('',(99.9981635124,-88.4892304909,281.7000036622));
#13340=CARTESIAN_POINT('',(99.9981635124,-88.4892304909,281.7000036622));
#13341=CARTESIAN_POINT('',(99.9981635124,-117.0000000063,281.7000036622));
#13342=CARTESIAN_POINT('Origin',(101.7981635124,-88.4892304909,281.9500036622));
#13343=CARTESIAN_POINT('',(100.8981635124,-86.930384764,281.7000036622));
#13344=CARTESIAN_POINT('',(100.8981635124,-86.930384764,281.7000036622));
#13345=CARTESIAN_POINT('Origin',(101.7981635124,-88.4892304909,281.7000036622));
#13346=CARTESIAN_POINT('Origin',(95.9500565744292,-90.0758507711587,281.9500036622));
#13347=CARTESIAN_POINT('',(107.82014896,-82.9339746025,281.7000036622));
#13348=CARTESIAN_POINT('',(107.82014896,-82.9339746025,281.7000036622));
#13349=CARTESIAN_POINT('',(95.8250565744309,-89.8593444202116,281.7000036622));
#13350=CARTESIAN_POINT('Origin',(108.32014896,-83.8000000063,281.9500036622));
#13351=CARTESIAN_POINT('',(108.32014896,-82.8000000063,281.7000036622));
#13352=CARTESIAN_POINT('Origin',(108.32014896,-83.8000000063,281.7000036622));
#13353=CARTESIAN_POINT('Origin',(107.3913892832,-83.0500000063,281.9500036622));
#13354=CARTESIAN_POINT('',(153.6626296064,-82.8000000063,281.7000036622));
#13355=CARTESIAN_POINT('Origin',(150.985852911103,-80.4767767015966,281.9500036622));
#13356=CARTESIAN_POINT('',(157.1981635124,-86.3355339123,281.7000036622));
#13357=CARTESIAN_POINT('Origin',(156.9481635124,-103.1677669593,281.9500036622));
#13358=CARTESIAN_POINT('',(157.1981635124,-121.4644661004,281.7000036622));
#13359=CARTESIAN_POINT('Origin',(142.935852911103,-135.373223311003,281.9500036622));
#13360=CARTESIAN_POINT('',(153.6626296064,-125.0000000063,281.7000036622));
#13361=CARTESIAN_POINT('Origin',(130.0626296064,-124.7500000063,281.9500036622));
#13362=CARTESIAN_POINT('',(118.5336974183,-125.0000000063,281.7000036622));
#13363=CARTESIAN_POINT('Origin',(116.7481635124,-122.992086207292,281.9500036622));
#13364=CARTESIAN_POINT('',(116.4981635124,-117.0000000063,281.7000036622));
#13365=CARTESIAN_POINT('',(116.9981635124,-122.757359319213,282.2000036622));
#13366=CARTESIAN_POINT('Origin',(114.4981635124,-117.0000000063,281.9500036622));
#13367=CARTESIAN_POINT('',(114.779146305259,-115.01983620749,281.7000036622));
#13368=CARTESIAN_POINT('',(114.779146305259,-115.01983620749,281.7000036622));
#13369=CARTESIAN_POINT('Origin',(114.4981635124,-117.0000000063,281.7000036622));
#13370=CARTESIAN_POINT('Origin',(114.442707160622,-120.555456358028,281.9500036622));
#13371=CARTESIAN_POINT('Ctrl Pts',(114.849392003474,-114.524795257788,282.2000036622));
#13372=CARTESIAN_POINT('Ctrl Pts',(114.733092267294,-114.508292469129,282.2000036622));
#13373=CARTESIAN_POINT('Ctrl Pts',(114.615628275921,-114.5000000063,282.2000036622));
#13374=CARTESIAN_POINT('Ctrl Pts',(114.4981635124,-114.5000000063,282.2000036622));
#13375=CARTESIAN_POINT('Ctrl Pts',(114.825976770736,-114.689808907689,282.033336995533));
#13376=CARTESIAN_POINT('Ctrl Pts',(114.717430350301,-114.674406304941,282.033336995533));
#13377=CARTESIAN_POINT('Ctrl Pts',(114.607797291686,-114.666666672967,282.033336995533));
#13378=CARTESIAN_POINT('Ctrl Pts',(114.4981635124,-114.666666672967,282.033336995533));
#13379=CARTESIAN_POINT('Ctrl Pts',(114.802561537997,-114.854822557589,281.866670328867));
#13380=CARTESIAN_POINT('Ctrl Pts',(114.701768433308,-114.840520140752,281.866670328867));
#13381=CARTESIAN_POINT('Ctrl Pts',(114.599966307452,-114.833333339633,281.866670328867));
#13382=CARTESIAN_POINT('Ctrl Pts',(114.4981635124,-114.833333339633,281.866670328867));
#13383=CARTESIAN_POINT('Ctrl Pts',(114.779146305259,-115.01983620749,281.7000036622));
#13384=CARTESIAN_POINT('Ctrl Pts',(114.686106516315,-115.006633976563,281.7000036622));
#13385=CARTESIAN_POINT('Ctrl Pts',(114.592135323217,-115.0000000063,281.7000036622));
#13386=CARTESIAN_POINT('Ctrl Pts',(114.4981635124,-115.0000000063,281.7000036622));
#13387=CARTESIAN_POINT('',(114.4981635124,-114.866025410084,281.833978258416));
#13388=CARTESIAN_POINT('Ctrl Pts',(114.849392003474,-114.524795257788,282.2000036622));
#13389=CARTESIAN_POINT('Ctrl Pts',(114.83140061127,-114.553977659104,282.168583059061));
#13390=CARTESIAN_POINT('Ctrl Pts',(114.811657061865,-114.582641115016,282.137539113236));
#13391=CARTESIAN_POINT('Ctrl Pts',(114.719756807056,-114.701847923926,282.008065764974));
#13392=CARTESIAN_POINT('Ctrl Pts',(114.634011534816,-114.780351231521,281.92173970451));
#13393=CARTESIAN_POINT('Ctrl Pts',(114.52440440191,-114.850467900065,281.849659641834));
#13394=CARTESIAN_POINT('Ctrl Pts',(114.511443053499,-114.858358463456,281.841645205044));
#13395=CARTESIAN_POINT('Ctrl Pts',(114.4981635124,-114.866025410084,281.833978258416));
#13396=CARTESIAN_POINT('',(114.4981635124,-115.0000000063,281.7000036622));
#13397=CARTESIAN_POINT('',(114.4981635124,-115.0000000063,281.7000036622));
#13398=CARTESIAN_POINT('Ctrl Pts',(114.779146305259,-115.01983620749,281.7000036622));
#13399=CARTESIAN_POINT('Ctrl Pts',(114.686106516315,-115.006633976563,281.7000036622));
#13400=CARTESIAN_POINT('Ctrl Pts',(114.592135323217,-115.0000000063,281.7000036622));
#13401=CARTESIAN_POINT('Ctrl Pts',(114.4981635124,-115.0000000063,281.7000036622));
#13402=CARTESIAN_POINT('Origin',(103.7303965594,-114.7500000063,281.9500036622));
#13403=CARTESIAN_POINT('',(113.9981635124,-115.0000000063,281.7000036622));
#13404=CARTESIAN_POINT('Origin',(113.9981635124,-114.0000000063,282.7000036622));
#13405=CARTESIAN_POINT('',(103.7303965594,-115.0000000063,281.7000036622));
#13406=CARTESIAN_POINT('Origin',(101.7981635124,-88.4892304909,282.2000036622));
#13407=CARTESIAN_POINT('',(99.9981635124,-88.4892304909,282.2000036622));
#13408=CARTESIAN_POINT('',(100.8981635124,-86.930384764,282.2000036622));
#13409=CARTESIAN_POINT('Origin',(99.9981635124,-114.0000000063,282.2000036622));
#13410=CARTESIAN_POINT('',(99.9981635124,-114.0000000063,296.7000036622));
#13411=CARTESIAN_POINT('',(99.9981635124,-114.0000000063,282.2000036622));
#13412=CARTESIAN_POINT('',(99.9981635124,-101.0000000063,296.7000036622));
#13413=CARTESIAN_POINT('',(99.9981635124,-107.5000000063,296.7000036622));
#13414=CARTESIAN_POINT('',(99.9981635124,-101.0000000063,282.2000036622));
#13415=CARTESIAN_POINT('Ctrl Pts',(107.4981635124,-111.0000000063,283.4500036622));
#13416=CARTESIAN_POINT('Ctrl Pts',(107.004805556051,-111.0000000063,283.4500036622));
#13417=CARTESIAN_POINT('Ctrl Pts',(105.965239146114,-110.766423375769,283.583167817548));
#13418=CARTESIAN_POINT('Ctrl Pts',(105.012300085852,-110.031015141718,283.9679929695));
#13419=CARTESIAN_POINT('Ctrl Pts',(104.495435696616,-109.337557059765,284.264174650582));
#13420=CARTESIAN_POINT('Ctrl Pts',(104.100736527252,-108.533562971922,284.540944940363));
#13421=CARTESIAN_POINT('Ctrl Pts',(103.997419813136,-107.902360972238,284.639000240597));
#13422=CARTESIAN_POINT('Ctrl Pts',(103.996622031224,-107.092429462476,284.638877203868));
#13423=CARTESIAN_POINT('Ctrl Pts',(104.068915404313,-106.66839796617,284.572887583635));
#13424=CARTESIAN_POINT('Ctrl Pts',(104.338959043288,-105.953778483382,284.371266094249));
#13425=CARTESIAN_POINT('Ctrl Pts',(104.664344298109,-105.371751269655,284.153046121762));
#13426=CARTESIAN_POINT('Ctrl Pts',(105.359499124965,-104.660414317292,283.810563170129));
#13427=CARTESIAN_POINT('Ctrl Pts',(106.367281146879,-104.120992948819,283.51957227945));
#13428=CARTESIAN_POINT('Ctrl Pts',(107.497006678468,-103.940984534914,283.416758068805));
#13429=CARTESIAN_POINT('Ctrl Pts',(108.628642791406,-104.120880284618,283.519715955342));
#13430=CARTESIAN_POINT('Ctrl Pts',(109.635526715648,-104.660511257002,283.810595712947));
#13431=CARTESIAN_POINT('Ctrl Pts',(110.331005523455,-105.370897067787,284.152829571994));
#13432=CARTESIAN_POINT('Ctrl Pts',(110.656353183308,-105.955234704956,284.371636593539));
#13433=CARTESIAN_POINT('Ctrl Pts',(110.925793414011,-106.670170724916,284.573242089419));
#13434=CARTESIAN_POINT('Ctrl Pts',(110.997885283273,-107.094384876607,284.63886053929));
#13435=CARTESIAN_POINT('Ctrl Pts',(110.997406007571,-107.904553799061,284.638825310207));
#13436=CARTESIAN_POINT('Ctrl Pts',(110.85486684688,-108.754973611982,284.504181460611));
#13437=CARTESIAN_POINT('Ctrl Pts',(110.377480013024,-109.537313566108,284.182788935316));
#13438=CARTESIAN_POINT('Ctrl Pts',(109.792549368398,-110.178893969984,283.89024491194));
#13439=CARTESIAN_POINT('Ctrl Pts',(109.405454040349,-110.476111819235,283.735418942344));
#13440=CARTESIAN_POINT('Ctrl Pts',(108.504659778474,-110.888910982864,283.51325561539));
#13441=CARTESIAN_POINT('Ctrl Pts',(107.989806877092,-111.0000000063,283.4500036622));
#13442=CARTESIAN_POINT('Ctrl Pts',(107.4981635124,-111.0000000063,283.4500036622));
#13443=CARTESIAN_POINT('Ctrl Pts',(107.4981635124,-111.166666672967,283.616670328867));
#13444=CARTESIAN_POINT('Ctrl Pts',(106.996405395635,-111.166499702135,283.616456882778));
#13445=CARTESIAN_POINT('Ctrl Pts',(105.938842428993,-110.936493438002,283.75865522828));
#13446=CARTESIAN_POINT('Ctrl Pts',(104.956389031113,-110.199696039125,284.170490500132));
#13447=CARTESIAN_POINT('Ctrl Pts',(104.412742197046,-109.486197138603,284.492209644332));
#13448=CARTESIAN_POINT('Ctrl Pts',(103.988416176661,-108.641622381098,284.798407931865));
#13449=CARTESIAN_POINT('Ctrl Pts',(103.86952650286,-107.947240841609,284.912963068822));
#13450=CARTESIAN_POINT('Ctrl Pts',(103.868938961375,-107.047484111851,284.912640180011));
#13451=CARTESIAN_POINT('Ctrl Pts',(103.951195173732,-106.580833586809,284.836050869959));
#13452=CARTESIAN_POINT('Ctrl Pts',(104.245235245455,-105.818485544291,284.610185459702));
#13453=CARTESIAN_POINT('Ctrl Pts',(104.592501977737,-105.211440554739,284.370541947779));
#13454=CARTESIAN_POINT('Ctrl Pts',(105.315701838536,-104.490208442244,284.001794569045));
#13455=CARTESIAN_POINT('Ctrl Pts',(106.347950946728,-103.952556930331,283.690792720876));
#13456=CARTESIAN_POINT('Ctrl Pts',(107.497033884434,-103.775296793454,283.581160200185));
#13457=CARTESIAN_POINT('Ctrl Pts',(108.647948906766,-103.952433671405,283.690931214483));
#13458=CARTESIAN_POINT('Ctrl Pts',(109.679349086229,-104.490335704363,284.00184204561));
#13459=CARTESIAN_POINT('Ctrl Pts',(110.402807932549,-105.210517114392,284.37028978475));
#13460=CARTESIAN_POINT('Ctrl Pts',(110.750112157029,-105.819976703067,284.610588629238));
#13461=CARTESIAN_POINT('Ctrl Pts',(111.043536405803,-106.582540096017,284.836433787583));
#13462=CARTESIAN_POINT('Ctrl Pts',(111.125483650808,-107.049571822799,284.912531284929));
#13463=CARTESIAN_POINT('Ctrl Pts',(111.125415568055,-107.949538597029,284.912913988928));
#13464=CARTESIAN_POINT('Ctrl Pts',(110.961464429179,-108.88462383094,284.755572515833));
#13465=CARTESIAN_POINT('Ctrl Pts',(110.452306205049,-109.692597449233,284.403177425643));
#13466=CARTESIAN_POINT('Ctrl Pts',(109.84278993638,-110.34787881738,284.087594670259));
#13467=CARTESIAN_POINT('Ctrl Pts',(109.443318421587,-110.645647972057,283.921463585544));
#13468=CARTESIAN_POINT('Ctrl Pts',(108.522089538686,-111.057161265202,283.684193267572));
#13469=CARTESIAN_POINT('Ctrl Pts',(107.998140308323,-111.166512432382,283.61652277762));
#13470=CARTESIAN_POINT('Ctrl Pts',(107.4981635124,-111.166666672967,283.616670328867));
#13471=CARTESIAN_POINT('Ctrl Pts',(107.4981635124,-111.333333339633,283.783336995533));
#13472=CARTESIAN_POINT('Ctrl Pts',(106.98783302157,-111.333500310465,283.783550441622));
#13473=CARTESIAN_POINT('Ctrl Pts',(105.912441559105,-111.106413145799,283.934072189593));
#13474=CARTESIAN_POINT('Ctrl Pts',(104.900543250916,-110.368529182531,284.373231252514));
#13475=CARTESIAN_POINT('Ctrl Pts',(104.330010330623,-109.63494810115,284.720591541438));
#13476=CARTESIAN_POINT('Ctrl Pts',(103.876270646723,-108.750138473658,285.055960366731));
#13477=CARTESIAN_POINT('Ctrl Pts',(103.742024495717,-107.990584151583,285.186855855142));
#13478=CARTESIAN_POINT('Ctrl Pts',(103.741206375204,-107.004236008115,285.186774957345));
#13479=CARTESIAN_POINT('Ctrl Pts',(103.83432618131,-106.492962599878,285.098679437443));
#13480=CARTESIAN_POINT('Ctrl Pts',(104.151216187552,-105.683541913004,284.849807558156));
#13481=CARTESIAN_POINT('Ctrl Pts',(104.521060710741,-105.05135074957,284.588095861614));
#13482=CARTESIAN_POINT('Ctrl Pts',(105.272056109398,-104.320280916897,284.193364731965));
#13483=CARTESIAN_POINT('Ctrl Pts',(106.328780200309,-103.784611130502,283.862429644266));
#13484=CARTESIAN_POINT('Ctrl Pts',(107.497119900751,-103.609908146716,283.745974616949));
#13485=CARTESIAN_POINT('Ctrl Pts',(108.667475687637,-103.784222214377,283.862633161023));
#13486=CARTESIAN_POINT('Ctrl Pts',(109.723266373299,-104.320247093105,284.193464778692));
#13487=CARTESIAN_POINT('Ctrl Pts',(110.4746329838,-105.050197227684,284.587961649536));
#13488=CARTESIAN_POINT('Ctrl Pts',(110.844481385436,-105.684951904162,284.850375696313));
#13489=CARTESIAN_POINT('Ctrl Pts',(111.161009512299,-106.495164680269,285.099508049731));
#13490=CARTESIAN_POINT('Ctrl Pts',(111.253846704732,-107.00623634844,285.187141058193));
#13491=CARTESIAN_POINT('Ctrl Pts',(111.253013034204,-107.993574912098,285.18670661428));
#13492=CARTESIAN_POINT('Ctrl Pts',(111.068266435797,-109.014963794347,285.007255823288));
#13493=CARTESIAN_POINT('Ctrl Pts',(110.527739206152,-109.848387535438,284.624283920496));
#13494=CARTESIAN_POINT('Ctrl Pts',(109.892139682517,-110.516364172394,284.284097333414));
#13495=CARTESIAN_POINT('Ctrl Pts',(109.481395978433,-110.815326953661,284.107730327921));
#13496=CARTESIAN_POINT('Ctrl Pts',(108.539113435036,-111.22530936505,283.854817849964));
#13497=CARTESIAN_POINT('Ctrl Pts',(108.006757961759,-111.333487580218,283.78348454678));
#13498=CARTESIAN_POINT('Ctrl Pts',(107.4981635124,-111.333333339633,283.783336995533));
#13499=CARTESIAN_POINT('Ctrl Pts',(107.4981635124,-111.5000000063,283.9500036622));
#13500=CARTESIAN_POINT('Ctrl Pts',(106.979432861153,-111.5000000063,283.9500036622));
#13501=CARTESIAN_POINT('Ctrl Pts',(105.886044841984,-111.276483208033,284.109559600326));
#13502=CARTESIAN_POINT('Ctrl Pts',(104.844632196177,-110.537210079938,284.575728783145));
#13503=CARTESIAN_POINT('Ctrl Pts',(104.247316831053,-109.783588179988,284.948626535188));
#13504=CARTESIAN_POINT('Ctrl Pts',(103.763950296132,-108.858197882834,285.313423358233));
#13505=CARTESIAN_POINT('Ctrl Pts',(103.614131185442,-108.035464020955,285.460818683367));
#13506=CARTESIAN_POINT('Ctrl Pts',(103.613523305355,-106.95929065749,285.460537933488));
#13507=CARTESIAN_POINT('Ctrl Pts',(103.716605950729,-106.405398220518,285.361842723768));
#13508=CARTESIAN_POINT('Ctrl Pts',(104.057492389719,-105.548248973913,285.088726923609));
#13509=CARTESIAN_POINT('Ctrl Pts',(104.44921839037,-104.891040034653,284.805591687632));
#13510=CARTESIAN_POINT('Ctrl Pts',(105.22825882297,-104.150075041849,284.384596130881));
#13511=CARTESIAN_POINT('Ctrl Pts',(106.309450000158,-103.616175112014,284.033650085692));
#13512=CARTESIAN_POINT('Ctrl Pts',(107.497147106717,-103.444220405256,283.910376748329));
#13513=CARTESIAN_POINT('Ctrl Pts',(108.686781802997,-103.615775601164,284.033848420164));
#13514=CARTESIAN_POINT('Ctrl Pts',(109.767088743881,-104.150071540466,284.384711111355));
#13515=CARTESIAN_POINT('Ctrl Pts',(110.546435392894,-104.88981727429,284.805421862292));
#13516=CARTESIAN_POINT('Ctrl Pts',(110.938240359157,-105.549693902272,285.089327732011));
#13517=CARTESIAN_POINT('Ctrl Pts',(111.278752504092,-106.407534051369,285.362699747895));
#13518=CARTESIAN_POINT('Ctrl Pts',(111.381445072266,-106.961423294631,285.460811803832));
#13519=CARTESIAN_POINT('Ctrl Pts',(111.381022594689,-108.038559710065,285.460795293001));
#13520=CARTESIAN_POINT('Ctrl Pts',(111.174864018096,-109.144614013305,285.25864687851));
#13521=CARTESIAN_POINT('Ctrl Pts',(110.602565398176,-110.003671418562,284.844672410823));
#13522=CARTESIAN_POINT('Ctrl Pts',(109.9423802505,-110.68534901979,284.481447091732));
#13523=CARTESIAN_POINT('Ctrl Pts',(109.519260359671,-110.984863106482,284.29377497112));
#13524=CARTESIAN_POINT('Ctrl Pts',(108.556543195248,-111.393559647389,284.025755502146));
#13525=CARTESIAN_POINT('Ctrl Pts',(108.01509139299,-111.5000000063,283.9500036622));
#13526=CARTESIAN_POINT('Ctrl Pts',(107.4981635124,-111.5000000063,283.9500036622));
#13527=CARTESIAN_POINT('',(107.4981635124,-111.0000000063,283.4500036622));
#13528=CARTESIAN_POINT('',(107.4981635124,-111.0000000063,283.4500036622));
#13529=CARTESIAN_POINT('Ctrl Pts',(107.4981635124,-111.0000000063,283.4500036622));
#13530=CARTESIAN_POINT('Ctrl Pts',(107.989806877092,-111.0000000063,283.4500036622));
#13531=CARTESIAN_POINT('Ctrl Pts',(108.504659778474,-110.888910982864,283.51325561539));
#13532=CARTESIAN_POINT('Ctrl Pts',(109.405454040349,-110.476111819235,283.735418942344));
#13533=CARTESIAN_POINT('Ctrl Pts',(109.792549368398,-110.178893969984,283.89024491194));
#13534=CARTESIAN_POINT('Ctrl Pts',(110.377480013024,-109.537313566108,284.182788935316));
#13535=CARTESIAN_POINT('Ctrl Pts',(110.85486684688,-108.754973611982,284.504181460611));
#13536=CARTESIAN_POINT('Ctrl Pts',(110.997406007571,-107.904553799061,284.638825310207));
#13537=CARTESIAN_POINT('Ctrl Pts',(110.997885283273,-107.094384876607,284.63886053929));
#13538=CARTESIAN_POINT('Ctrl Pts',(110.925793414011,-106.670170724916,284.573242089419));
#13539=CARTESIAN_POINT('Ctrl Pts',(110.656353183308,-105.955234704956,284.371636593539));
#13540=CARTESIAN_POINT('Ctrl Pts',(110.331005523455,-105.370897067787,284.152829571994));
#13541=CARTESIAN_POINT('Ctrl Pts',(109.635526715648,-104.660511257002,283.810595712947));
#13542=CARTESIAN_POINT('Ctrl Pts',(108.628642791406,-104.120880284618,283.519715955342));
#13543=CARTESIAN_POINT('Ctrl Pts',(107.497006678468,-103.940984534914,283.416758068805));
#13544=CARTESIAN_POINT('Ctrl Pts',(106.367281146879,-104.120992948819,283.51957227945));
#13545=CARTESIAN_POINT('Ctrl Pts',(105.359499124965,-104.660414317292,283.810563170129));
#13546=CARTESIAN_POINT('Ctrl Pts',(104.664344298109,-105.371751269655,284.153046121762));
#13547=CARTESIAN_POINT('Ctrl Pts',(104.338959043288,-105.953778483382,284.371266094249));
#13548=CARTESIAN_POINT('Ctrl Pts',(104.068915404313,-106.66839796617,284.572887583635));
#13549=CARTESIAN_POINT('Ctrl Pts',(103.996622031224,-107.092429462476,284.638877203868));
#13550=CARTESIAN_POINT('Ctrl Pts',(103.997419813136,-107.902360972238,284.639000240597));
#13551=CARTESIAN_POINT('Ctrl Pts',(104.100736527252,-108.533562971922,284.540944940363));
#13552=CARTESIAN_POINT('Ctrl Pts',(104.495435696616,-109.337557059765,284.264174650582));
#13553=CARTESIAN_POINT('Ctrl Pts',(105.012300085852,-110.031015141718,283.9679929695));
#13554=CARTESIAN_POINT('Ctrl Pts',(105.965239146114,-110.766423375769,283.583167817548));
#13555=CARTESIAN_POINT('Ctrl Pts',(107.004805556051,-111.0000000063,283.4500036622));
#13556=CARTESIAN_POINT('Ctrl Pts',(107.4981635124,-111.0000000063,283.4500036622));
#13557=CARTESIAN_POINT('Origin',(107.4981635124,-107.5000000063,280.2000036622));
#13558=CARTESIAN_POINT('',(107.4981635124,-111.0000000063,280.2000036622));
#13559=CARTESIAN_POINT('Origin',(107.4981635124,-107.5000000063,280.2000036622));
#13560=CARTESIAN_POINT('',(107.4981635124,-111.0000000063,280.2000036622));
#13561=CARTESIAN_POINT('Origin',(100.9981635124,-115.0000000063,282.2000036622));
#13562=CARTESIAN_POINT('',(114.4981635124,-115.0000000063,282.2000036622));
#13563=CARTESIAN_POINT('',(113.9981635124,-115.0000000063,296.7000036622));
#13564=CARTESIAN_POINT('',(113.9981635124,-115.0000000063,282.2000036622));
#13565=CARTESIAN_POINT('',(100.9981635124,-115.0000000063,296.7000036622));
#13566=CARTESIAN_POINT('',(107.4981635124,-115.0000000063,296.7000036622));
#13567=CARTESIAN_POINT('',(100.9981635124,-115.0000000063,282.2000036622));
#13568=CARTESIAN_POINT('Origin',(107.4981635124,-114.7500000063,296.9500036622));
#13569=CARTESIAN_POINT('',(113.9981635124,-114.5000000063,297.2000036622));
#13570=CARTESIAN_POINT('',(113.9981635124,-114.5000000063,297.2000036622));
#13571=CARTESIAN_POINT('',(100.9981635124,-114.5000000063,297.2000036622));
#13572=CARTESIAN_POINT('',(107.4981635124,-114.5000000063,297.2000036622));
#13573=CARTESIAN_POINT('',(100.9981635124,-115.0000000063,296.7000036622));
#13574=CARTESIAN_POINT('Origin',(113.9981635124,-114.0000000063,296.9500036622));
#13575=CARTESIAN_POINT('',(114.4981635124,-114.0000000063,297.2000036622));
#13576=CARTESIAN_POINT('',(114.9981635124,-114.0000000063,296.7000036622));
#13577=CARTESIAN_POINT('',(114.4981635124,-114.0000000063,297.2000036622));
#13578=CARTESIAN_POINT('Origin',(113.9981635124,-114.0000000063,297.2000036622));
#13579=CARTESIAN_POINT('Origin',(113.9981635124,-114.0000000063,296.7000036622));
#13580=CARTESIAN_POINT('Origin',(114.7481635124,-107.5000000063,296.9500036622));
#13581=CARTESIAN_POINT('',(114.4981635124,-101.0000000063,297.2000036622));
#13582=CARTESIAN_POINT('',(114.9981635124,-101.0000000063,296.7000036622));
#13583=CARTESIAN_POINT('',(114.4981635124,-101.0000000063,297.2000036622));
#13584=CARTESIAN_POINT('',(114.4981635124,-107.5000000063,297.2000036622));
#13585=CARTESIAN_POINT('',(114.9981635124,-107.5000000063,296.7000036622));
#13586=CARTESIAN_POINT('Origin',(113.9981635124,-101.0000000063,296.9500036622));
#13587=CARTESIAN_POINT('Origin',(113.9981635124,-101.0000000063,296.7000036622));
#13588=CARTESIAN_POINT('',(113.9981635124,-100.5000000063,297.2000036622));
#13589=CARTESIAN_POINT('',(113.9981635124,-100.5000000063,297.2000036622));
#13590=CARTESIAN_POINT('Origin',(113.9981635124,-101.0000000063,297.2000036622));
#13591=CARTESIAN_POINT('Origin',(113.9981635124,-100.2500000063,296.9500036622));
#13592=CARTESIAN_POINT('',(100.9981635124,-100.5000000063,297.2000036622));
#13593=CARTESIAN_POINT('',(100.9981635124,-100.5000000063,297.2000036622));
#13594=CARTESIAN_POINT('',(113.9981635124,-100.5000000063,297.2000036622));
#13595=CARTESIAN_POINT('Origin',(100.9981635124,-101.0000000063,296.9500036622));
#13596=CARTESIAN_POINT('Origin',(100.9981635124,-101.0000000063,296.7000036622));
#13597=CARTESIAN_POINT('',(100.4981635124,-101.0000000063,297.2000036622));
#13598=CARTESIAN_POINT('',(100.4981635124,-101.0000000063,297.2000036622));
#13599=CARTESIAN_POINT('Origin',(100.9981635124,-101.0000000063,297.2000036622));
#13600=CARTESIAN_POINT('Origin',(100.2481635124,-107.5000000063,296.9500036622));
#13601=CARTESIAN_POINT('',(100.4981635124,-114.0000000063,297.2000036622));
#13602=CARTESIAN_POINT('',(100.4981635124,-114.0000000063,297.2000036622));
#13603=CARTESIAN_POINT('',(100.4981635124,-107.5000000063,297.2000036622));
#13604=CARTESIAN_POINT('Origin',(100.9981635124,-114.0000000063,296.9500036622));
#13605=CARTESIAN_POINT('Origin',(100.9981635124,-114.0000000063,297.2000036622));
#13606=CARTESIAN_POINT('Origin',(100.9981635124,-114.0000000063,296.7000036622));
#13607=CARTESIAN_POINT('Origin',(100.9981635124,-101.0000000063,282.2000036622));
#13608=CARTESIAN_POINT('Origin',(100.9981635124,-114.0000000063,282.2000036622));
#13609=CARTESIAN_POINT('Origin',(113.9981635124,-101.0000000063,297.2000036622));
#13610=CARTESIAN_POINT('',(107.4981635124,-111.5000000063,297.2000036622));
#13611=CARTESIAN_POINT('Origin',(107.4981635124,-107.5000000063,297.2000036622));
#13612=CARTESIAN_POINT('Origin',(107.4981635124,-107.5000000063,296.9500036622));
#13613=CARTESIAN_POINT('',(107.4981635124,-111.2500000063,296.9500036622));
#13614=CARTESIAN_POINT('Origin',(114.4981635124,-117.0000000063,282.2000036622));
#13615=CARTESIAN_POINT('Origin',(100.8981635124,-86.930384764,282.2000036622));
#13616=CARTESIAN_POINT('',(107.82014896,-82.9339746025,282.2000036622));
#13617=CARTESIAN_POINT('Origin',(108.32014896,-83.8000000063,282.2000036622));
#13618=CARTESIAN_POINT('Origin',(113.9981635124,-114.0000000063,282.2000036622));
#13619=CARTESIAN_POINT('',(114.9981635124,-114.0000000063,282.2000036622));
#13620=CARTESIAN_POINT('Origin',(113.9981635124,-101.0000000063,282.2000036622));
#13621=CARTESIAN_POINT('',(114.9981635124,-101.0000000063,282.2000036622));
#13622=CARTESIAN_POINT('Origin',(114.9981635124,-114.0000000063,282.2000036622));
#13623=CARTESIAN_POINT('Origin',(107.4981635124,-107.5000000063,280.2000036622));
#13624=CARTESIAN_POINT('',(0.,0.,282.2000036622));
#13625=CARTESIAN_POINT('',(0.,0.,278.7000036622));
#13626=CARTESIAN_POINT('',(0.,0.,282.2000036622));
#13627=CARTESIAN_POINT('',(0.,0.,256.7000036622));
#13628=UNCERTAINTY_MEASURE_WITH_UNIT(LENGTH_MEASURE(0.01),#13632,
'DISTANCE_ACCURACY_VALUE',
'Maximum model space distance between geometric entities at asserted c
onnectivities');
#13629=UNCERTAINTY_MEASURE_WITH_UNIT(LENGTH_MEASURE(0.01),#13632,
'DISTANCE_ACCURACY_VALUE',
'Maximum model space distance between geometric entities at asserted c
onnectivities');
#13630=(
GEOMETRIC_REPRESENTATION_CONTEXT(3)
GLOBAL_UNCERTAINTY_ASSIGNED_CONTEXT((#13628))
GLOBAL_UNIT_ASSIGNED_CONTEXT((#13632,#13634,#13635))
REPRESENTATION_CONTEXT('','3D')
);
#13631=(
GEOMETRIC_REPRESENTATION_CONTEXT(3)
GLOBAL_UNCERTAINTY_ASSIGNED_CONTEXT((#13629))
GLOBAL_UNIT_ASSIGNED_CONTEXT((#13632,#13634,#13635))
REPRESENTATION_CONTEXT('','3D')
);
#13632=(
LENGTH_UNIT()
NAMED_UNIT(*)
SI_UNIT(.MILLI.,.METRE.)
);
#13633=(
LENGTH_UNIT()
NAMED_UNIT(*)
SI_UNIT(.CENTI.,.METRE.)
);
#13634=(
NAMED_UNIT(*)
PLANE_ANGLE_UNIT()
SI_UNIT($,.RADIAN.)
);
#13635=(
NAMED_UNIT(*)
SI_UNIT($,.STERADIAN.)
SOLID_ANGLE_UNIT()
);
#13636=SHAPE_DEFINITION_REPRESENTATION(#13637,#13638);
#13637=PRODUCT_DEFINITION_SHAPE('',$,#13640);
#13638=SHAPE_REPRESENTATION('',(#7524),#13630);
#13639=PRODUCT_DEFINITION_CONTEXT('part definition',#13644,'design');
#13640=PRODUCT_DEFINITION('Voron 0 Nema 17 AWD mod ALU',
'Voron 0 Nema 17 AWD mod ALU',#13641,#13639);
#13641=PRODUCT_DEFINITION_FORMATION('',$,#13646);
#13642=PRODUCT_RELATED_PRODUCT_CATEGORY('Voron 0 Nema 17 AWD mod ALU',
'Voron 0 Nema 17 AWD mod ALU',(#13646));
#13643=APPLICATION_PROTOCOL_DEFINITION('international standard',
'automotive_design',2009,#13644);
#13644=APPLICATION_CONTEXT(
'Core Data for Automotive Mechanical Design Process');
#13645=PRODUCT_CONTEXT('part definition',#13644,'mechanical');
#13646=PRODUCT('Voron 0 Nema 17 AWD mod ALU',
'Voron 0 Nema 17 AWD mod ALU',' ',(#13645));
#13647=PRESENTATION_STYLE_ASSIGNMENT((#13651));
#13648=PRESENTATION_STYLE_ASSIGNMENT((#13652));
#13649=PRESENTATION_STYLE_ASSIGNMENT((#13653));
#13650=PRESENTATION_STYLE_ASSIGNMENT((#13654));
#13651=SURFACE_STYLE_USAGE(.BOTH.,#13661);
#13652=SURFACE_STYLE_USAGE(.BOTH.,#13662);
#13653=SURFACE_STYLE_USAGE(.BOTH.,#13663);
#13654=SURFACE_STYLE_USAGE(.BOTH.,#13664);
#13655=SURFACE_STYLE_RENDERING_WITH_PROPERTIES($,#13677,(#13658));
#13656=SURFACE_STYLE_RENDERING_WITH_PROPERTIES($,#13678,(#13659));
#13657=SURFACE_STYLE_RENDERING_WITH_PROPERTIES($,#13679,(#13660));
#13658=SURFACE_STYLE_TRANSPARENT(0.);
#13659=SURFACE_STYLE_TRANSPARENT(0.);
#13660=SURFACE_STYLE_TRANSPARENT(0.);
#13661=SURFACE_SIDE_STYLE('',(#13665,#13655));
#13662=SURFACE_SIDE_STYLE('',(#13666,#13656));
#13663=SURFACE_SIDE_STYLE('',(#13667,#13657));
#13664=SURFACE_SIDE_STYLE('',(#13668));
#13665=SURFACE_STYLE_FILL_AREA(#13669);
#13666=SURFACE_STYLE_FILL_AREA(#13670);
#13667=SURFACE_STYLE_FILL_AREA(#13671);
#13668=SURFACE_STYLE_FILL_AREA(#13672);
#13669=FILL_AREA_STYLE('',(#13673));
#13670=FILL_AREA_STYLE('',(#13674));
#13671=FILL_AREA_STYLE('',(#13675));
#13672=FILL_AREA_STYLE('',(#13676));
#13673=FILL_AREA_STYLE_COLOUR('',#13677);
#13674=FILL_AREA_STYLE_COLOUR('',#13678);
#13675=FILL_AREA_STYLE_COLOUR('',#13679);
#13676=FILL_AREA_STYLE_COLOUR('',#13680);
#13677=COLOUR_RGB('',0.749019607843137,0.749019607843137,0.749019607843137);
#13678=COLOUR_RGB('',0.250980392156863,0.250980392156863,0.250980392156863);
#13679=COLOUR_RGB('',0.501960784313725,0.501960784313725,0.501960784313725);
#13680=COLOUR_RGB('',1.,1.,0.);
ENDSEC;
END-ISO-10303-21;
