ISO-10303-21;

HEADER;
FILE_DESCRIPTION((' '),'2;1');
FILE_NAME( 'Metal Probe.stp',
           '2026-03-27T15:57:49',
           (' '),
           ('--- Datakit www.datakit.com---'),
           ' Datakit CrossCadWare V2025.1  Jan  3 2025',
           'Mastercam 2025',
           ' ');
FILE_SCHEMA(('AUTOMOTIVE_DESIGN { 1 0 10303 214 1 1 1 1 }'));
ENDSEC;

DATA;
#1=APPLICATION_CONTEXT('core data for automotive mechanical design processes');
#2=APPLICATION_PROTOCOL_DEFINITION('international standard','automotive_design',2000,#1);
#3=(LENGTH_UNIT()NAMED_UNIT(*)SI_UNIT(.MILLI.,.METRE.));
#4=(NAMED_UNIT(*)PLANE_ANGLE_UNIT()SI_UNIT($,.RADIAN.));
#5=( GEOMETRIC_REPRESENTATION_CONTEXT(3)
       GLOBAL_UNCERTAINTY_ASSIGNED_CONTEXT((#6)) GLOBAL_UNIT_ASSIGNED_CONTEXT
  ((#3,#4)) REPRESENTATION_CONTEXT('Context #1',
  '3D Context with UNIT and UNCERTAINTY') );
#6=UNCERTAINTY_MEASURE_WITH_UNIT(LENGTH_MEASURE(0.005),#3,'distance_accuracy_value','Confusion accuracy');
#7=PRODUCT_CONTEXT('',#1,'mechanical');
#8=PRODUCT('Metal Probe','','',(#7));
#9=PRODUCT_DEFINITION_FORMATION('','',#8);
#10=PRODUCT_DEFINITION_CONTEXT('part definition',#1,'design');
#11=PRODUCT_DEFINITION('design','',#9,#10);
#12=PRODUCT_DEFINITION_SHAPE('','',#11);
#13=PRODUCT_CATEGORY('part',$);
#14=PRODUCT_RELATED_PRODUCT_CATEGORY('part',$,(#8));
#15=PRODUCT_CATEGORY_RELATIONSHIP('','',#13,#14);
#16=CARTESIAN_POINT('',(2.0,0.0,2.0));
#17=VERTEX_POINT('',#16);
#18=CARTESIAN_POINT('',(-2.0,0.0,2.0));
#19=VERTEX_POINT('',#18);
#20=CARTESIAN_POINT('',(0.0,0.0,2.0));
#21=DIRECTION('',(0.0,0.0,-1.0));
#22=DIRECTION('',(-1.0,0.0,0.0));
#23=AXIS2_PLACEMENT_3D('',#20,#21,#22);
#24=CIRCLE('',#23,2.0);
#25=EDGE_CURVE('no 136',#17,#19,#24,.T.);
#26=ORIENTED_EDGE('',*,*,#25,.F.);
#27=CARTESIAN_POINT('',(0.0,0.0,2.0));
#28=DIRECTION('',(0.0,0.0,-1.0));
#29=DIRECTION('',(-1.0,0.0,0.0));
#30=AXIS2_PLACEMENT_3D('',#27,#28,#29);
#31=CIRCLE('',#30,2.0);
#32=EDGE_CURVE('no 140',#19,#17,#31,.T.);
#33=ORIENTED_EDGE('',*,*,#32,.F.);
#34=EDGE_LOOP('',(#26,#33));
#35=FACE_BOUND('',#34,.T.);
#36=CARTESIAN_POINT('',(1.4704264898,-4.5255074003,2.0));
#37=VERTEX_POINT('',#36);
#38=CARTESIAN_POINT('',(4.7584000769,0.0,2.0));
#39=VERTEX_POINT('',#38);
#40=CARTESIAN_POINT('',(0.0,0.0,2.0));
#41=DIRECTION('',(0.0,0.0,1.0));
#42=DIRECTION('',(1.0,0.0,0.0));
#43=AXIS2_PLACEMENT_3D('',#40,#41,#42);
#44=CIRCLE('',#43,4.7584000769);
#45=EDGE_CURVE('no 149',#37,#39,#44,.T.);
#46=ORIENTED_EDGE('',*,*,#45,.F.);
#47=CARTESIAN_POINT('',(-1.4704264898,4.5255074003,2.0));
#48=VERTEX_POINT('',#47);
#49=CARTESIAN_POINT('',(0.0,0.0,2.0));
#50=DIRECTION('',(0.0,0.0,1.0));
#51=DIRECTION('',(1.0,0.0,0.0));
#52=AXIS2_PLACEMENT_3D('',#49,#50,#51);
#53=CIRCLE('',#52,4.7584000769);
#54=EDGE_CURVE('no 155',#48,#37,#53,.T.);
#55=ORIENTED_EDGE('',*,*,#54,.F.);
#56=CARTESIAN_POINT('',(0.0,0.0,2.0));
#57=DIRECTION('',(0.0,0.0,1.0));
#58=DIRECTION('',(1.0,0.0,0.0));
#59=AXIS2_PLACEMENT_3D('',#56,#57,#58);
#60=CIRCLE('',#59,4.7584000769);
#61=EDGE_CURVE('no 159',#39,#48,#60,.T.);
#62=ORIENTED_EDGE('',*,*,#61,.F.);
#63=EDGE_LOOP('',(#46,#55,#62));
#64=FACE_OUTER_BOUND('',#63,.T.);
#65=CARTESIAN_POINT('',(-4.7584000769,0.0,2.0));
#66=DIRECTION('',(0.0,0.0,-1.0));
#67=DIRECTION('',(-1.0,0.0,0.0));
#68=AXIS2_PLACEMENT_3D('',#65,#66,#67);
#69=PLANE('',#68);
#70=ADVANCED_FACE('no 127',(#35,#64),#69,.T.);
#71=CARTESIAN_POINT('',(1.5141280922,-4.6600071027,2.0585786438));
#72=VERTEX_POINT('',#71);
#73=CARTESIAN_POINT('',(1.4704264898,-4.5255074003,2.2));
#74=DIRECTION('',(0.9510565163,0.3090169944,-0.0));
#75=DIRECTION('',(0.2185080122,-0.672498512,-0.7071067812));
#76=AXIS2_PLACEMENT_3D('',#73,#74,#75);
#77=CIRCLE('',#76,0.2);
#78=EDGE_CURVE('no 169',#72,#37,#77,.T.);
#79=ORIENTED_EDGE('',*,*,#78,.T.);
#80=ORIENTED_EDGE('',*,*,#45,.T.);
#81=ORIENTED_EDGE('',*,*,#61,.T.);
#82=CARTESIAN_POINT('',(-1.5141280922,4.6600071027,2.0585786438));
#83=VERTEX_POINT('',#82);
#84=CARTESIAN_POINT('',(-1.4704264898,4.5255074003,2.2));
#85=DIRECTION('',(-0.9510565163,-0.3090169944,-0.0));
#86=DIRECTION('',(-0.2185080122,0.672498512,-0.7071067812));
#87=AXIS2_PLACEMENT_3D('',#84,#85,#86);
#88=CIRCLE('',#87,0.2);
#89=EDGE_CURVE('no 179',#83,#48,#88,.T.);
#90=ORIENTED_EDGE('',*,*,#89,.F.);
#91=CARTESIAN_POINT('',(4.8998214331,0.0,2.0585786438));
#92=VERTEX_POINT('',#91);
#93=CARTESIAN_POINT('',(0.0,0.0,2.0585786438));
#94=DIRECTION('',(0.0,0.0,1.0));
#95=DIRECTION('',(1.0,0.0,0.0));
#96=AXIS2_PLACEMENT_3D('',#93,#94,#95);
#97=CIRCLE('',#96,4.8998214331);
#98=EDGE_CURVE('no 185',#92,#83,#97,.T.);
#99=ORIENTED_EDGE('',*,*,#98,.F.);
#100=CARTESIAN_POINT('',(0.0,0.0,2.0585786438));
#101=DIRECTION('',(0.0,0.0,1.0));
#102=DIRECTION('',(1.0,0.0,0.0));
#103=AXIS2_PLACEMENT_3D('',#100,#101,#102);
#104=CIRCLE('',#103,4.8998214331);
#105=EDGE_CURVE('no 189',#72,#92,#104,.T.);
#106=ORIENTED_EDGE('',*,*,#105,.F.);
#107=EDGE_LOOP('',(#79,#80,#81,#90,#99,#106));
#108=FACE_OUTER_BOUND('',#107,.T.);
#109=CARTESIAN_POINT('',(0.0,0.0,2.2));
#110=DIRECTION('',(0.0,0.0,1.0));
#111=DIRECTION('',(-0.9510565163,-0.3090169944,0.0));
#112=AXIS2_PLACEMENT_3D('',#109,#110,#111);
#113=TOROIDAL_SURFACE('',#112,4.7584000769,0.2);
#114=ADVANCED_FACE('no 162',(#108),#113,.T.);
#115=CARTESIAN_POINT('',(-4.8998214331,0.0,2.0585786438));
#116=VERTEX_POINT('',#115);
#117=CARTESIAN_POINT('',(-7.7414213562,0.0,4.9001785669));
#118=VERTEX_POINT('',#117);
#119=CARTESIAN_POINT('',(-4.8998214331,0.0,2.0585786438));
#120=DIRECTION('',(-0.7071067812,0.0,0.7071067812));
#121=VECTOR('',#120,1.0);
#122=LINE('',#119,#121);
#123=EDGE_CURVE('no 201',#116,#118,#122,.T.);
#124=ORIENTED_EDGE('',*,*,#123,.F.);
#125=CARTESIAN_POINT('',(0.0,0.0,2.0585786438));
#126=DIRECTION('',(0.0,0.0,1.0));
#127=DIRECTION('',(1.0,0.0,0.0));
#128=AXIS2_PLACEMENT_3D('',#125,#126,#127);
#129=CIRCLE('',#128,4.8998214331);
#130=EDGE_CURVE('no 205',#116,#72,#129,.T.);
#131=ORIENTED_EDGE('',*,*,#130,.T.);
#132=ORIENTED_EDGE('',*,*,#105,.T.);
#133=CARTESIAN_POINT('',(7.7414213562,0.0,4.9001785669));
#134=VERTEX_POINT('',#133);
#135=CARTESIAN_POINT('',(4.8998214331,0.0,2.0585786438));
#136=DIRECTION('',(0.7071067812,0.0,0.7071067812));
#137=VECTOR('',#136,1.0);
#138=LINE('',#135,#137);
#139=EDGE_CURVE('no 213',#92,#134,#138,.T.);
#140=ORIENTED_EDGE('',*,*,#139,.T.);
#141=CARTESIAN_POINT('',(2.3922307597,-7.3625292262,4.9001785669));
#142=VERTEX_POINT('',#141);
#143=CARTESIAN_POINT('',(0.0,0.0,4.9001785669));
#144=DIRECTION('',(0.0,0.0,1.0));
#145=DIRECTION('',(1.0,0.0,0.0));
#146=AXIS2_PLACEMENT_3D('',#143,#144,#145);
#147=CIRCLE('',#146,7.7414213562);
#148=EDGE_CURVE('no 219',#142,#134,#147,.T.);
#149=ORIENTED_EDGE('',*,*,#148,.F.);
#150=CARTESIAN_POINT('',(0.0,0.0,4.9001785669));
#151=DIRECTION('',(0.0,0.0,1.0));
#152=DIRECTION('',(1.0,0.0,0.0));
#153=AXIS2_PLACEMENT_3D('',#150,#151,#152);
#154=CIRCLE('',#153,7.7414213562);
#155=EDGE_CURVE('no 223',#118,#142,#154,.T.);
#156=ORIENTED_EDGE('',*,*,#155,.F.);
#157=EDGE_LOOP('',(#124,#131,#132,#140,#149,#156));
#158=FACE_OUTER_BOUND('',#157,.T.);
#159=CARTESIAN_POINT('',(0.0,0.0,4.9001785669));
#160=DIRECTION('',(0.0,0.0,1.0));
#161=DIRECTION('',(0.0,1.0,0.0));
#162=AXIS2_PLACEMENT_3D('',#159,#160,#161);
#163=CONICAL_SURFACE('',#162,7.7414213562,0.7853981634);
#164=ADVANCED_FACE('no 192',(#158),#163,.T.);
#165=CARTESIAN_POINT('',(2.4103325561,-7.4182408271,5.0415999231));
#166=VERTEX_POINT('',#165);
#167=CARTESIAN_POINT('',(2.3485291572,-7.2280295238,5.0415999231));
#168=DIRECTION('',(0.9510565163,0.3090169944,0.0));
#169=DIRECTION('',(0.3090169944,-0.9510565163,0.0));
#170=AXIS2_PLACEMENT_3D('',#167,#168,#169);
#171=CIRCLE('',#170,0.2);
#172=EDGE_CURVE('no 233',#166,#142,#171,.T.);
#173=ORIENTED_EDGE('',*,*,#172,.T.);
#174=ORIENTED_EDGE('',*,*,#148,.T.);
#175=CARTESIAN_POINT('',(-2.3922307597,7.3625292262,4.9001785669));
#176=VERTEX_POINT('',#175);
#177=CARTESIAN_POINT('',(0.0,0.0,4.9001785669));
#178=DIRECTION('',(0.0,0.0,1.0));
#179=DIRECTION('',(1.0,0.0,0.0));
#180=AXIS2_PLACEMENT_3D('',#177,#178,#179);
#181=CIRCLE('',#180,7.7414213562);
#182=EDGE_CURVE('no 241',#134,#176,#181,.T.);
#183=ORIENTED_EDGE('',*,*,#182,.T.);
#184=CARTESIAN_POINT('',(-2.4103325561,7.4182408271,5.0415999231));
#185=VERTEX_POINT('',#184);
#186=CARTESIAN_POINT('',(-2.3485291572,7.2280295238,5.0415999231));
#187=DIRECTION('',(-0.9510565163,-0.3090169944,0.0));
#188=DIRECTION('',(-0.3090169944,0.9510565163,0.0));
#189=AXIS2_PLACEMENT_3D('',#186,#187,#188);
#190=CIRCLE('',#189,0.2);
#191=EDGE_CURVE('no 247',#185,#176,#190,.T.);
#192=ORIENTED_EDGE('',*,*,#191,.F.);
#193=CARTESIAN_POINT('',(7.8,0.0,5.0415999231));
#194=VERTEX_POINT('',#193);
#195=CARTESIAN_POINT('',(0.0,0.0,5.0415999231));
#196=DIRECTION('',(0.0,0.0,1.0));
#197=DIRECTION('',(1.0,0.0,0.0));
#198=AXIS2_PLACEMENT_3D('',#195,#196,#197);
#199=CIRCLE('',#198,7.8);
#200=EDGE_CURVE('no 253',#194,#185,#199,.T.);
#201=ORIENTED_EDGE('',*,*,#200,.F.);
#202=CARTESIAN_POINT('',(0.0,0.0,5.0415999231));
#203=DIRECTION('',(0.0,0.0,1.0));
#204=DIRECTION('',(1.0,0.0,0.0));
#205=AXIS2_PLACEMENT_3D('',#202,#203,#204);
#206=CIRCLE('',#205,7.8);
#207=EDGE_CURVE('no 257',#166,#194,#206,.T.);
#208=ORIENTED_EDGE('',*,*,#207,.F.);
#209=EDGE_LOOP('',(#173,#174,#183,#192,#201,#208));
#210=FACE_OUTER_BOUND('',#209,.T.);
#211=CARTESIAN_POINT('',(0.0,0.0,5.0415999231));
#212=DIRECTION('',(0.0,0.0,1.0));
#213=DIRECTION('',(-0.9510565163,-0.3090169944,0.0));
#214=AXIS2_PLACEMENT_3D('',#211,#212,#213);
#215=TOROIDAL_SURFACE('',#214,7.6,0.2);
#216=ADVANCED_FACE('no 226',(#210),#215,.T.);
#217=CARTESIAN_POINT('',(-7.8,0.0,5.0415999231));
#218=VERTEX_POINT('',#217);
#219=CARTESIAN_POINT('',(-7.8,0.0,5.8));
#220=VERTEX_POINT('',#219);
#221=CARTESIAN_POINT('',(-7.8,0.0,5.0415999231));
#222=DIRECTION('',(0.0,0.0,1.0));
#223=VECTOR('',#222,1.0);
#224=LINE('',#221,#223);
#225=EDGE_CURVE('no 269',#218,#220,#224,.T.);
#226=ORIENTED_EDGE('',*,*,#225,.F.);
#227=CARTESIAN_POINT('',(0.0,0.0,5.0415999231));
#228=DIRECTION('',(0.0,0.0,1.0));
#229=DIRECTION('',(1.0,0.0,0.0));
#230=AXIS2_PLACEMENT_3D('',#227,#228,#229);
#231=CIRCLE('',#230,7.8);
#232=EDGE_CURVE('no 273',#218,#166,#231,.T.);
#233=ORIENTED_EDGE('',*,*,#232,.T.);
#234=ORIENTED_EDGE('',*,*,#207,.T.);
#235=CARTESIAN_POINT('',(7.8,0.0,5.8));
#236=VERTEX_POINT('',#235);
#237=CARTESIAN_POINT('',(7.8,0.0,5.0415999231));
#238=DIRECTION('',(0.0,0.0,1.0));
#239=VECTOR('',#238,1.0);
#240=LINE('',#237,#239);
#241=EDGE_CURVE('no 281',#194,#236,#240,.T.);
#242=ORIENTED_EDGE('',*,*,#241,.T.);
#243=CARTESIAN_POINT('',(2.4103325561,-7.4182408271,5.8));
#244=VERTEX_POINT('',#243);
#245=CARTESIAN_POINT('',(0.0,0.0,5.8));
#246=DIRECTION('',(0.0,0.0,1.0));
#247=DIRECTION('',(1.0,0.0,0.0));
#248=AXIS2_PLACEMENT_3D('',#245,#246,#247);
#249=CIRCLE('',#248,7.8);
#250=EDGE_CURVE('no 287',#244,#236,#249,.T.);
#251=ORIENTED_EDGE('',*,*,#250,.F.);
#252=CARTESIAN_POINT('',(0.0,0.0,5.8));
#253=DIRECTION('',(0.0,0.0,1.0));
#254=DIRECTION('',(1.0,0.0,0.0));
#255=AXIS2_PLACEMENT_3D('',#252,#253,#254);
#256=CIRCLE('',#255,7.8);
#257=EDGE_CURVE('no 291',#220,#244,#256,.T.);
#258=ORIENTED_EDGE('',*,*,#257,.F.);
#259=EDGE_LOOP('',(#226,#233,#234,#242,#251,#258));
#260=FACE_OUTER_BOUND('',#259,.T.);
#261=CARTESIAN_POINT('',(0.0,0.0,6.0));
#262=DIRECTION('',(0.0,0.0,1.0));
#263=DIRECTION('',(0.0,1.0,0.0));
#264=AXIS2_PLACEMENT_3D('',#261,#262,#263);
#265=CYLINDRICAL_SURFACE('',#264,7.8);
#266=ADVANCED_FACE('no 260',(#260),#265,.T.);
#267=CARTESIAN_POINT('',(2.3485291572,-7.2280295238,6.0));
#268=VERTEX_POINT('',#267);
#269=CARTESIAN_POINT('',(2.3485291572,-7.2280295238,5.8));
#270=DIRECTION('',(0.9510565163,0.3090169944,-0.0));
#271=DIRECTION('',(0.0,0.0,1.0));
#272=AXIS2_PLACEMENT_3D('',#269,#270,#271);
#273=CIRCLE('',#272,0.2);
#274=EDGE_CURVE('no 301',#268,#244,#273,.T.);
#275=ORIENTED_EDGE('',*,*,#274,.T.);
#276=ORIENTED_EDGE('',*,*,#250,.T.);
#277=CARTESIAN_POINT('',(-2.4103325561,7.4182408271,5.8));
#278=VERTEX_POINT('',#277);
#279=CARTESIAN_POINT('',(0.0,0.0,5.8));
#280=DIRECTION('',(0.0,0.0,1.0));
#281=DIRECTION('',(1.0,0.0,0.0));
#282=AXIS2_PLACEMENT_3D('',#279,#280,#281);
#283=CIRCLE('',#282,7.8);
#284=EDGE_CURVE('no 309',#236,#278,#283,.T.);
#285=ORIENTED_EDGE('',*,*,#284,.T.);
#286=CARTESIAN_POINT('',(-2.3485291572,7.2280295238,6.0));
#287=VERTEX_POINT('',#286);
#288=CARTESIAN_POINT('',(-2.3485291572,7.2280295238,5.8));
#289=DIRECTION('',(-0.9510565163,-0.3090169944,-0.0));
#290=DIRECTION('',(-0.0,0.0,1.0));
#291=AXIS2_PLACEMENT_3D('',#288,#289,#290);
#292=CIRCLE('',#291,0.2);
#293=EDGE_CURVE('no 315',#287,#278,#292,.T.);
#294=ORIENTED_EDGE('',*,*,#293,.F.);
#295=CARTESIAN_POINT('',(0.0,0.0,6.0));
#296=DIRECTION('',(0.0,-0.0,1.0));
#297=DIRECTION('',(-1.0,0.0,0.0));
#298=AXIS2_PLACEMENT_3D('',#295,#296,#297);
#299=CIRCLE('',#298,7.6);
#300=EDGE_CURVE('no 319',#268,#287,#299,.T.);
#301=ORIENTED_EDGE('',*,*,#300,.F.);
#302=EDGE_LOOP('',(#275,#276,#285,#294,#301));
#303=FACE_OUTER_BOUND('',#302,.T.);
#304=CARTESIAN_POINT('',(0.0,0.0,5.8));
#305=DIRECTION('',(0.0,0.0,1.0));
#306=DIRECTION('',(-0.9510565163,-0.3090169944,0.0));
#307=AXIS2_PLACEMENT_3D('',#304,#305,#306);
#308=TOROIDAL_SURFACE('',#307,7.6,0.2);
#309=ADVANCED_FACE('no 294',(#303),#308,.T.);
#310=CARTESIAN_POINT('',(2.0,0.0,6.0));
#311=VERTEX_POINT('',#310);
#312=CARTESIAN_POINT('',(-2.0,0.0,6.0));
#313=VERTEX_POINT('',#312);
#314=CARTESIAN_POINT('',(0.0,0.0,6.0));
#315=DIRECTION('',(0.0,-0.0,1.0));
#316=DIRECTION('',(-1.0,0.0,0.0));
#317=AXIS2_PLACEMENT_3D('',#314,#315,#316);
#318=CIRCLE('',#317,2.0);
#319=EDGE_CURVE('no 330',#311,#313,#318,.T.);
#320=ORIENTED_EDGE('',*,*,#319,.F.);
#321=CARTESIAN_POINT('',(0.0,0.0,6.0));
#322=DIRECTION('',(0.0,-0.0,1.0));
#323=DIRECTION('',(-1.0,0.0,0.0));
#324=AXIS2_PLACEMENT_3D('',#321,#322,#323);
#325=CIRCLE('',#324,2.0);
#326=EDGE_CURVE('no 334',#313,#311,#325,.T.);
#327=ORIENTED_EDGE('',*,*,#326,.F.);
#328=EDGE_LOOP('',(#320,#327));
#329=FACE_BOUND('',#328,.T.);
#330=CARTESIAN_POINT('',(-7.6,0.0,6.0));
#331=VERTEX_POINT('',#330);
#332=CARTESIAN_POINT('',(0.0,0.0,6.0));
#333=DIRECTION('',(0.0,-0.0,1.0));
#334=DIRECTION('',(-1.0,0.0,0.0));
#335=AXIS2_PLACEMENT_3D('',#332,#333,#334);
#336=CIRCLE('',#335,7.6);
#337=EDGE_CURVE('no 341',#331,#268,#336,.T.);
#338=ORIENTED_EDGE('',*,*,#337,.T.);
#339=ORIENTED_EDGE('',*,*,#300,.T.);
#340=CARTESIAN_POINT('',(0.0,0.0,6.0));
#341=DIRECTION('',(0.0,-0.0,1.0));
#342=DIRECTION('',(-1.0,0.0,0.0));
#343=AXIS2_PLACEMENT_3D('',#340,#341,#342);
#344=CIRCLE('',#343,7.6);
#345=EDGE_CURVE('no 347',#287,#331,#344,.T.);
#346=ORIENTED_EDGE('',*,*,#345,.T.);
#347=EDGE_LOOP('',(#338,#339,#346));
#348=FACE_OUTER_BOUND('',#347,.T.);
#349=CARTESIAN_POINT('',(-7.6,0.0,6.0));
#350=DIRECTION('',(0.0,0.0,-1.0));
#351=DIRECTION('',(-1.0,0.0,0.0));
#352=AXIS2_PLACEMENT_3D('',#349,#350,#351);
#353=PLANE('',#352);
#354=ADVANCED_FACE('no 321',(#329,#348),#353,.F.);
#355=CARTESIAN_POINT('',(-2.0,0.0,2.0));
#356=DIRECTION('',(0.0,0.0,1.0));
#357=VECTOR('',#356,1.0);
#358=LINE('',#355,#357);
#359=EDGE_CURVE('no 355',#19,#313,#358,.T.);
#360=ORIENTED_EDGE('',*,*,#359,.T.);
#361=ORIENTED_EDGE('',*,*,#326,.T.);
#362=CARTESIAN_POINT('',(2.0,0.0,2.0));
#363=DIRECTION('',(0.0,0.0,1.0));
#364=VECTOR('',#363,1.0);
#365=LINE('',#362,#364);
#366=EDGE_CURVE('no 361',#17,#311,#365,.T.);
#367=ORIENTED_EDGE('',*,*,#366,.F.);
#368=ORIENTED_EDGE('',*,*,#25,.T.);
#369=EDGE_LOOP('',(#360,#361,#367,#368));
#370=FACE_OUTER_BOUND('',#369,.T.);
#371=CARTESIAN_POINT('',(0.0,0.0,1.0));
#372=DIRECTION('',(0.0,0.0,1.0));
#373=DIRECTION('',(0.0,1.0,0.0));
#374=AXIS2_PLACEMENT_3D('',#371,#372,#373);
#375=CYLINDRICAL_SURFACE('',#374,2.0);
#376=ADVANCED_FACE('no 350',(#370),#375,.F.);
#377=ORIENTED_EDGE('',*,*,#78,.F.);
#378=ORIENTED_EDGE('',*,*,#130,.F.);
#379=CARTESIAN_POINT('',(0.0,0.0,2.0585786438));
#380=DIRECTION('',(0.0,0.0,1.0));
#381=DIRECTION('',(1.0,0.0,0.0));
#382=AXIS2_PLACEMENT_3D('',#379,#380,#381);
#383=CIRCLE('',#382,4.8998214331);
#384=EDGE_CURVE('no 375',#83,#116,#383,.T.);
#385=ORIENTED_EDGE('',*,*,#384,.F.);
#386=ORIENTED_EDGE('',*,*,#89,.T.);
#387=ORIENTED_EDGE('',*,*,#54,.T.);
#388=EDGE_LOOP('',(#377,#378,#385,#386,#387));
#389=FACE_OUTER_BOUND('',#388,.T.);
#390=CARTESIAN_POINT('',(0.0,0.0,2.2));
#391=DIRECTION('',(0.0,0.0,1.0));
#392=DIRECTION('',(0.9510565163,0.3090169944,0.0));
#393=AXIS2_PLACEMENT_3D('',#390,#391,#392);
#394=TOROIDAL_SURFACE('',#393,4.7584000769,0.2);
#395=ADVANCED_FACE('no 366',(#389),#394,.T.);
#396=ORIENTED_EDGE('',*,*,#123,.T.);
#397=CARTESIAN_POINT('',(0.0,0.0,4.9001785669));
#398=DIRECTION('',(0.0,0.0,1.0));
#399=DIRECTION('',(1.0,0.0,0.0));
#400=AXIS2_PLACEMENT_3D('',#397,#398,#399);
#401=CIRCLE('',#400,7.7414213562);
#402=EDGE_CURVE('no 389',#176,#118,#401,.T.);
#403=ORIENTED_EDGE('',*,*,#402,.F.);
#404=ORIENTED_EDGE('',*,*,#182,.F.);
#405=ORIENTED_EDGE('',*,*,#139,.F.);
#406=ORIENTED_EDGE('',*,*,#98,.T.);
#407=ORIENTED_EDGE('',*,*,#384,.T.);
#408=EDGE_LOOP('',(#396,#403,#404,#405,#406,#407));
#409=FACE_OUTER_BOUND('',#408,.T.);
#410=CARTESIAN_POINT('',(0.0,0.0,4.9001785669));
#411=DIRECTION('',(0.0,0.0,1.0));
#412=DIRECTION('',(0.0,-1.0,0.0));
#413=AXIS2_PLACEMENT_3D('',#410,#411,#412);
#414=CONICAL_SURFACE('',#413,7.7414213562,0.7853981634);
#415=ADVANCED_FACE('no 382',(#409),#414,.T.);
#416=ORIENTED_EDGE('',*,*,#172,.F.);
#417=ORIENTED_EDGE('',*,*,#232,.F.);
#418=CARTESIAN_POINT('',(0.0,0.0,5.0415999231));
#419=DIRECTION('',(0.0,0.0,1.0));
#420=DIRECTION('',(1.0,0.0,0.0));
#421=AXIS2_PLACEMENT_3D('',#418,#419,#420);
#422=CIRCLE('',#421,7.8);
#423=EDGE_CURVE('no 409',#185,#218,#422,.T.);
#424=ORIENTED_EDGE('',*,*,#423,.F.);
#425=ORIENTED_EDGE('',*,*,#191,.T.);
#426=ORIENTED_EDGE('',*,*,#402,.T.);
#427=ORIENTED_EDGE('',*,*,#155,.T.);
#428=EDGE_LOOP('',(#416,#417,#424,#425,#426,#427));
#429=FACE_OUTER_BOUND('',#428,.T.);
#430=CARTESIAN_POINT('',(0.0,0.0,5.0415999231));
#431=DIRECTION('',(0.0,0.0,1.0));
#432=DIRECTION('',(0.9510565163,0.3090169944,0.0));
#433=AXIS2_PLACEMENT_3D('',#430,#431,#432);
#434=TOROIDAL_SURFACE('',#433,7.6,0.2);
#435=ADVANCED_FACE('no 400',(#429),#434,.T.);
#436=ORIENTED_EDGE('',*,*,#225,.T.);
#437=CARTESIAN_POINT('',(0.0,0.0,5.8));
#438=DIRECTION('',(0.0,0.0,1.0));
#439=DIRECTION('',(1.0,0.0,0.0));
#440=AXIS2_PLACEMENT_3D('',#437,#438,#439);
#441=CIRCLE('',#440,7.8);
#442=EDGE_CURVE('no 425',#278,#220,#441,.T.);
#443=ORIENTED_EDGE('',*,*,#442,.F.);
#444=ORIENTED_EDGE('',*,*,#284,.F.);
#445=ORIENTED_EDGE('',*,*,#241,.F.);
#446=ORIENTED_EDGE('',*,*,#200,.T.);
#447=ORIENTED_EDGE('',*,*,#423,.T.);
#448=EDGE_LOOP('',(#436,#443,#444,#445,#446,#447));
#449=FACE_OUTER_BOUND('',#448,.T.);
#450=CARTESIAN_POINT('',(0.0,0.0,6.0));
#451=DIRECTION('',(0.0,0.0,1.0));
#452=DIRECTION('',(0.0,-1.0,0.0));
#453=AXIS2_PLACEMENT_3D('',#450,#451,#452);
#454=CYLINDRICAL_SURFACE('',#453,7.8);
#455=ADVANCED_FACE('no 418',(#449),#454,.T.);
#456=ORIENTED_EDGE('',*,*,#274,.F.);
#457=ORIENTED_EDGE('',*,*,#337,.F.);
#458=ORIENTED_EDGE('',*,*,#345,.F.);
#459=ORIENTED_EDGE('',*,*,#293,.T.);
#460=ORIENTED_EDGE('',*,*,#442,.T.);
#461=ORIENTED_EDGE('',*,*,#257,.T.);
#462=EDGE_LOOP('',(#456,#457,#458,#459,#460,#461));
#463=FACE_OUTER_BOUND('',#462,.T.);
#464=CARTESIAN_POINT('',(0.0,0.0,5.8));
#465=DIRECTION('',(0.0,0.0,1.0));
#466=DIRECTION('',(0.9510565163,0.3090169944,0.0));
#467=AXIS2_PLACEMENT_3D('',#464,#465,#466);
#468=TOROIDAL_SURFACE('',#467,7.6,0.2);
#469=ADVANCED_FACE('no 436',(#463),#468,.T.);
#470=ORIENTED_EDGE('',*,*,#359,.F.);
#471=ORIENTED_EDGE('',*,*,#32,.T.);
#472=ORIENTED_EDGE('',*,*,#366,.T.);
#473=ORIENTED_EDGE('',*,*,#319,.T.);
#474=EDGE_LOOP('',(#470,#471,#472,#473));
#475=FACE_OUTER_BOUND('',#474,.T.);
#476=CARTESIAN_POINT('',(0.0,0.0,1.0));
#477=DIRECTION('',(0.0,0.0,1.0));
#478=DIRECTION('',(0.0,-1.0,0.0));
#479=AXIS2_PLACEMENT_3D('',#476,#477,#478);
#480=CYLINDRICAL_SURFACE('',#479,2.0);
#481=ADVANCED_FACE('no 452',(#475),#480,.F.);
#482=CLOSED_SHELL('PEEK Idler',(
    #70,#114,#164,#216,#266,#309,#354,#376,#395,#415,
    #435,#455,#469,#481));
#483=MANIFOLD_SOLID_BREP('PEEK Idler',#482);
#484=PRESENTATION_LAYER_ASSIGNMENT('101','Layer 101',(#483));
#485=COLOUR_RGB('',0.4,0.4,0.4);
#486=FILL_AREA_STYLE_COLOUR('',#485);
#487=FILL_AREA_STYLE('',(#486));
#488=SURFACE_STYLE_FILL_AREA(#487);
#489=SURFACE_SIDE_STYLE('',(#488));
#490=SURFACE_STYLE_USAGE(.BOTH.,#489);
#491=PRESENTATION_STYLE_ASSIGNMENT((#490));
#492=STYLED_ITEM('',(#491),#483);
#493=CARTESIAN_POINT('',(-8.0,0.0,4.175));
#494=VERTEX_POINT('',#493);
#495=CARTESIAN_POINT('',(-8.0,0.0,-0.575));
#496=VERTEX_POINT('',#495);
#497=CARTESIAN_POINT('',(-8.0,0.0,1.8));
#498=DIRECTION('',(1.0,-0.0,-0.0));
#499=DIRECTION('',(0.0,-0.0,1.0));
#500=AXIS2_PLACEMENT_3D('',#497,#498,#499);
#501=CIRCLE('',#500,2.375);
#502=EDGE_CURVE('no 488',#494,#496,#501,.T.);
#503=ORIENTED_EDGE('',*,*,#502,.T.);
#504=CARTESIAN_POINT('',(-8.0,0.0,1.8));
#505=DIRECTION('',(-1.0,0.0,0.0));
#506=DIRECTION('',(0.0,0.0,1.0));
#507=AXIS2_PLACEMENT_3D('',#504,#505,#506);
#508=CIRCLE('',#507,2.375);
#509=EDGE_CURVE('no 495',#494,#496,#508,.T.);
#510=ORIENTED_EDGE('',*,*,#509,.F.);
#511=EDGE_LOOP('',(#503,#510));
#512=FACE_OUTER_BOUND('',#511,.T.);
#513=CARTESIAN_POINT('',(-8.0,0.0,1.8));
#514=DIRECTION('',(0.0,0.0,1.0));
#515=DIRECTION('',(-1.0,0.0,0.0));
#516=AXIS2_PLACEMENT_3D('',#513,#514,#515);
#517=SPHERICAL_SURFACE('',#516,2.375);
#518=ADVANCED_FACE('no 479',(#512),#517,.T.);
#519=ORIENTED_EDGE('',*,*,#502,.F.);
#520=ORIENTED_EDGE('',*,*,#509,.T.);
#521=EDGE_LOOP('',(#519,#520));
#522=FACE_OUTER_BOUND('',#521,.T.);
#523=CARTESIAN_POINT('',(-8.0,0.0,1.8));
#524=DIRECTION('',(0.0,0.0,1.0));
#525=DIRECTION('',(1.0,0.0,0.0));
#526=AXIS2_PLACEMENT_3D('',#523,#524,#525);
#527=SPHERICAL_SURFACE('',#526,2.375);
#528=ADVANCED_FACE('no 501',(#522),#527,.T.);
#529=CLOSED_SHELL('Ball 1',(#518,#528));
#530=MANIFOLD_SOLID_BREP('Ball 1',#529);
#531=PRESENTATION_LAYER_ASSIGNMENT('106','Layer 106',(#530));
#532=DRAUGHTING_PRE_DEFINED_COLOUR('white');
#533=FILL_AREA_STYLE_COLOUR('',#532);
#534=FILL_AREA_STYLE('',(#533));
#535=SURFACE_STYLE_FILL_AREA(#534);
#536=SURFACE_SIDE_STYLE('',(#535));
#537=SURFACE_STYLE_USAGE(.BOTH.,#536);
#538=PRESENTATION_STYLE_ASSIGNMENT((#537));
#539=STYLED_ITEM('',(#538),#530);
#540=CARTESIAN_POINT('',(-0.0,-8.0,4.175));
#541=VERTEX_POINT('',#540);
#542=CARTESIAN_POINT('',(-0.0,-8.0,-0.575));
#543=VERTEX_POINT('',#542);
#544=CARTESIAN_POINT('',(-0.0,-8.0,1.8));
#545=DIRECTION('',(0.0,1.0,-0.0));
#546=DIRECTION('',(0.0,0.0,1.0));
#547=AXIS2_PLACEMENT_3D('',#544,#545,#546);
#548=CIRCLE('',#547,2.375);
#549=EDGE_CURVE('no 539',#541,#543,#548,.T.);
#550=ORIENTED_EDGE('',*,*,#549,.T.);
#551=CARTESIAN_POINT('',(-0.0,-8.0,1.8));
#552=DIRECTION('',(-0.0,-1.0,-0.0));
#553=DIRECTION('',(-0.0,0.0,1.0));
#554=AXIS2_PLACEMENT_3D('',#551,#552,#553);
#555=CIRCLE('',#554,2.375);
#556=EDGE_CURVE('no 546',#541,#543,#555,.T.);
#557=ORIENTED_EDGE('',*,*,#556,.F.);
#558=EDGE_LOOP('',(#550,#557));
#559=FACE_OUTER_BOUND('',#558,.T.);
#560=CARTESIAN_POINT('',(-0.0,-8.0,1.8));
#561=DIRECTION('',(0.0,0.0,1.0));
#562=DIRECTION('',(-0.0,-1.0,0.0));
#563=AXIS2_PLACEMENT_3D('',#560,#561,#562);
#564=SPHERICAL_SURFACE('',#563,2.375);
#565=ADVANCED_FACE('no 530',(#559),#564,.T.);
#566=ORIENTED_EDGE('',*,*,#549,.F.);
#567=ORIENTED_EDGE('',*,*,#556,.T.);
#568=EDGE_LOOP('',(#566,#567));
#569=FACE_OUTER_BOUND('',#568,.T.);
#570=CARTESIAN_POINT('',(-0.0,-8.0,1.8));
#571=DIRECTION('',(0.0,0.0,1.0));
#572=DIRECTION('',(0.0,1.0,0.0));
#573=AXIS2_PLACEMENT_3D('',#570,#571,#572);
#574=SPHERICAL_SURFACE('',#573,2.375);
#575=ADVANCED_FACE('no 552',(#569),#574,.T.);
#576=CLOSED_SHELL('Ball 2',(#565,#575));
#577=MANIFOLD_SOLID_BREP('Ball 2',#576);
#578=PRESENTATION_LAYER_ASSIGNMENT('106','Layer 106',(#577));
#579=STYLED_ITEM('',(#538),#577);
#580=CARTESIAN_POINT('',(8.0,-0.0,4.175));
#581=VERTEX_POINT('',#580);
#582=CARTESIAN_POINT('',(8.0,-0.0,-0.575));
#583=VERTEX_POINT('',#582);
#584=CARTESIAN_POINT('',(8.0,-0.0,1.8));
#585=DIRECTION('',(-1.0,0.0,-0.0));
#586=DIRECTION('',(0.0,0.0,1.0));
#587=AXIS2_PLACEMENT_3D('',#584,#585,#586);
#588=CIRCLE('',#587,2.375);
#589=EDGE_CURVE('no 590',#581,#583,#588,.T.);
#590=ORIENTED_EDGE('',*,*,#589,.T.);
#591=CARTESIAN_POINT('',(8.0,-0.0,1.8));
#592=DIRECTION('',(1.0,-0.0,-0.0));
#593=DIRECTION('',(0.0,-0.0,1.0));
#594=AXIS2_PLACEMENT_3D('',#591,#592,#593);
#595=CIRCLE('',#594,2.375);
#596=EDGE_CURVE('no 597',#581,#583,#595,.T.);
#597=ORIENTED_EDGE('',*,*,#596,.F.);
#598=EDGE_LOOP('',(#590,#597));
#599=FACE_OUTER_BOUND('',#598,.T.);
#600=CARTESIAN_POINT('',(8.0,-0.0,1.8));
#601=DIRECTION('',(0.0,0.0,1.0));
#602=DIRECTION('',(1.0,-0.0,0.0));
#603=AXIS2_PLACEMENT_3D('',#600,#601,#602);
#604=SPHERICAL_SURFACE('',#603,2.375);
#605=ADVANCED_FACE('no 581',(#599),#604,.T.);
#606=ORIENTED_EDGE('',*,*,#589,.F.);
#607=ORIENTED_EDGE('',*,*,#596,.T.);
#608=EDGE_LOOP('',(#606,#607));
#609=FACE_OUTER_BOUND('',#608,.T.);
#610=CARTESIAN_POINT('',(8.0,-0.0,1.8));
#611=DIRECTION('',(0.0,0.0,1.0));
#612=DIRECTION('',(-1.0,0.0,0.0));
#613=AXIS2_PLACEMENT_3D('',#610,#611,#612);
#614=SPHERICAL_SURFACE('',#613,2.375);
#615=ADVANCED_FACE('no 603',(#609),#614,.T.);
#616=CLOSED_SHELL('Ball 3',(#605,#615));
#617=MANIFOLD_SOLID_BREP('Ball 3',#616);
#618=PRESENTATION_LAYER_ASSIGNMENT('106','Layer 106',(#617));
#619=STYLED_ITEM('',(#538),#617);
#620=CARTESIAN_POINT('',(0.0,8.0,4.175));
#621=VERTEX_POINT('',#620);
#622=CARTESIAN_POINT('',(0.0,8.0,-0.575));
#623=VERTEX_POINT('',#622);
#624=CARTESIAN_POINT('',(0.0,8.0,1.8));
#625=DIRECTION('',(-0.0,-1.0,-0.0));
#626=DIRECTION('',(-0.0,0.0,1.0));
#627=AXIS2_PLACEMENT_3D('',#624,#625,#626);
#628=CIRCLE('',#627,2.375);
#629=EDGE_CURVE('no 641',#621,#623,#628,.T.);
#630=ORIENTED_EDGE('',*,*,#629,.T.);
#631=CARTESIAN_POINT('',(0.0,8.0,1.8));
#632=DIRECTION('',(0.0,1.0,-0.0));
#633=DIRECTION('',(0.0,0.0,1.0));
#634=AXIS2_PLACEMENT_3D('',#631,#632,#633);
#635=CIRCLE('',#634,2.375);
#636=EDGE_CURVE('no 648',#621,#623,#635,.T.);
#637=ORIENTED_EDGE('',*,*,#636,.F.);
#638=EDGE_LOOP('',(#630,#637));
#639=FACE_OUTER_BOUND('',#638,.T.);
#640=CARTESIAN_POINT('',(0.0,8.0,1.8));
#641=DIRECTION('',(0.0,0.0,1.0));
#642=DIRECTION('',(0.0,1.0,0.0));
#643=AXIS2_PLACEMENT_3D('',#640,#641,#642);
#644=SPHERICAL_SURFACE('',#643,2.375);
#645=ADVANCED_FACE('no 632',(#639),#644,.T.);
#646=ORIENTED_EDGE('',*,*,#629,.F.);
#647=ORIENTED_EDGE('',*,*,#636,.T.);
#648=EDGE_LOOP('',(#646,#647));
#649=FACE_OUTER_BOUND('',#648,.T.);
#650=CARTESIAN_POINT('',(0.0,8.0,1.8));
#651=DIRECTION('',(0.0,0.0,1.0));
#652=DIRECTION('',(-0.0,-1.0,0.0));
#653=AXIS2_PLACEMENT_3D('',#650,#651,#652);
#654=SPHERICAL_SURFACE('',#653,2.375);
#655=ADVANCED_FACE('no 654',(#649),#654,.T.);
#656=CLOSED_SHELL('Ball 4',(#645,#655));
#657=MANIFOLD_SOLID_BREP('Ball 4',#656);
#658=PRESENTATION_LAYER_ASSIGNMENT('106','Layer 106',(#657));
#659=STYLED_ITEM('',(#538),#657);
#660=CARTESIAN_POINT('',(15.0,-15.0,6.0));
#661=VERTEX_POINT('',#660);
#662=CARTESIAN_POINT('',(-15.0,-15.0,6.0));
#663=VERTEX_POINT('',#662);
#664=CARTESIAN_POINT('',(15.0,-15.0,6.0));
#665=DIRECTION('',(-1.0,0.0,0.0));
#666=VECTOR('',#665,1.0);
#667=LINE('',#664,#666);
#668=EDGE_CURVE('no 983',#661,#663,#667,.T.);
#669=ORIENTED_EDGE('',*,*,#668,.F.);
#670=CARTESIAN_POINT('',(15.0,-15.0,9.0));
#671=VERTEX_POINT('',#670);
#672=CARTESIAN_POINT('',(15.0,-15.0,9.0));
#673=DIRECTION('',(0.0,0.0,-1.0));
#674=VECTOR('',#673,1.0);
#675=LINE('',#672,#674);
#676=EDGE_CURVE('no 989',#671,#661,#675,.T.);
#677=ORIENTED_EDGE('',*,*,#676,.F.);
#678=CARTESIAN_POINT('',(-15.0,-15.0,9.0));
#679=VERTEX_POINT('',#678);
#680=CARTESIAN_POINT('',(15.0,-15.0,9.0));
#681=DIRECTION('',(-1.0,0.0,0.0));
#682=VECTOR('',#681,1.0);
#683=LINE('',#680,#682);
#684=EDGE_CURVE('no 995',#671,#679,#683,.T.);
#685=ORIENTED_EDGE('',*,*,#684,.T.);
#686=CARTESIAN_POINT('',(-15.0,-15.0,9.0));
#687=DIRECTION('',(0.0,0.0,-1.0));
#688=VECTOR('',#687,1.0);
#689=LINE('',#686,#688);
#690=EDGE_CURVE('no 999',#679,#663,#689,.T.);
#691=ORIENTED_EDGE('',*,*,#690,.T.);
#692=EDGE_LOOP('',(#669,#677,#685,#691));
#693=FACE_OUTER_BOUND('',#692,.T.);
#694=CARTESIAN_POINT('',(15.0,-15.0,9.0));
#695=DIRECTION('',(0.0,-1.0,0.0));
#696=DIRECTION('',(0.0,0.0,-1.0));
#697=AXIS2_PLACEMENT_3D('',#694,#695,#696);
#698=PLANE('',#697);
#699=ADVANCED_FACE('no 974',(#693),#698,.T.);
#700=CARTESIAN_POINT('',(-15.0,15.0,6.0));
#701=VERTEX_POINT('',#700);
#702=CARTESIAN_POINT('',(-15.0,-15.0,6.0));
#703=DIRECTION('',(0.0,1.0,0.0));
#704=VECTOR('',#703,1.0);
#705=LINE('',#702,#704);
#706=EDGE_CURVE('no 1008',#663,#701,#705,.T.);
#707=ORIENTED_EDGE('',*,*,#706,.F.);
#708=ORIENTED_EDGE('',*,*,#690,.F.);
#709=CARTESIAN_POINT('',(-15.0,15.0,9.0));
#710=VERTEX_POINT('',#709);
#711=CARTESIAN_POINT('',(-15.0,-15.0,9.0));
#712=DIRECTION('',(0.0,1.0,0.0));
#713=VECTOR('',#712,1.0);
#714=LINE('',#711,#713);
#715=EDGE_CURVE('no 1016',#679,#710,#714,.T.);
#716=ORIENTED_EDGE('',*,*,#715,.T.);
#717=CARTESIAN_POINT('',(-15.0,15.0,9.0));
#718=DIRECTION('',(0.0,0.0,-1.0));
#719=VECTOR('',#718,1.0);
#720=LINE('',#717,#719);
#721=EDGE_CURVE('no 1020',#710,#701,#720,.T.);
#722=ORIENTED_EDGE('',*,*,#721,.T.);
#723=EDGE_LOOP('',(#707,#708,#716,#722));
#724=FACE_OUTER_BOUND('',#723,.T.);
#725=CARTESIAN_POINT('',(-15.0,-15.0,9.0));
#726=DIRECTION('',(-1.0,0.0,0.0));
#727=DIRECTION('',(0.0,0.0,1.0));
#728=AXIS2_PLACEMENT_3D('',#725,#726,#727);
#729=PLANE('',#728);
#730=ADVANCED_FACE('no 1001',(#724),#729,.T.);
#731=CARTESIAN_POINT('',(15.0,15.0,6.0));
#732=VERTEX_POINT('',#731);
#733=CARTESIAN_POINT('',(-15.0,15.0,6.0));
#734=DIRECTION('',(1.0,0.0,0.0));
#735=VECTOR('',#734,1.0);
#736=LINE('',#733,#735);
#737=EDGE_CURVE('no 1029',#701,#732,#736,.T.);
#738=ORIENTED_EDGE('',*,*,#737,.F.);
#739=ORIENTED_EDGE('',*,*,#721,.F.);
#740=CARTESIAN_POINT('',(15.0,15.0,9.0));
#741=VERTEX_POINT('',#740);
#742=CARTESIAN_POINT('',(-15.0,15.0,9.0));
#743=DIRECTION('',(1.0,0.0,0.0));
#744=VECTOR('',#743,1.0);
#745=LINE('',#742,#744);
#746=EDGE_CURVE('no 1037',#710,#741,#745,.T.);
#747=ORIENTED_EDGE('',*,*,#746,.T.);
#748=CARTESIAN_POINT('',(15.0,15.0,9.0));
#749=DIRECTION('',(0.0,0.0,-1.0));
#750=VECTOR('',#749,1.0);
#751=LINE('',#748,#750);
#752=EDGE_CURVE('no 1041',#741,#732,#751,.T.);
#753=ORIENTED_EDGE('',*,*,#752,.T.);
#754=EDGE_LOOP('',(#738,#739,#747,#753));
#755=FACE_OUTER_BOUND('',#754,.T.);
#756=CARTESIAN_POINT('',(-15.0,15.0,9.0));
#757=DIRECTION('',(0.0,1.0,0.0));
#758=DIRECTION('',(0.0,0.0,1.0));
#759=AXIS2_PLACEMENT_3D('',#756,#757,#758);
#760=PLANE('',#759);
#761=ADVANCED_FACE('no 1022',(#755),#760,.T.);
#762=CARTESIAN_POINT('',(-7.85,9.5,7.5));
#763=VERTEX_POINT('',#762);
#764=CARTESIAN_POINT('',(-7.85,9.5,6.0));
#765=VERTEX_POINT('',#764);
#766=CARTESIAN_POINT('',(-7.85,9.5,7.5));
#767=DIRECTION('',(0.0,0.0,-1.0));
#768=VECTOR('',#767,1.0);
#769=LINE('',#766,#768);
#770=EDGE_CURVE('no 1053',#763,#765,#769,.T.);
#771=ORIENTED_EDGE('',*,*,#770,.T.);
#772=CARTESIAN_POINT('',(-11.15,9.5,6.0));
#773=VERTEX_POINT('',#772);
#774=CARTESIAN_POINT('',(-9.5,9.5,6.0));
#775=DIRECTION('',(0.0,0.0,1.0));
#776=DIRECTION('',(1.0,0.0,0.0));
#777=AXIS2_PLACEMENT_3D('',#774,#775,#776);
#778=CIRCLE('',#777,1.65);
#779=EDGE_CURVE('no 1059',#773,#765,#778,.T.);
#780=ORIENTED_EDGE('',*,*,#779,.F.);
#781=CARTESIAN_POINT('',(-11.15,9.5,7.5));
#782=VERTEX_POINT('',#781);
#783=CARTESIAN_POINT('',(-11.15,9.5,7.5));
#784=DIRECTION('',(0.0,0.0,-1.0));
#785=VECTOR('',#784,1.0);
#786=LINE('',#783,#785);
#787=EDGE_CURVE('no 1065',#782,#773,#786,.T.);
#788=ORIENTED_EDGE('',*,*,#787,.F.);
#789=CARTESIAN_POINT('',(-9.5,9.5,7.5));
#790=DIRECTION('',(0.0,-0.0,1.0));
#791=DIRECTION('',(-1.0,0.0,0.0));
#792=AXIS2_PLACEMENT_3D('',#789,#790,#791);
#793=CIRCLE('',#792,1.65);
#794=EDGE_CURVE('no 1069',#782,#763,#793,.T.);
#795=ORIENTED_EDGE('',*,*,#794,.T.);
#796=EDGE_LOOP('',(#771,#780,#788,#795));
#797=FACE_OUTER_BOUND('',#796,.T.);
#798=CARTESIAN_POINT('',(-9.5,9.5,9.0));
#799=DIRECTION('',(0.0,0.0,-1.0));
#800=DIRECTION('',(-0.0,1.0,0.0));
#801=AXIS2_PLACEMENT_3D('',#798,#799,#800);
#802=CYLINDRICAL_SURFACE('',#801,1.65);
#803=ADVANCED_FACE('no 1044',(#797),#802,.F.);
#804=CARTESIAN_POINT('',(11.15,-9.5,7.5));
#805=VERTEX_POINT('',#804);
#806=CARTESIAN_POINT('',(11.15,-9.5,6.0));
#807=VERTEX_POINT('',#806);
#808=CARTESIAN_POINT('',(11.15,-9.5,7.5));
#809=DIRECTION('',(0.0,0.0,-1.0));
#810=VECTOR('',#809,1.0);
#811=LINE('',#808,#810);
#812=EDGE_CURVE('no 1081',#805,#807,#811,.T.);
#813=ORIENTED_EDGE('',*,*,#812,.T.);
#814=CARTESIAN_POINT('',(7.85,-9.5,6.0));
#815=VERTEX_POINT('',#814);
#816=CARTESIAN_POINT('',(9.5,-9.5,6.0));
#817=DIRECTION('',(0.0,0.0,1.0));
#818=DIRECTION('',(1.0,0.0,0.0));
#819=AXIS2_PLACEMENT_3D('',#816,#817,#818);
#820=CIRCLE('',#819,1.65);
#821=EDGE_CURVE('no 1087',#815,#807,#820,.T.);
#822=ORIENTED_EDGE('',*,*,#821,.F.);
#823=CARTESIAN_POINT('',(7.85,-9.5,7.5));
#824=VERTEX_POINT('',#823);
#825=CARTESIAN_POINT('',(7.85,-9.5,7.5));
#826=DIRECTION('',(0.0,0.0,-1.0));
#827=VECTOR('',#826,1.0);
#828=LINE('',#825,#827);
#829=EDGE_CURVE('no 1093',#824,#815,#828,.T.);
#830=ORIENTED_EDGE('',*,*,#829,.F.);
#831=CARTESIAN_POINT('',(9.5,-9.5,7.5));
#832=DIRECTION('',(0.0,-0.0,1.0));
#833=DIRECTION('',(-1.0,0.0,0.0));
#834=AXIS2_PLACEMENT_3D('',#831,#832,#833);
#835=CIRCLE('',#834,1.65);
#836=EDGE_CURVE('no 1097',#824,#805,#835,.T.);
#837=ORIENTED_EDGE('',*,*,#836,.T.);
#838=EDGE_LOOP('',(#813,#822,#830,#837));
#839=FACE_OUTER_BOUND('',#838,.T.);
#840=CARTESIAN_POINT('',(9.5,-9.5,9.0));
#841=DIRECTION('',(0.0,0.0,-1.0));
#842=DIRECTION('',(-0.0,1.0,0.0));
#843=AXIS2_PLACEMENT_3D('',#840,#841,#842);
#844=CYLINDRICAL_SURFACE('',#843,1.65);
#845=ADVANCED_FACE('no 1072',(#839),#844,.F.);
#846=CARTESIAN_POINT('',(15.0,15.0,6.0));
#847=DIRECTION('',(0.0,-1.0,0.0));
#848=VECTOR('',#847,1.0);
#849=LINE('',#846,#848);
#850=EDGE_CURVE('no 1104',#732,#661,#849,.T.);
#851=ORIENTED_EDGE('',*,*,#850,.F.);
#852=ORIENTED_EDGE('',*,*,#752,.F.);
#853=CARTESIAN_POINT('',(15.0,15.0,9.0));
#854=DIRECTION('',(0.0,-1.0,0.0));
#855=VECTOR('',#854,1.0);
#856=LINE('',#853,#855);
#857=EDGE_CURVE('no 1110',#741,#671,#856,.T.);
#858=ORIENTED_EDGE('',*,*,#857,.T.);
#859=ORIENTED_EDGE('',*,*,#676,.T.);
#860=EDGE_LOOP('',(#851,#852,#858,#859));
#861=FACE_OUTER_BOUND('',#860,.T.);
#862=CARTESIAN_POINT('',(15.0,15.0,9.0));
#863=DIRECTION('',(1.0,0.0,0.0));
#864=DIRECTION('',(0.0,0.0,-1.0));
#865=AXIS2_PLACEMENT_3D('',#862,#863,#864);
#866=PLANE('',#865);
#867=ADVANCED_FACE('no 1099',(#861),#866,.T.);
#868=CARTESIAN_POINT('',(11.15,9.5,7.5));
#869=VERTEX_POINT('',#868);
#870=CARTESIAN_POINT('',(11.15,9.5,6.0));
#871=VERTEX_POINT('',#870);
#872=CARTESIAN_POINT('',(11.15,9.5,7.5));
#873=DIRECTION('',(0.0,0.0,-1.0));
#874=VECTOR('',#873,1.0);
#875=LINE('',#872,#874);
#876=EDGE_CURVE('no 1124',#869,#871,#875,.T.);
#877=ORIENTED_EDGE('',*,*,#876,.T.);
#878=CARTESIAN_POINT('',(7.85,9.5,6.0));
#879=VERTEX_POINT('',#878);
#880=CARTESIAN_POINT('',(9.5,9.5,6.0));
#881=DIRECTION('',(0.0,0.0,1.0));
#882=DIRECTION('',(1.0,0.0,0.0));
#883=AXIS2_PLACEMENT_3D('',#880,#881,#882);
#884=CIRCLE('',#883,1.65);
#885=EDGE_CURVE('no 1130',#879,#871,#884,.T.);
#886=ORIENTED_EDGE('',*,*,#885,.F.);
#887=CARTESIAN_POINT('',(7.85,9.5,7.5));
#888=VERTEX_POINT('',#887);
#889=CARTESIAN_POINT('',(7.85,9.5,7.5));
#890=DIRECTION('',(0.0,0.0,-1.0));
#891=VECTOR('',#890,1.0);
#892=LINE('',#889,#891);
#893=EDGE_CURVE('no 1136',#888,#879,#892,.T.);
#894=ORIENTED_EDGE('',*,*,#893,.F.);
#895=CARTESIAN_POINT('',(9.5,9.5,7.5));
#896=DIRECTION('',(0.0,-0.0,1.0));
#897=DIRECTION('',(-1.0,0.0,0.0));
#898=AXIS2_PLACEMENT_3D('',#895,#896,#897);
#899=CIRCLE('',#898,1.65);
#900=EDGE_CURVE('no 1140',#888,#869,#899,.T.);
#901=ORIENTED_EDGE('',*,*,#900,.T.);
#902=EDGE_LOOP('',(#877,#886,#894,#901));
#903=FACE_OUTER_BOUND('',#902,.T.);
#904=CARTESIAN_POINT('',(9.5,9.5,9.0));
#905=DIRECTION('',(0.0,0.0,-1.0));
#906=DIRECTION('',(-0.0,1.0,0.0));
#907=AXIS2_PLACEMENT_3D('',#904,#905,#906);
#908=CYLINDRICAL_SURFACE('',#907,1.65);
#909=ADVANCED_FACE('no 1115',(#903),#908,.F.);
#910=CARTESIAN_POINT('',(-7.85,-9.5,7.5));
#911=VERTEX_POINT('',#910);
#912=CARTESIAN_POINT('',(-7.85,-9.5,6.0));
#913=VERTEX_POINT('',#912);
#914=CARTESIAN_POINT('',(-7.85,-9.5,7.5));
#915=DIRECTION('',(0.0,0.0,-1.0));
#916=VECTOR('',#915,1.0);
#917=LINE('',#914,#916);
#918=EDGE_CURVE('no 1152',#911,#913,#917,.T.);
#919=ORIENTED_EDGE('',*,*,#918,.T.);
#920=CARTESIAN_POINT('',(-11.15,-9.5,6.0));
#921=VERTEX_POINT('',#920);
#922=CARTESIAN_POINT('',(-9.5,-9.5,6.0));
#923=DIRECTION('',(0.0,0.0,1.0));
#924=DIRECTION('',(1.0,0.0,0.0));
#925=AXIS2_PLACEMENT_3D('',#922,#923,#924);
#926=CIRCLE('',#925,1.65);
#927=EDGE_CURVE('no 1158',#921,#913,#926,.T.);
#928=ORIENTED_EDGE('',*,*,#927,.F.);
#929=CARTESIAN_POINT('',(-11.15,-9.5,7.5));
#930=VERTEX_POINT('',#929);
#931=CARTESIAN_POINT('',(-11.15,-9.5,7.5));
#932=DIRECTION('',(0.0,0.0,-1.0));
#933=VECTOR('',#932,1.0);
#934=LINE('',#931,#933);
#935=EDGE_CURVE('no 1164',#930,#921,#934,.T.);
#936=ORIENTED_EDGE('',*,*,#935,.F.);
#937=CARTESIAN_POINT('',(-9.5,-9.5,7.5));
#938=DIRECTION('',(0.0,-0.0,1.0));
#939=DIRECTION('',(-1.0,0.0,0.0));
#940=AXIS2_PLACEMENT_3D('',#937,#938,#939);
#941=CIRCLE('',#940,1.65);
#942=EDGE_CURVE('no 1168',#930,#911,#941,.T.);
#943=ORIENTED_EDGE('',*,*,#942,.T.);
#944=EDGE_LOOP('',(#919,#928,#936,#943));
#945=FACE_OUTER_BOUND('',#944,.T.);
#946=CARTESIAN_POINT('',(-9.5,-9.5,9.0));
#947=DIRECTION('',(0.0,0.0,-1.0));
#948=DIRECTION('',(-0.0,1.0,0.0));
#949=AXIS2_PLACEMENT_3D('',#946,#947,#948);
#950=CYLINDRICAL_SURFACE('',#949,1.65);
#951=ADVANCED_FACE('no 1143',(#945),#950,.F.);
#952=CARTESIAN_POINT('',(4.0,0.0,9.0));
#953=VERTEX_POINT('',#952);
#954=CARTESIAN_POINT('',(4.0,0.0,6.0));
#955=VERTEX_POINT('',#954);
#956=CARTESIAN_POINT('',(4.0,0.0,9.0));
#957=DIRECTION('',(0.0,0.0,-1.0));
#958=VECTOR('',#957,1.0);
#959=LINE('',#956,#958);
#960=EDGE_CURVE('no 1180',#953,#955,#959,.T.);
#961=ORIENTED_EDGE('',*,*,#960,.T.);
#962=CARTESIAN_POINT('',(-4.0,0.0,6.0));
#963=VERTEX_POINT('',#962);
#964=CARTESIAN_POINT('',(0.0,0.0,6.0));
#965=DIRECTION('',(0.0,0.0,1.0));
#966=DIRECTION('',(1.0,0.0,0.0));
#967=AXIS2_PLACEMENT_3D('',#964,#965,#966);
#968=CIRCLE('',#967,4.0);
#969=EDGE_CURVE('no 1186',#963,#955,#968,.T.);
#970=ORIENTED_EDGE('',*,*,#969,.F.);
#971=CARTESIAN_POINT('',(-4.0,0.0,9.0));
#972=VERTEX_POINT('',#971);
#973=CARTESIAN_POINT('',(-4.0,0.0,9.0));
#974=DIRECTION('',(0.0,0.0,-1.0));
#975=VECTOR('',#974,1.0);
#976=LINE('',#973,#975);
#977=EDGE_CURVE('no 1192',#972,#963,#976,.T.);
#978=ORIENTED_EDGE('',*,*,#977,.F.);
#979=CARTESIAN_POINT('',(0.0,0.0,9.0));
#980=DIRECTION('',(0.0,0.0,1.0));
#981=DIRECTION('',(1.0,0.0,0.0));
#982=AXIS2_PLACEMENT_3D('',#979,#980,#981);
#983=CIRCLE('',#982,4.0);
#984=EDGE_CURVE('no 1196',#972,#953,#983,.T.);
#985=ORIENTED_EDGE('',*,*,#984,.T.);
#986=EDGE_LOOP('',(#961,#970,#978,#985));
#987=FACE_OUTER_BOUND('',#986,.T.);
#988=CARTESIAN_POINT('',(0.0,0.0,9.0));
#989=DIRECTION('',(0.0,0.0,-1.0));
#990=DIRECTION('',(-0.0,1.0,0.0));
#991=AXIS2_PLACEMENT_3D('',#988,#989,#990);
#992=CYLINDRICAL_SURFACE('',#991,4.0);
#993=ADVANCED_FACE('no 1171',(#987),#992,.F.);
#994=CARTESIAN_POINT('',(6.35,9.5,9.0));
#995=VERTEX_POINT('',#994);
#996=CARTESIAN_POINT('',(12.65,9.5,9.0));
#997=VERTEX_POINT('',#996);
#998=CARTESIAN_POINT('',(9.5,9.5,9.0));
#999=DIRECTION('',(0.0,0.0,-1.0));
#1000=DIRECTION('',(-1.0,0.0,0.0));
#1001=AXIS2_PLACEMENT_3D('',#998,#999,#1000);
#1002=CIRCLE('',#1001,3.15);
#1003=EDGE_CURVE('no 1207',#995,#997,#1002,.T.);
#1004=ORIENTED_EDGE('',*,*,#1003,.T.);
#1005=CARTESIAN_POINT('',(9.5,9.5,9.0));
#1006=DIRECTION('',(0.0,0.0,-1.0));
#1007=DIRECTION('',(-1.0,0.0,0.0));
#1008=AXIS2_PLACEMENT_3D('',#1005,#1006,#1007);
#1009=CIRCLE('',#1008,3.15);
#1010=EDGE_CURVE('no 1211',#997,#995,#1009,.T.);
#1011=ORIENTED_EDGE('',*,*,#1010,.T.);
#1012=EDGE_LOOP('',(#1004,#1011));
#1013=FACE_BOUND('',#1012,.T.);
#1014=CARTESIAN_POINT('',(6.35,-9.5,9.0));
#1015=VERTEX_POINT('',#1014);
#1016=CARTESIAN_POINT('',(12.65,-9.5,9.0));
#1017=VERTEX_POINT('',#1016);
#1018=CARTESIAN_POINT('',(9.5,-9.5,9.0));
#1019=DIRECTION('',(0.0,0.0,-1.0));
#1020=DIRECTION('',(-1.0,0.0,0.0));
#1021=AXIS2_PLACEMENT_3D('',#1018,#1019,#1020);
#1022=CIRCLE('',#1021,3.15);
#1023=EDGE_CURVE('no 1220',#1015,#1017,#1022,.T.);
#1024=ORIENTED_EDGE('',*,*,#1023,.T.);
#1025=CARTESIAN_POINT('',(9.5,-9.5,9.0));
#1026=DIRECTION('',(0.0,0.0,-1.0));
#1027=DIRECTION('',(-1.0,0.0,0.0));
#1028=AXIS2_PLACEMENT_3D('',#1025,#1026,#1027);
#1029=CIRCLE('',#1028,3.15);
#1030=EDGE_CURVE('no 1224',#1017,#1015,#1029,.T.);
#1031=ORIENTED_EDGE('',*,*,#1030,.T.);
#1032=EDGE_LOOP('',(#1024,#1031));
#1033=FACE_BOUND('',#1032,.T.);
#1034=CARTESIAN_POINT('',(-12.65,9.5,9.0));
#1035=VERTEX_POINT('',#1034);
#1036=CARTESIAN_POINT('',(-6.35,9.5,9.0));
#1037=VERTEX_POINT('',#1036);
#1038=CARTESIAN_POINT('',(-9.5,9.5,9.0));
#1039=DIRECTION('',(0.0,0.0,-1.0));
#1040=DIRECTION('',(-1.0,0.0,0.0));
#1041=AXIS2_PLACEMENT_3D('',#1038,#1039,#1040);
#1042=CIRCLE('',#1041,3.15);
#1043=EDGE_CURVE('no 1233',#1035,#1037,#1042,.T.);
#1044=ORIENTED_EDGE('',*,*,#1043,.T.);
#1045=CARTESIAN_POINT('',(-9.5,9.5,9.0));
#1046=DIRECTION('',(0.0,0.0,-1.0));
#1047=DIRECTION('',(-1.0,0.0,0.0));
#1048=AXIS2_PLACEMENT_3D('',#1045,#1046,#1047);
#1049=CIRCLE('',#1048,3.15);
#1050=EDGE_CURVE('no 1237',#1037,#1035,#1049,.T.);
#1051=ORIENTED_EDGE('',*,*,#1050,.T.);
#1052=EDGE_LOOP('',(#1044,#1051));
#1053=FACE_BOUND('',#1052,.T.);
#1054=CARTESIAN_POINT('',(-12.65,-9.5,9.0));
#1055=VERTEX_POINT('',#1054);
#1056=CARTESIAN_POINT('',(-6.35,-9.5,9.0));
#1057=VERTEX_POINT('',#1056);
#1058=CARTESIAN_POINT('',(-9.5,-9.5,9.0));
#1059=DIRECTION('',(0.0,0.0,-1.0));
#1060=DIRECTION('',(-1.0,0.0,0.0));
#1061=AXIS2_PLACEMENT_3D('',#1058,#1059,#1060);
#1062=CIRCLE('',#1061,3.15);
#1063=EDGE_CURVE('no 1246',#1055,#1057,#1062,.T.);
#1064=ORIENTED_EDGE('',*,*,#1063,.T.);
#1065=CARTESIAN_POINT('',(-9.5,-9.5,9.0));
#1066=DIRECTION('',(0.0,0.0,-1.0));
#1067=DIRECTION('',(-1.0,0.0,0.0));
#1068=AXIS2_PLACEMENT_3D('',#1065,#1066,#1067);
#1069=CIRCLE('',#1068,3.15);
#1070=EDGE_CURVE('no 1250',#1057,#1055,#1069,.T.);
#1071=ORIENTED_EDGE('',*,*,#1070,.T.);
#1072=EDGE_LOOP('',(#1064,#1071));
#1073=FACE_BOUND('',#1072,.T.);
#1074=ORIENTED_EDGE('',*,*,#684,.F.);
#1075=ORIENTED_EDGE('',*,*,#857,.F.);
#1076=ORIENTED_EDGE('',*,*,#746,.F.);
#1077=ORIENTED_EDGE('',*,*,#715,.F.);
#1078=EDGE_LOOP('',(#1074,#1075,#1076,#1077));
#1079=FACE_OUTER_BOUND('',#1078,.T.);
#1080=ORIENTED_EDGE('',*,*,#984,.F.);
#1081=CARTESIAN_POINT('',(0.0,0.0,9.0));
#1082=DIRECTION('',(0.0,0.0,1.0));
#1083=DIRECTION('',(1.0,0.0,0.0));
#1084=AXIS2_PLACEMENT_3D('',#1081,#1082,#1083);
#1085=CIRCLE('',#1084,4.0);
#1086=EDGE_CURVE('no 1266',#953,#972,#1085,.T.);
#1087=ORIENTED_EDGE('',*,*,#1086,.F.);
#1088=EDGE_LOOP('',(#1080,#1087));
#1089=FACE_BOUND('',#1088,.T.);
#1090=CARTESIAN_POINT('',(0.0,0.0,9.0));
#1091=DIRECTION('',(0.0,0.0,-1.0));
#1092=DIRECTION('',(-1.0,0.0,0.0));
#1093=AXIS2_PLACEMENT_3D('',#1090,#1091,#1092);
#1094=PLANE('',#1093);
#1095=ADVANCED_FACE('no 1198',(#1013,#1033,#1053,#1073,#1079,#1089),#1094,.F.);
#1096=CARTESIAN_POINT('',(-9.5,-9.5,6.0));
#1097=DIRECTION('',(0.0,0.0,1.0));
#1098=DIRECTION('',(1.0,0.0,0.0));
#1099=AXIS2_PLACEMENT_3D('',#1096,#1097,#1098);
#1100=CIRCLE('',#1099,1.65);
#1101=EDGE_CURVE('no 1273',#913,#921,#1100,.T.);
#1102=ORIENTED_EDGE('',*,*,#1101,.T.);
#1103=ORIENTED_EDGE('',*,*,#927,.T.);
#1104=EDGE_LOOP('',(#1102,#1103));
#1105=FACE_BOUND('',#1104,.T.);
#1106=CARTESIAN_POINT('',(9.5,9.5,6.0));
#1107=DIRECTION('',(0.0,0.0,1.0));
#1108=DIRECTION('',(1.0,0.0,0.0));
#1109=AXIS2_PLACEMENT_3D('',#1106,#1107,#1108);
#1110=CIRCLE('',#1109,1.65);
#1111=EDGE_CURVE('no 1280',#871,#879,#1110,.T.);
#1112=ORIENTED_EDGE('',*,*,#1111,.T.);
#1113=ORIENTED_EDGE('',*,*,#885,.T.);
#1114=EDGE_LOOP('',(#1112,#1113));
#1115=FACE_BOUND('',#1114,.T.);
#1116=ORIENTED_EDGE('',*,*,#668,.T.);
#1117=ORIENTED_EDGE('',*,*,#706,.T.);
#1118=ORIENTED_EDGE('',*,*,#737,.T.);
#1119=ORIENTED_EDGE('',*,*,#850,.T.);
#1120=EDGE_LOOP('',(#1116,#1117,#1118,#1119));
#1121=FACE_OUTER_BOUND('',#1120,.T.);
#1122=CARTESIAN_POINT('',(9.5,-9.5,6.0));
#1123=DIRECTION('',(0.0,0.0,1.0));
#1124=DIRECTION('',(1.0,0.0,0.0));
#1125=AXIS2_PLACEMENT_3D('',#1122,#1123,#1124);
#1126=CIRCLE('',#1125,1.65);
#1127=EDGE_CURVE('no 1296',#807,#815,#1126,.T.);
#1128=ORIENTED_EDGE('',*,*,#1127,.T.);
#1129=ORIENTED_EDGE('',*,*,#821,.T.);
#1130=EDGE_LOOP('',(#1128,#1129));
#1131=FACE_BOUND('',#1130,.T.);
#1132=CARTESIAN_POINT('',(-9.5,9.5,6.0));
#1133=DIRECTION('',(0.0,0.0,1.0));
#1134=DIRECTION('',(1.0,0.0,0.0));
#1135=AXIS2_PLACEMENT_3D('',#1132,#1133,#1134);
#1136=CIRCLE('',#1135,1.65);
#1137=EDGE_CURVE('no 1303',#765,#773,#1136,.T.);
#1138=ORIENTED_EDGE('',*,*,#1137,.T.);
#1139=ORIENTED_EDGE('',*,*,#779,.T.);
#1140=EDGE_LOOP('',(#1138,#1139));
#1141=FACE_BOUND('',#1140,.T.);
#1142=CARTESIAN_POINT('',(0.0,0.0,6.0));
#1143=DIRECTION('',(0.0,0.0,1.0));
#1144=DIRECTION('',(1.0,0.0,0.0));
#1145=AXIS2_PLACEMENT_3D('',#1142,#1143,#1144);
#1146=CIRCLE('',#1145,4.0);
#1147=EDGE_CURVE('no 1310',#955,#963,#1146,.T.);
#1148=ORIENTED_EDGE('',*,*,#1147,.T.);
#1149=ORIENTED_EDGE('',*,*,#969,.T.);
#1150=EDGE_LOOP('',(#1148,#1149));
#1151=FACE_BOUND('',#1150,.T.);
#1152=CARTESIAN_POINT('',(0.0,0.0,6.0));
#1153=DIRECTION('',(0.0,0.0,-1.0));
#1154=DIRECTION('',(-1.0,0.0,0.0));
#1155=AXIS2_PLACEMENT_3D('',#1152,#1153,#1154);
#1156=PLANE('',#1155);
#1157=ADVANCED_FACE('no 1268',(#1105,#1115,#1121,#1131,#1141,#1151),#1156,.T.);
#1158=CARTESIAN_POINT('',(7.85,9.5,7.5));
#1159=DIRECTION('',(-0.7071067812,-0.0,0.7071067812));
#1160=VECTOR('',#1159,1.0);
#1161=LINE('',#1158,#1160);
#1162=EDGE_CURVE('no 1320',#888,#995,#1161,.T.);
#1163=ORIENTED_EDGE('',*,*,#1162,.T.);
#1164=ORIENTED_EDGE('',*,*,#1010,.F.);
#1165=CARTESIAN_POINT('',(11.15,9.5,7.5));
#1166=DIRECTION('',(0.7071067812,0.0,0.7071067812));
#1167=VECTOR('',#1166,1.0);
#1168=LINE('',#1165,#1167);
#1169=EDGE_CURVE('no 1326',#869,#997,#1168,.T.);
#1170=ORIENTED_EDGE('',*,*,#1169,.F.);
#1171=ORIENTED_EDGE('',*,*,#900,.F.);
#1172=EDGE_LOOP('',(#1163,#1164,#1170,#1171));
#1173=FACE_OUTER_BOUND('',#1172,.T.);
#1174=CARTESIAN_POINT('',(9.5,9.5,7.5));
#1175=DIRECTION('',(0.0,0.0,1.0));
#1176=DIRECTION('',(-0.0,1.0,0.0));
#1177=AXIS2_PLACEMENT_3D('',#1174,#1175,#1176);
#1178=CONICAL_SURFACE('',#1177,1.65,0.7853981634);
#1179=ADVANCED_FACE('no 1315',(#1173),#1178,.F.);
#1180=CARTESIAN_POINT('',(7.85,-9.5,7.5));
#1181=DIRECTION('',(-0.7071067812,0.0,0.7071067812));
#1182=VECTOR('',#1181,1.0);
#1183=LINE('',#1180,#1182);
#1184=EDGE_CURVE('no 1336',#824,#1015,#1183,.T.);
#1185=ORIENTED_EDGE('',*,*,#1184,.T.);
#1186=ORIENTED_EDGE('',*,*,#1030,.F.);
#1187=CARTESIAN_POINT('',(11.15,-9.5,7.5));
#1188=DIRECTION('',(0.7071067812,0.0,0.7071067812));
#1189=VECTOR('',#1188,1.0);
#1190=LINE('',#1187,#1189);
#1191=EDGE_CURVE('no 1342',#805,#1017,#1190,.T.);
#1192=ORIENTED_EDGE('',*,*,#1191,.F.);
#1193=ORIENTED_EDGE('',*,*,#836,.F.);
#1194=EDGE_LOOP('',(#1185,#1186,#1192,#1193));
#1195=FACE_OUTER_BOUND('',#1194,.T.);
#1196=CARTESIAN_POINT('',(9.5,-9.5,7.5));
#1197=DIRECTION('',(0.0,0.0,1.0));
#1198=DIRECTION('',(0.0,1.0,0.0));
#1199=AXIS2_PLACEMENT_3D('',#1196,#1197,#1198);
#1200=CONICAL_SURFACE('',#1199,1.65,0.7853981634);
#1201=ADVANCED_FACE('no 1331',(#1195),#1200,.F.);
#1202=CARTESIAN_POINT('',(-11.15,9.5,7.5));
#1203=DIRECTION('',(-0.7071067812,-0.0,0.7071067812));
#1204=VECTOR('',#1203,1.0);
#1205=LINE('',#1202,#1204);
#1206=EDGE_CURVE('no 1352',#782,#1035,#1205,.T.);
#1207=ORIENTED_EDGE('',*,*,#1206,.T.);
#1208=ORIENTED_EDGE('',*,*,#1050,.F.);
#1209=CARTESIAN_POINT('',(-7.85,9.5,7.5));
#1210=DIRECTION('',(0.7071067812,0.0,0.7071067812));
#1211=VECTOR('',#1210,1.0);
#1212=LINE('',#1209,#1211);
#1213=EDGE_CURVE('no 1358',#763,#1037,#1212,.T.);
#1214=ORIENTED_EDGE('',*,*,#1213,.F.);
#1215=ORIENTED_EDGE('',*,*,#794,.F.);
#1216=EDGE_LOOP('',(#1207,#1208,#1214,#1215));
#1217=FACE_OUTER_BOUND('',#1216,.T.);
#1218=CARTESIAN_POINT('',(-9.5,9.5,7.5));
#1219=DIRECTION('',(0.0,0.0,1.0));
#1220=DIRECTION('',(-0.0,1.0,0.0));
#1221=AXIS2_PLACEMENT_3D('',#1218,#1219,#1220);
#1222=CONICAL_SURFACE('',#1221,1.65,0.7853981634);
#1223=ADVANCED_FACE('no 1347',(#1217),#1222,.F.);
#1224=CARTESIAN_POINT('',(-11.15,-9.5,7.5));
#1225=DIRECTION('',(-0.7071067812,-0.0,0.7071067812));
#1226=VECTOR('',#1225,1.0);
#1227=LINE('',#1224,#1226);
#1228=EDGE_CURVE('no 1368',#930,#1055,#1227,.T.);
#1229=ORIENTED_EDGE('',*,*,#1228,.T.);
#1230=ORIENTED_EDGE('',*,*,#1070,.F.);
#1231=CARTESIAN_POINT('',(-7.85,-9.5,7.5));
#1232=DIRECTION('',(0.7071067812,0.0,0.7071067812));
#1233=VECTOR('',#1232,1.0);
#1234=LINE('',#1231,#1233);
#1235=EDGE_CURVE('no 1374',#911,#1057,#1234,.T.);
#1236=ORIENTED_EDGE('',*,*,#1235,.F.);
#1237=ORIENTED_EDGE('',*,*,#942,.F.);
#1238=EDGE_LOOP('',(#1229,#1230,#1236,#1237));
#1239=FACE_OUTER_BOUND('',#1238,.T.);
#1240=CARTESIAN_POINT('',(-9.5,-9.5,7.5));
#1241=DIRECTION('',(0.0,0.0,1.0));
#1242=DIRECTION('',(-0.0,1.0,0.0));
#1243=AXIS2_PLACEMENT_3D('',#1240,#1241,#1242);
#1244=CONICAL_SURFACE('',#1243,1.65,0.7853981634);
#1245=ADVANCED_FACE('no 1363',(#1239),#1244,.F.);
#1246=ORIENTED_EDGE('',*,*,#770,.F.);
#1247=CARTESIAN_POINT('',(-9.5,9.5,7.5));
#1248=DIRECTION('',(0.0,-0.0,1.0));
#1249=DIRECTION('',(-1.0,0.0,0.0));
#1250=AXIS2_PLACEMENT_3D('',#1247,#1248,#1249);
#1251=CIRCLE('',#1250,1.65);
#1252=EDGE_CURVE('no 1386',#763,#782,#1251,.T.);
#1253=ORIENTED_EDGE('',*,*,#1252,.T.);
#1254=ORIENTED_EDGE('',*,*,#787,.T.);
#1255=ORIENTED_EDGE('',*,*,#1137,.F.);
#1256=EDGE_LOOP('',(#1246,#1253,#1254,#1255));
#1257=FACE_OUTER_BOUND('',#1256,.T.);
#1258=CARTESIAN_POINT('',(-9.5,9.5,9.0));
#1259=DIRECTION('',(0.0,0.0,-1.0));
#1260=DIRECTION('',(0.0,-1.0,0.0));
#1261=AXIS2_PLACEMENT_3D('',#1258,#1259,#1260);
#1262=CYLINDRICAL_SURFACE('',#1261,1.65);
#1263=ADVANCED_FACE('no 1379',(#1257),#1262,.F.);
#1264=ORIENTED_EDGE('',*,*,#812,.F.);
#1265=CARTESIAN_POINT('',(9.5,-9.5,7.5));
#1266=DIRECTION('',(0.0,-0.0,1.0));
#1267=DIRECTION('',(-1.0,0.0,0.0));
#1268=AXIS2_PLACEMENT_3D('',#1265,#1266,#1267);
#1269=CIRCLE('',#1268,1.65);
#1270=EDGE_CURVE('no 1400',#805,#824,#1269,.T.);
#1271=ORIENTED_EDGE('',*,*,#1270,.T.);
#1272=ORIENTED_EDGE('',*,*,#829,.T.);
#1273=ORIENTED_EDGE('',*,*,#1127,.F.);
#1274=EDGE_LOOP('',(#1264,#1271,#1272,#1273));
#1275=FACE_OUTER_BOUND('',#1274,.T.);
#1276=CARTESIAN_POINT('',(9.5,-9.5,9.0));
#1277=DIRECTION('',(0.0,0.0,-1.0));
#1278=DIRECTION('',(0.0,-1.0,0.0));
#1279=AXIS2_PLACEMENT_3D('',#1276,#1277,#1278);
#1280=CYLINDRICAL_SURFACE('',#1279,1.65);
#1281=ADVANCED_FACE('no 1393',(#1275),#1280,.F.);
#1282=ORIENTED_EDGE('',*,*,#876,.F.);
#1283=CARTESIAN_POINT('',(9.5,9.5,7.5));
#1284=DIRECTION('',(0.0,-0.0,1.0));
#1285=DIRECTION('',(-1.0,0.0,0.0));
#1286=AXIS2_PLACEMENT_3D('',#1283,#1284,#1285);
#1287=CIRCLE('',#1286,1.65);
#1288=EDGE_CURVE('no 1414',#869,#888,#1287,.T.);
#1289=ORIENTED_EDGE('',*,*,#1288,.T.);
#1290=ORIENTED_EDGE('',*,*,#893,.T.);
#1291=ORIENTED_EDGE('',*,*,#1111,.F.);
#1292=EDGE_LOOP('',(#1282,#1289,#1290,#1291));
#1293=FACE_OUTER_BOUND('',#1292,.T.);
#1294=CARTESIAN_POINT('',(9.5,9.5,9.0));
#1295=DIRECTION('',(0.0,0.0,-1.0));
#1296=DIRECTION('',(0.0,-1.0,0.0));
#1297=AXIS2_PLACEMENT_3D('',#1294,#1295,#1296);
#1298=CYLINDRICAL_SURFACE('',#1297,1.65);
#1299=ADVANCED_FACE('no 1407',(#1293),#1298,.F.);
#1300=ORIENTED_EDGE('',*,*,#918,.F.);
#1301=CARTESIAN_POINT('',(-9.5,-9.5,7.5));
#1302=DIRECTION('',(0.0,-0.0,1.0));
#1303=DIRECTION('',(-1.0,0.0,0.0));
#1304=AXIS2_PLACEMENT_3D('',#1301,#1302,#1303);
#1305=CIRCLE('',#1304,1.65);
#1306=EDGE_CURVE('no 1428',#911,#930,#1305,.T.);
#1307=ORIENTED_EDGE('',*,*,#1306,.T.);
#1308=ORIENTED_EDGE('',*,*,#935,.T.);
#1309=ORIENTED_EDGE('',*,*,#1101,.F.);
#1310=EDGE_LOOP('',(#1300,#1307,#1308,#1309));
#1311=FACE_OUTER_BOUND('',#1310,.T.);
#1312=CARTESIAN_POINT('',(-9.5,-9.5,9.0));
#1313=DIRECTION('',(0.0,0.0,-1.0));
#1314=DIRECTION('',(0.0,-1.0,0.0));
#1315=AXIS2_PLACEMENT_3D('',#1312,#1313,#1314);
#1316=CYLINDRICAL_SURFACE('',#1315,1.65);
#1317=ADVANCED_FACE('no 1421',(#1311),#1316,.F.);
#1318=ORIENTED_EDGE('',*,*,#960,.F.);
#1319=ORIENTED_EDGE('',*,*,#1086,.T.);
#1320=ORIENTED_EDGE('',*,*,#977,.T.);
#1321=ORIENTED_EDGE('',*,*,#1147,.F.);
#1322=EDGE_LOOP('',(#1318,#1319,#1320,#1321));
#1323=FACE_OUTER_BOUND('',#1322,.T.);
#1324=CARTESIAN_POINT('',(0.0,0.0,9.0));
#1325=DIRECTION('',(0.0,0.0,-1.0));
#1326=DIRECTION('',(-0.0,-1.0,0.0));
#1327=AXIS2_PLACEMENT_3D('',#1324,#1325,#1326);
#1328=CYLINDRICAL_SURFACE('',#1327,4.0);
#1329=ADVANCED_FACE('no 1435',(#1323),#1328,.F.);
#1330=ORIENTED_EDGE('',*,*,#1162,.F.);
#1331=ORIENTED_EDGE('',*,*,#1288,.F.);
#1332=ORIENTED_EDGE('',*,*,#1169,.T.);
#1333=ORIENTED_EDGE('',*,*,#1003,.F.);
#1334=EDGE_LOOP('',(#1330,#1331,#1332,#1333));
#1335=FACE_OUTER_BOUND('',#1334,.T.);
#1336=CARTESIAN_POINT('',(9.5,9.5,7.5));
#1337=DIRECTION('',(0.0,0.0,1.0));
#1338=DIRECTION('',(0.0,-1.0,0.0));
#1339=AXIS2_PLACEMENT_3D('',#1336,#1337,#1338);
#1340=CONICAL_SURFACE('',#1339,1.65,0.7853981634);
#1341=ADVANCED_FACE('no 1447',(#1335),#1340,.F.);
#1342=ORIENTED_EDGE('',*,*,#1184,.F.);
#1343=ORIENTED_EDGE('',*,*,#1270,.F.);
#1344=ORIENTED_EDGE('',*,*,#1191,.T.);
#1345=ORIENTED_EDGE('',*,*,#1023,.F.);
#1346=EDGE_LOOP('',(#1342,#1343,#1344,#1345));
#1347=FACE_OUTER_BOUND('',#1346,.T.);
#1348=CARTESIAN_POINT('',(9.5,-9.5,7.5));
#1349=DIRECTION('',(0.0,0.0,1.0));
#1350=DIRECTION('',(0.0,-1.0,0.0));
#1351=AXIS2_PLACEMENT_3D('',#1348,#1349,#1350);
#1352=CONICAL_SURFACE('',#1351,1.65,0.7853981634);
#1353=ADVANCED_FACE('no 1459',(#1347),#1352,.F.);
#1354=ORIENTED_EDGE('',*,*,#1206,.F.);
#1355=ORIENTED_EDGE('',*,*,#1252,.F.);
#1356=ORIENTED_EDGE('',*,*,#1213,.T.);
#1357=ORIENTED_EDGE('',*,*,#1043,.F.);
#1358=EDGE_LOOP('',(#1354,#1355,#1356,#1357));
#1359=FACE_OUTER_BOUND('',#1358,.T.);
#1360=CARTESIAN_POINT('',(-9.5,9.5,7.5));
#1361=DIRECTION('',(0.0,0.0,1.0));
#1362=DIRECTION('',(0.0,-1.0,0.0));
#1363=AXIS2_PLACEMENT_3D('',#1360,#1361,#1362);
#1364=CONICAL_SURFACE('',#1363,1.65,0.7853981634);
#1365=ADVANCED_FACE('no 1471',(#1359),#1364,.F.);
#1366=ORIENTED_EDGE('',*,*,#1228,.F.);
#1367=ORIENTED_EDGE('',*,*,#1306,.F.);
#1368=ORIENTED_EDGE('',*,*,#1235,.T.);
#1369=ORIENTED_EDGE('',*,*,#1063,.F.);
#1370=EDGE_LOOP('',(#1366,#1367,#1368,#1369));
#1371=FACE_OUTER_BOUND('',#1370,.T.);
#1372=CARTESIAN_POINT('',(-9.5,-9.5,7.5));
#1373=DIRECTION('',(0.0,0.0,1.0));
#1374=DIRECTION('',(0.0,-1.0,0.0));
#1375=AXIS2_PLACEMENT_3D('',#1372,#1373,#1374);
#1376=CONICAL_SURFACE('',#1375,1.65,0.7853981634);
#1377=ADVANCED_FACE('no 1483',(#1371),#1376,.F.);
#1378=CLOSED_SHELL('',(
    #699,#730,#761,#803,#845,#867,#909,#951,#993,#1095,
    #1157,#1179,#1201,#1223,#1245,#1263,#1281,#1299,#1317,#1329,
    #1341,#1353,#1365,#1377));
#1379=MANIFOLD_SOLID_BREP('',#1378);
#1380=PRESENTATION_LAYER_ASSIGNMENT('107','Layer 107',(#1379));
#1381=COLOUR_RGB('',0.0,0.4,0.4);
#1382=FILL_AREA_STYLE_COLOUR('',#1381);
#1383=FILL_AREA_STYLE('',(#1382));
#1384=SURFACE_STYLE_FILL_AREA(#1383);
#1385=SURFACE_SIDE_STYLE('',(#1384));
#1386=SURFACE_STYLE_USAGE(.BOTH.,#1385);
#1387=PRESENTATION_STYLE_ASSIGNMENT((#1386));
#1388=STYLED_ITEM('',(#1387),#1379);
#1389=CARTESIAN_POINT('',(2.0,0.0,17.0));
#1390=VERTEX_POINT('',#1389);
#1391=CARTESIAN_POINT('',(2.0,0.0,-3.0));
#1392=VERTEX_POINT('',#1391);
#1393=CARTESIAN_POINT('',(2.0,0.0,17.0));
#1394=DIRECTION('',(0.0,0.0,-1.0));
#1395=VECTOR('',#1394,1.0);
#1396=LINE('',#1393,#1395);
#1397=EDGE_CURVE('no 1545',#1390,#1392,#1396,.T.);
#1398=ORIENTED_EDGE('',*,*,#1397,.F.);
#1399=CARTESIAN_POINT('',(-2.0,0.0,17.0));
#1400=VERTEX_POINT('',#1399);
#1401=CARTESIAN_POINT('',(0.0,0.0,17.0));
#1402=DIRECTION('',(0.0,0.0,1.0));
#1403=DIRECTION('',(1.0,0.0,0.0));
#1404=AXIS2_PLACEMENT_3D('',#1401,#1402,#1403);
#1405=CIRCLE('',#1404,2.0);
#1406=EDGE_CURVE('no 1551',#1400,#1390,#1405,.T.);
#1407=ORIENTED_EDGE('',*,*,#1406,.F.);
#1408=CARTESIAN_POINT('',(-2.0,0.0,-3.0));
#1409=VERTEX_POINT('',#1408);
#1410=CARTESIAN_POINT('',(-2.0,0.0,17.0));
#1411=DIRECTION('',(0.0,0.0,-1.0));
#1412=VECTOR('',#1411,1.0);
#1413=LINE('',#1410,#1412);
#1414=EDGE_CURVE('no 1557',#1400,#1409,#1413,.T.);
#1415=ORIENTED_EDGE('',*,*,#1414,.T.);
#1416=CARTESIAN_POINT('',(0.0,0.0,-3.0));
#1417=DIRECTION('',(0.0,0.0,1.0));
#1418=DIRECTION('',(1.0,0.0,0.0));
#1419=AXIS2_PLACEMENT_3D('',#1416,#1417,#1418);
#1420=CIRCLE('',#1419,2.0);
#1421=EDGE_CURVE('no 1561',#1409,#1392,#1420,.T.);
#1422=ORIENTED_EDGE('',*,*,#1421,.T.);
#1423=EDGE_LOOP('',(#1398,#1407,#1415,#1422));
#1424=FACE_OUTER_BOUND('',#1423,.T.);
#1425=CARTESIAN_POINT('',(0.0,0.0,16.0));
#1426=DIRECTION('',(0.0,0.0,-1.0));
#1427=DIRECTION('',(-0.0,1.0,0.0));
#1428=AXIS2_PLACEMENT_3D('',#1425,#1426,#1427);
#1429=CYLINDRICAL_SURFACE('',#1428,2.0);
#1430=ADVANCED_FACE('no 1536',(#1424),#1429,.T.);
#1431=CARTESIAN_POINT('',(0.0,0.0,17.0));
#1432=DIRECTION('',(0.0,0.0,1.0));
#1433=DIRECTION('',(1.0,0.0,0.0));
#1434=AXIS2_PLACEMENT_3D('',#1431,#1432,#1433);
#1435=CIRCLE('',#1434,2.0);
#1436=EDGE_CURVE('no 1568',#1390,#1400,#1435,.T.);
#1437=ORIENTED_EDGE('',*,*,#1436,.T.);
#1438=ORIENTED_EDGE('',*,*,#1406,.T.);
#1439=EDGE_LOOP('',(#1437,#1438));
#1440=FACE_OUTER_BOUND('',#1439,.T.);
#1441=CARTESIAN_POINT('',(0.0,0.0,17.0));
#1442=DIRECTION('',(0.0,0.0,1.0));
#1443=DIRECTION('',(1.0,0.0,0.0));
#1444=AXIS2_PLACEMENT_3D('',#1441,#1442,#1443);
#1445=PLANE('',#1444);
#1446=ADVANCED_FACE('no 1563',(#1440),#1445,.T.);
#1447=ORIENTED_EDGE('',*,*,#1421,.F.);
#1448=CARTESIAN_POINT('',(0.0,0.0,-3.0));
#1449=DIRECTION('',(0.0,0.0,1.0));
#1450=DIRECTION('',(1.0,0.0,0.0));
#1451=AXIS2_PLACEMENT_3D('',#1448,#1449,#1450);
#1452=CIRCLE('',#1451,2.0);
#1453=EDGE_CURVE('no 1579',#1392,#1409,#1452,.T.);
#1454=ORIENTED_EDGE('',*,*,#1453,.F.);
#1455=EDGE_LOOP('',(#1447,#1454));
#1456=FACE_OUTER_BOUND('',#1455,.T.);
#1457=CARTESIAN_POINT('',(0.0,0.0,-3.0));
#1458=DIRECTION('',(0.0,0.0,1.0));
#1459=DIRECTION('',(1.0,0.0,0.0));
#1460=AXIS2_PLACEMENT_3D('',#1457,#1458,#1459);
#1461=PLANE('',#1460);
#1462=ADVANCED_FACE('no 1572',(#1456),#1461,.F.);
#1463=ORIENTED_EDGE('',*,*,#1397,.T.);
#1464=ORIENTED_EDGE('',*,*,#1453,.T.);
#1465=ORIENTED_EDGE('',*,*,#1414,.F.);
#1466=ORIENTED_EDGE('',*,*,#1436,.F.);
#1467=EDGE_LOOP('',(#1463,#1464,#1465,#1466));
#1468=FACE_OUTER_BOUND('',#1467,.T.);
#1469=CARTESIAN_POINT('',(0.0,0.0,16.0));
#1470=DIRECTION('',(0.0,0.0,-1.0));
#1471=DIRECTION('',(-0.0,-1.0,0.0));
#1472=AXIS2_PLACEMENT_3D('',#1469,#1470,#1471);
#1473=CYLINDRICAL_SURFACE('',#1472,2.0);
#1474=ADVANCED_FACE('no 1582',(#1468),#1473,.T.);
#1475=CLOSED_SHELL('Pin',(#1430,#1446,#1462,#1474));
#1476=MANIFOLD_SOLID_BREP('Pin',#1475);
#1477=PRESENTATION_LAYER_ASSIGNMENT('105','Layer 105',(#1476));
#1478=COLOUR_RGB('',1.0,0.6,0.6);
#1479=FILL_AREA_STYLE_COLOUR('',#1478);
#1480=FILL_AREA_STYLE('',(#1479));
#1481=SURFACE_STYLE_FILL_AREA(#1480);
#1482=SURFACE_SIDE_STYLE('',(#1481));
#1483=SURFACE_STYLE_USAGE(.BOTH.,#1482);
#1484=PRESENTATION_STYLE_ASSIGNMENT((#1483));
#1485=STYLED_ITEM('',(#1484),#1476);
#1486=CARTESIAN_POINT('',(-1.340373015,2.1103080772,-8.0));
#1487=VERTEX_POINT('',#1486);
#1488=CARTESIAN_POINT('',(-2.1103080772,1.340373015,-8.0));
#1489=VERTEX_POINT('',#1488);
#1490=CARTESIAN_POINT('',(0.0,0.0,-8.0));
#1491=DIRECTION('',(0.0,0.0,-1.0));
#1492=DIRECTION('',(1.0,0.0,0.0));
#1493=AXIS2_PLACEMENT_3D('',#1490,#1491,#1492);
#1494=CIRCLE('',#1493,2.5);
#1495=EDGE_CURVE('no 2390',#1487,#1489,#1494,.T.);
#1496=ORIENTED_EDGE('',*,*,#1495,.F.);
#1497=CARTESIAN_POINT('',(-1.340373015,2.1103080772,-12.575));
#1498=VERTEX_POINT('',#1497);
#1499=CARTESIAN_POINT('',(-1.340373015,2.1103080772,-5.075));
#1500=DIRECTION('',(0.0,0.0,-1.0));
#1501=VECTOR('',#1500,1.0);
#1502=LINE('',#1499,#1501);
#1503=EDGE_CURVE('no 2396',#1487,#1498,#1502,.T.);
#1504=ORIENTED_EDGE('',*,*,#1503,.T.);
#1505=CARTESIAN_POINT('',(-2.1103080772,1.340373015,-12.575));
#1506=VERTEX_POINT('',#1505);
#1507=CARTESIAN_POINT('',(0.0,0.0,-12.575));
#1508=DIRECTION('',(0.0,-0.0,1.0));
#1509=DIRECTION('',(-1.0,0.0,0.0));
#1510=AXIS2_PLACEMENT_3D('',#1507,#1508,#1509);
#1511=CIRCLE('',#1510,2.5);
#1512=EDGE_CURVE('no 2402',#1506,#1498,#1511,.T.);
#1513=ORIENTED_EDGE('',*,*,#1512,.F.);
#1514=CARTESIAN_POINT('',(-2.1103080772,1.340373015,-5.075));
#1515=DIRECTION('',(0.0,0.0,1.0));
#1516=VECTOR('',#1515,1.0);
#1517=LINE('',#1514,#1516);
#1518=EDGE_CURVE('no 2406',#1506,#1489,#1517,.T.);
#1519=ORIENTED_EDGE('',*,*,#1518,.T.);
#1520=EDGE_LOOP('',(#1496,#1504,#1513,#1519));
#1521=FACE_OUTER_BOUND('',#1520,.T.);
#1522=CARTESIAN_POINT('',(0.0,0.0,2.425));
#1523=DIRECTION('',(0.0,0.0,-1.0));
#1524=DIRECTION('',(-0.7071067812,0.7071067812,0.0));
#1525=AXIS2_PLACEMENT_3D('',#1522,#1523,#1524);
#1526=CYLINDRICAL_SURFACE('',#1525,2.5);
#1527=ADVANCED_FACE('no 2381',(#1521),#1526,.F.);
#1528=CARTESIAN_POINT('',(8.0,0.0,6.0));
#1529=VERTEX_POINT('',#1528);
#1530=CARTESIAN_POINT('',(8.0,0.0,4.375));
#1531=VERTEX_POINT('',#1530);
#1532=CARTESIAN_POINT('',(8.0,0.0,6.0));
#1533=DIRECTION('',(0.0,0.0,-1.0));
#1534=VECTOR('',#1533,1.0);
#1535=LINE('',#1532,#1534);
#1536=EDGE_CURVE('no 2418',#1529,#1531,#1535,.T.);
#1537=ORIENTED_EDGE('',*,*,#1536,.T.);
#1538=CARTESIAN_POINT('',(7.6474609375,-2.3486892535,4.375));
#1539=VERTEX_POINT('',#1538);
#1540=CARTESIAN_POINT('',(0.0,0.0,4.375));
#1541=DIRECTION('',(0.0,0.0,1.0));
#1542=DIRECTION('',(1.0,0.0,0.0));
#1543=AXIS2_PLACEMENT_3D('',#1540,#1541,#1542);
#1544=CIRCLE('',#1543,8.0);
#1545=EDGE_CURVE('no 2424',#1539,#1531,#1544,.T.);
#1546=ORIENTED_EDGE('',*,*,#1545,.F.);
#1547=CARTESIAN_POINT('',(7.6474609375,-2.3486892535,0.0));
#1548=VERTEX_POINT('',#1547);
#1549=CARTESIAN_POINT('',(7.6474609375,-2.3486892535,-1.4175));
#1550=DIRECTION('',(0.0,0.0,1.0));
#1551=VECTOR('',#1550,1.0);
#1552=LINE('',#1549,#1551);
#1553=EDGE_CURVE('no 2430',#1548,#1539,#1552,.T.);
#1554=ORIENTED_EDGE('',*,*,#1553,.F.);
#1555=CARTESIAN_POINT('',(7.126695088,-3.6345862382,0.0));
#1556=VERTEX_POINT('',#1555);
#1557=CARTESIAN_POINT('',(0.0,0.0,0.0));
#1558=DIRECTION('',(0.0,0.0,1.0));
#1559=DIRECTION('',(1.0,0.0,0.0));
#1560=AXIS2_PLACEMENT_3D('',#1557,#1558,#1559);
#1561=CIRCLE('',#1560,8.0);
#1562=EDGE_CURVE('no 2436',#1556,#1548,#1561,.T.);
#1563=ORIENTED_EDGE('',*,*,#1562,.F.);
#1564=CARTESIAN_POINT('',(7.126695088,-3.6345862382,3.6200372072));
#1565=VERTEX_POINT('',#1564);
#1566=CARTESIAN_POINT('',(7.126695088,-3.6345862382,2.425));
#1567=DIRECTION('',(0.0,0.0,1.0));
#1568=VECTOR('',#1567,1.0);
#1569=LINE('',#1566,#1568);
#1570=EDGE_CURVE('no 2442',#1556,#1565,#1569,.T.);
#1571=ORIENTED_EDGE('',*,*,#1570,.T.);
#1572=CARTESIAN_POINT('',(5.6664875445,-5.6472045215,4.525));
#1573=VERTEX_POINT('',#1572);
#1574=CARTESIAN_POINT('',(7.126695088,-3.6345862382,3.6200372072));
#1575=CARTESIAN_POINT('',(6.9360899993,-4.0083246118,3.7708604014));
#1576=CARTESIAN_POINT('',(6.7155427919,-4.3677360738,3.9229312415));
#1577=CARTESIAN_POINT('',(6.2264266376,-5.0399987014,4.224599353));
#1578=CARTESIAN_POINT('',(5.9574130011,-5.3552856669,4.374995632));
#1579=CARTESIAN_POINT('',(5.6664875445,-5.6472045215,4.525));
#1580=B_SPLINE_CURVE_WITH_KNOTS('',3,(#1574,#1575,#1576,#1577,#1578,#1579),.UNSPECIFIED.,.F.,.U.,
 (4,2,4),(0.0,0.5040929177,1.0),.UNSPECIFIED.);
#1581=EDGE_CURVE('no 2448',#1565,#1573,#1580,.T.);
#1582=ORIENTED_EDGE('',*,*,#1581,.T.);
#1583=CARTESIAN_POINT('',(5.6472045215,-5.6664875445,4.525));
#1584=VERTEX_POINT('',#1583);
#1585=CARTESIAN_POINT('',(0.0,0.0,4.525));
#1586=DIRECTION('',(0.0,0.0,1.0));
#1587=DIRECTION('',(1.0,0.0,0.0));
#1588=AXIS2_PLACEMENT_3D('',#1585,#1586,#1587);
#1589=CIRCLE('',#1588,8.0);
#1590=EDGE_CURVE('no 2454',#1584,#1573,#1589,.T.);
#1591=ORIENTED_EDGE('',*,*,#1590,.F.);
#1592=CARTESIAN_POINT('',(3.6345862382,-7.126695088,3.6200372072));
#1593=VERTEX_POINT('',#1592);
#1594=CARTESIAN_POINT('',(5.6472045215,-5.6664875445,4.525));
#1595=CARTESIAN_POINT('',(5.6440853014,-5.6695961499,4.5233971688));
#1596=CARTESIAN_POINT('',(5.6409635135,-5.6727021809,4.5217943377));
#1597=CARTESIAN_POINT('',(5.625341708,-5.6882194893,4.5137801602));
#1598=CARTESIAN_POINT('',(5.612803187,-5.7005921338,4.5073687973));
#1599=CARTESIAN_POINT('',(5.5499035493,-5.7622509463,4.4753105165));
#1600=CARTESIAN_POINT('',(5.4989272082,-5.8109177513,4.4496622897));
#1601=CARTESIAN_POINT('',(5.2406516928,-6.0510497725,4.3213255038));
#1602=CARTESIAN_POINT('',(5.0235243896,-6.2324858781,4.2185488719));
#1603=CARTESIAN_POINT('',(4.7674626896,-6.4243849556,4.1023769894));
#1604=CARTESIAN_POINT('',(4.7371194263,-6.4467916262,4.0886866677));
#1605=CARTESIAN_POINT('',(4.379215629,-6.7071906455,3.9280825256));
#1606=CARTESIAN_POINT('',(4.0326884115,-6.9211051458,3.7811769573));
#1607=CARTESIAN_POINT('',(3.6600815701,-7.1136489926,3.6303341434));
#1608=CARTESIAN_POINT('',(3.64715647,-7.1202843196,3.6251099603));
#1609=CARTESIAN_POINT('',(3.6345862382,-7.126695088,3.6200372072));
#1610=B_SPLINE_CURVE_WITH_KNOTS('',3,(#1594,#1595,#1596,#1597,#1598,#1599,#1600,#1601,#1602,#1603,
    #1604,#1605,#1606,#1607,#1608,#1609),.UNSPECIFIED.,.F.,.U.,
 (4,2,2,2,2,2,2,4),(0.0,0.0052979651,0.0264899214,0.1112638723,0.450753555,0.496115663,0.9830483842,1.0),.UNSPECIFIED.);
#1611=EDGE_CURVE('no 2460',#1584,#1593,#1610,.T.);
#1612=ORIENTED_EDGE('',*,*,#1611,.T.);
#1613=CARTESIAN_POINT('',(3.6345862382,-7.126695088,0.0));
#1614=VERTEX_POINT('',#1613);
#1615=CARTESIAN_POINT('',(3.6345862382,-7.126695088,2.425));
#1616=DIRECTION('',(0.0,0.0,-1.0));
#1617=VECTOR('',#1616,1.0);
#1618=LINE('',#1615,#1617);
#1619=EDGE_CURVE('no 2466',#1593,#1614,#1618,.T.);
#1620=ORIENTED_EDGE('',*,*,#1619,.T.);
#1621=CARTESIAN_POINT('',(2.3486892535,-7.6474609375,0.0));
#1622=VERTEX_POINT('',#1621);
#1623=CARTESIAN_POINT('',(0.0,0.0,0.0));
#1624=DIRECTION('',(0.0,0.0,1.0));
#1625=DIRECTION('',(1.0,0.0,0.0));
#1626=AXIS2_PLACEMENT_3D('',#1623,#1624,#1625);
#1627=CIRCLE('',#1626,8.0);
#1628=EDGE_CURVE('no 2472',#1622,#1614,#1627,.T.);
#1629=ORIENTED_EDGE('',*,*,#1628,.F.);
#1630=CARTESIAN_POINT('',(2.3486892535,-7.6474609375,4.375));
#1631=VERTEX_POINT('',#1630);
#1632=CARTESIAN_POINT('',(2.3486892535,-7.6474609375,-1.4175));
#1633=DIRECTION('',(0.0,0.0,-1.0));
#1634=VECTOR('',#1633,1.0);
#1635=LINE('',#1632,#1634);
#1636=EDGE_CURVE('no 2478',#1631,#1622,#1635,.T.);
#1637=ORIENTED_EDGE('',*,*,#1636,.F.);
#1638=CARTESIAN_POINT('',(-2.3486892535,-7.6474609375,4.375));
#1639=VERTEX_POINT('',#1638);
#1640=CARTESIAN_POINT('',(0.0,0.0,4.375));
#1641=DIRECTION('',(0.0,0.0,1.0));
#1642=DIRECTION('',(1.0,0.0,0.0));
#1643=AXIS2_PLACEMENT_3D('',#1640,#1641,#1642);
#1644=CIRCLE('',#1643,8.0);
#1645=EDGE_CURVE('no 2484',#1639,#1631,#1644,.T.);
#1646=ORIENTED_EDGE('',*,*,#1645,.F.);
#1647=CARTESIAN_POINT('',(-2.3486892535,-7.6474609375,0.0));
#1648=VERTEX_POINT('',#1647);
#1649=CARTESIAN_POINT('',(-2.3486892535,-7.6474609375,-1.4175));
#1650=DIRECTION('',(0.0,0.0,1.0));
#1651=VECTOR('',#1650,1.0);
#1652=LINE('',#1649,#1651);
#1653=EDGE_CURVE('no 2490',#1648,#1639,#1652,.T.);
#1654=ORIENTED_EDGE('',*,*,#1653,.F.);
#1655=CARTESIAN_POINT('',(-7.6474609375,-2.3486892535,0.0));
#1656=VERTEX_POINT('',#1655);
#1657=CARTESIAN_POINT('',(0.0,0.0,0.0));
#1658=DIRECTION('',(0.0,0.0,1.0));
#1659=DIRECTION('',(1.0,0.0,0.0));
#1660=AXIS2_PLACEMENT_3D('',#1657,#1658,#1659);
#1661=CIRCLE('',#1660,8.0);
#1662=EDGE_CURVE('no 2496',#1656,#1648,#1661,.T.);
#1663=ORIENTED_EDGE('',*,*,#1662,.F.);
#1664=CARTESIAN_POINT('',(-7.6474609375,-2.3486892535,4.375));
#1665=VERTEX_POINT('',#1664);
#1666=CARTESIAN_POINT('',(-7.6474609375,-2.3486892535,1.1875));
#1667=DIRECTION('',(0.0,0.0,1.0));
#1668=VECTOR('',#1667,1.0);
#1669=LINE('',#1666,#1668);
#1670=EDGE_CURVE('no 2502',#1656,#1665,#1669,.T.);
#1671=ORIENTED_EDGE('',*,*,#1670,.T.);
#1672=CARTESIAN_POINT('',(-8.0,0.0,4.375));
#1673=VERTEX_POINT('',#1672);
#1674=CARTESIAN_POINT('',(0.0,0.0,4.375));
#1675=DIRECTION('',(0.0,0.0,1.0));
#1676=DIRECTION('',(1.0,0.0,0.0));
#1677=AXIS2_PLACEMENT_3D('',#1674,#1675,#1676);
#1678=CIRCLE('',#1677,8.0);
#1679=EDGE_CURVE('no 2508',#1673,#1665,#1678,.T.);
#1680=ORIENTED_EDGE('',*,*,#1679,.F.);
#1681=CARTESIAN_POINT('',(-8.0,0.0,6.0));
#1682=VERTEX_POINT('',#1681);
#1683=CARTESIAN_POINT('',(-8.0,0.0,6.0));
#1684=DIRECTION('',(0.0,0.0,-1.0));
#1685=VECTOR('',#1684,1.0);
#1686=LINE('',#1683,#1685);
#1687=EDGE_CURVE('no 2514',#1682,#1673,#1686,.T.);
#1688=ORIENTED_EDGE('',*,*,#1687,.F.);
#1689=CARTESIAN_POINT('',(0.0,0.0,6.0));
#1690=DIRECTION('',(0.0,-0.0,1.0));
#1691=DIRECTION('',(-1.0,0.0,0.0));
#1692=AXIS2_PLACEMENT_3D('',#1689,#1690,#1691);
#1693=CIRCLE('',#1692,8.0);
#1694=EDGE_CURVE('no 2518',#1682,#1529,#1693,.T.);
#1695=ORIENTED_EDGE('',*,*,#1694,.T.);
#1696=EDGE_LOOP('',(
    #1537,#1546,#1554,#1563,#1571,#1582,#1591,#1612,#1620,#1629,
    #1637,#1646,#1654,#1663,#1671,#1680,#1688,#1695));
#1697=FACE_OUTER_BOUND('',#1696,.T.);
#1698=CARTESIAN_POINT('',(0.0,0.0,10.0));
#1699=DIRECTION('',(0.0,0.0,-1.0));
#1700=DIRECTION('',(-0.0,1.0,0.0));
#1701=AXIS2_PLACEMENT_3D('',#1698,#1699,#1700);
#1702=CYLINDRICAL_SURFACE('',#1701,8.0);
#1703=ADVANCED_FACE('no 2409',(#1697),#1702,.F.);
#1704=CARTESIAN_POINT('',(8.1,-9.5,6.0));
#1705=VERTEX_POINT('',#1704);
#1706=CARTESIAN_POINT('',(10.9,-9.5,6.0));
#1707=VERTEX_POINT('',#1706);
#1708=CARTESIAN_POINT('',(9.5,-9.5,6.0));
#1709=DIRECTION('',(0.0,0.0,1.0));
#1710=DIRECTION('',(1.0,0.0,0.0));
#1711=AXIS2_PLACEMENT_3D('',#1708,#1709,#1710);
#1712=CIRCLE('',#1711,1.4);
#1713=EDGE_CURVE('no 2529',#1705,#1707,#1712,.T.);
#1714=ORIENTED_EDGE('',*,*,#1713,.F.);
#1715=CARTESIAN_POINT('',(9.5,-9.5,6.0));
#1716=DIRECTION('',(0.0,0.0,1.0));
#1717=DIRECTION('',(1.0,0.0,0.0));
#1718=AXIS2_PLACEMENT_3D('',#1715,#1716,#1717);
#1719=CIRCLE('',#1718,1.4);
#1720=EDGE_CURVE('no 2533',#1707,#1705,#1719,.T.);
#1721=ORIENTED_EDGE('',*,*,#1720,.F.);
#1722=EDGE_LOOP('',(#1714,#1721));
#1723=FACE_BOUND('',#1722,.T.);
#1724=CARTESIAN_POINT('',(-10.9,9.5,6.0));
#1725=VERTEX_POINT('',#1724);
#1726=CARTESIAN_POINT('',(-8.1,9.5,6.0));
#1727=VERTEX_POINT('',#1726);
#1728=CARTESIAN_POINT('',(-9.5,9.5,6.0));
#1729=DIRECTION('',(0.0,0.0,1.0));
#1730=DIRECTION('',(1.0,0.0,0.0));
#1731=AXIS2_PLACEMENT_3D('',#1728,#1729,#1730);
#1732=CIRCLE('',#1731,1.4);
#1733=EDGE_CURVE('no 2542',#1725,#1727,#1732,.T.);
#1734=ORIENTED_EDGE('',*,*,#1733,.F.);
#1735=CARTESIAN_POINT('',(-9.5,9.5,6.0));
#1736=DIRECTION('',(0.0,0.0,1.0));
#1737=DIRECTION('',(1.0,0.0,0.0));
#1738=AXIS2_PLACEMENT_3D('',#1735,#1736,#1737);
#1739=CIRCLE('',#1738,1.4);
#1740=EDGE_CURVE('no 2546',#1727,#1725,#1739,.T.);
#1741=ORIENTED_EDGE('',*,*,#1740,.F.);
#1742=EDGE_LOOP('',(#1734,#1741));
#1743=FACE_BOUND('',#1742,.T.);
#1744=CARTESIAN_POINT('',(-15.0,15.0,6.0));
#1745=VERTEX_POINT('',#1744);
#1746=CARTESIAN_POINT('',(15.0,15.0,6.0));
#1747=VERTEX_POINT('',#1746);
#1748=CARTESIAN_POINT('',(0.0,15.0,6.0));
#1749=DIRECTION('',(1.0,0.0,0.0));
#1750=VECTOR('',#1749,1.0);
#1751=LINE('',#1748,#1750);
#1752=EDGE_CURVE('no 2555',#1745,#1747,#1751,.T.);
#1753=ORIENTED_EDGE('',*,*,#1752,.F.);
#1754=CARTESIAN_POINT('',(-15.0,-15.0,6.0));
#1755=VERTEX_POINT('',#1754);
#1756=CARTESIAN_POINT('',(-15.0,0.0,6.0));
#1757=DIRECTION('',(0.0,1.0,0.0));
#1758=VECTOR('',#1757,1.0);
#1759=LINE('',#1756,#1758);
#1760=EDGE_CURVE('no 2561',#1755,#1745,#1759,.T.);
#1761=ORIENTED_EDGE('',*,*,#1760,.F.);
#1762=CARTESIAN_POINT('',(15.0,-15.0,6.0));
#1763=VERTEX_POINT('',#1762);
#1764=CARTESIAN_POINT('',(0.0,-15.0,6.0));
#1765=DIRECTION('',(-1.0,0.0,0.0));
#1766=VECTOR('',#1765,1.0);
#1767=LINE('',#1764,#1766);
#1768=EDGE_CURVE('no 2567',#1763,#1755,#1767,.T.);
#1769=ORIENTED_EDGE('',*,*,#1768,.F.);
#1770=CARTESIAN_POINT('',(15.0,0.0,6.0));
#1771=DIRECTION('',(0.0,-1.0,0.0));
#1772=VECTOR('',#1771,1.0);
#1773=LINE('',#1770,#1772);
#1774=EDGE_CURVE('no 2571',#1747,#1763,#1773,.T.);
#1775=ORIENTED_EDGE('',*,*,#1774,.F.);
#1776=EDGE_LOOP('',(#1753,#1761,#1769,#1775));
#1777=FACE_OUTER_BOUND('',#1776,.T.);
#1778=CARTESIAN_POINT('',(0.0,0.0,6.0));
#1779=DIRECTION('',(0.0,-0.0,1.0));
#1780=DIRECTION('',(-1.0,0.0,0.0));
#1781=AXIS2_PLACEMENT_3D('',#1778,#1779,#1780);
#1782=CIRCLE('',#1781,8.0);
#1783=EDGE_CURVE('no 2576',#1529,#1682,#1782,.T.);
#1784=ORIENTED_EDGE('',*,*,#1783,.F.);
#1785=ORIENTED_EDGE('',*,*,#1694,.F.);
#1786=EDGE_LOOP('',(#1784,#1785));
#1787=FACE_BOUND('',#1786,.T.);
#1788=CARTESIAN_POINT('',(10.9,9.5,6.0));
#1789=VERTEX_POINT('',#1788);
#1790=CARTESIAN_POINT('',(8.1,9.5,6.0));
#1791=VERTEX_POINT('',#1790);
#1792=CARTESIAN_POINT('',(9.5,9.5,6.0));
#1793=DIRECTION('',(0.0,0.0,-1.0));
#1794=DIRECTION('',(1.0,0.0,0.0));
#1795=AXIS2_PLACEMENT_3D('',#1792,#1793,#1794);
#1796=CIRCLE('',#1795,1.4);
#1797=EDGE_CURVE('no 2587',#1789,#1791,#1796,.T.);
#1798=ORIENTED_EDGE('',*,*,#1797,.T.);
#1799=CARTESIAN_POINT('',(9.5,9.5,6.0));
#1800=DIRECTION('',(0.0,0.0,-1.0));
#1801=DIRECTION('',(1.0,0.0,0.0));
#1802=AXIS2_PLACEMENT_3D('',#1799,#1800,#1801);
#1803=CIRCLE('',#1802,1.4);
#1804=EDGE_CURVE('no 2591',#1791,#1789,#1803,.T.);
#1805=ORIENTED_EDGE('',*,*,#1804,.T.);
#1806=EDGE_LOOP('',(#1798,#1805));
#1807=FACE_BOUND('',#1806,.T.);
#1808=CARTESIAN_POINT('',(-8.1,-9.5,6.0));
#1809=VERTEX_POINT('',#1808);
#1810=CARTESIAN_POINT('',(-10.9,-9.5,6.0));
#1811=VERTEX_POINT('',#1810);
#1812=CARTESIAN_POINT('',(-9.5,-9.5,6.0));
#1813=DIRECTION('',(0.0,0.0,-1.0));
#1814=DIRECTION('',(1.0,0.0,0.0));
#1815=AXIS2_PLACEMENT_3D('',#1812,#1813,#1814);
#1816=CIRCLE('',#1815,1.4);
#1817=EDGE_CURVE('no 2600',#1809,#1811,#1816,.T.);
#1818=ORIENTED_EDGE('',*,*,#1817,.T.);
#1819=CARTESIAN_POINT('',(-9.5,-9.5,6.0));
#1820=DIRECTION('',(0.0,0.0,-1.0));
#1821=DIRECTION('',(1.0,0.0,0.0));
#1822=AXIS2_PLACEMENT_3D('',#1819,#1820,#1821);
#1823=CIRCLE('',#1822,1.4);
#1824=EDGE_CURVE('no 2604',#1811,#1809,#1823,.T.);
#1825=ORIENTED_EDGE('',*,*,#1824,.T.);
#1826=EDGE_LOOP('',(#1818,#1825));
#1827=FACE_BOUND('',#1826,.T.);
#1828=CARTESIAN_POINT('',(0.0,0.0,6.0));
#1829=DIRECTION('',(0.0,0.0,-1.0));
#1830=DIRECTION('',(-1.0,0.0,0.0));
#1831=AXIS2_PLACEMENT_3D('',#1828,#1829,#1830);
#1832=PLANE('',#1831);
#1833=ADVANCED_FACE('no 2520',(#1723,#1743,#1777,#1787,#1807,#1827),#1832,.F.);
#1834=CARTESIAN_POINT('',(15.0,15.0,-12.575));
#1835=VERTEX_POINT('',#1834);
#1836=CARTESIAN_POINT('',(15.0,15.0,10.0));
#1837=DIRECTION('',(0.0,0.0,-1.0));
#1838=VECTOR('',#1837,1.0);
#1839=LINE('',#1836,#1838);
#1840=EDGE_CURVE('no 2613',#1747,#1835,#1839,.T.);
#1841=ORIENTED_EDGE('',*,*,#1840,.T.);
#1842=CARTESIAN_POINT('',(-15.0,15.0,-12.575));
#1843=VERTEX_POINT('',#1842);
#1844=CARTESIAN_POINT('',(0.0,15.0,-12.575));
#1845=DIRECTION('',(1.0,0.0,0.0));
#1846=VECTOR('',#1845,1.0);
#1847=LINE('',#1844,#1846);
#1848=EDGE_CURVE('no 2619',#1843,#1835,#1847,.T.);
#1849=ORIENTED_EDGE('',*,*,#1848,.F.);
#1850=CARTESIAN_POINT('',(-15.0,15.0,10.0));
#1851=DIRECTION('',(0.0,0.0,-1.0));
#1852=VECTOR('',#1851,1.0);
#1853=LINE('',#1850,#1852);
#1854=EDGE_CURVE('no 2623',#1745,#1843,#1853,.T.);
#1855=ORIENTED_EDGE('',*,*,#1854,.F.);
#1856=ORIENTED_EDGE('',*,*,#1752,.T.);
#1857=EDGE_LOOP('',(#1841,#1849,#1855,#1856));
#1858=FACE_OUTER_BOUND('',#1857,.T.);
#1859=CARTESIAN_POINT('',(-15.0,15.0,10.0));
#1860=DIRECTION('',(0.0,1.0,0.0));
#1861=DIRECTION('',(0.0,0.0,1.0));
#1862=AXIS2_PLACEMENT_3D('',#1859,#1860,#1861);
#1863=PLANE('',#1862);
#1864=ADVANCED_FACE('no 2606',(#1858),#1863,.T.);
#1865=CARTESIAN_POINT('',(15.0,-15.0,-12.575));
#1866=VERTEX_POINT('',#1865);
#1867=CARTESIAN_POINT('',(15.0,-15.0,10.0));
#1868=DIRECTION('',(0.0,0.0,-1.0));
#1869=VECTOR('',#1868,1.0);
#1870=LINE('',#1867,#1869);
#1871=EDGE_CURVE('no 2634',#1763,#1866,#1870,.T.);
#1872=ORIENTED_EDGE('',*,*,#1871,.T.);
#1873=CARTESIAN_POINT('',(15.0,0.0,-12.575));
#1874=DIRECTION('',(0.0,-1.0,0.0));
#1875=VECTOR('',#1874,1.0);
#1876=LINE('',#1873,#1875);
#1877=EDGE_CURVE('no 2638',#1835,#1866,#1876,.T.);
#1878=ORIENTED_EDGE('',*,*,#1877,.F.);
#1879=ORIENTED_EDGE('',*,*,#1840,.F.);
#1880=ORIENTED_EDGE('',*,*,#1774,.T.);
#1881=EDGE_LOOP('',(#1872,#1878,#1879,#1880));
#1882=FACE_OUTER_BOUND('',#1881,.T.);
#1883=CARTESIAN_POINT('',(15.0,15.0,10.0));
#1884=DIRECTION('',(1.0,0.0,0.0));
#1885=DIRECTION('',(0.0,0.0,-1.0));
#1886=AXIS2_PLACEMENT_3D('',#1883,#1884,#1885);
#1887=PLANE('',#1886);
#1888=ADVANCED_FACE('no 2627',(#1882),#1887,.T.);
#1889=CARTESIAN_POINT('',(-15.0,-15.0,-12.575));
#1890=VERTEX_POINT('',#1889);
#1891=CARTESIAN_POINT('',(-15.0,-15.0,10.0));
#1892=DIRECTION('',(0.0,0.0,-1.0));
#1893=VECTOR('',#1892,1.0);
#1894=LINE('',#1891,#1893);
#1895=EDGE_CURVE('no 2651',#1755,#1890,#1894,.T.);
#1896=ORIENTED_EDGE('',*,*,#1895,.T.);
#1897=CARTESIAN_POINT('',(0.0,-15.0,-12.575));
#1898=DIRECTION('',(-1.0,0.0,0.0));
#1899=VECTOR('',#1898,1.0);
#1900=LINE('',#1897,#1899);
#1901=EDGE_CURVE('no 2655',#1866,#1890,#1900,.T.);
#1902=ORIENTED_EDGE('',*,*,#1901,.F.);
#1903=ORIENTED_EDGE('',*,*,#1871,.F.);
#1904=ORIENTED_EDGE('',*,*,#1768,.T.);
#1905=EDGE_LOOP('',(#1896,#1902,#1903,#1904));
#1906=FACE_OUTER_BOUND('',#1905,.T.);
#1907=CARTESIAN_POINT('',(15.0,-15.0,10.0));
#1908=DIRECTION('',(0.0,-1.0,0.0));
#1909=DIRECTION('',(0.0,0.0,-1.0));
#1910=AXIS2_PLACEMENT_3D('',#1907,#1908,#1909);
#1911=PLANE('',#1910);
#1912=ADVANCED_FACE('no 2644',(#1906),#1911,.T.);
#1913=ORIENTED_EDGE('',*,*,#1854,.T.);
#1914=CARTESIAN_POINT('',(-15.0,0.0,-12.575));
#1915=DIRECTION('',(0.0,1.0,0.0));
#1916=VECTOR('',#1915,1.0);
#1917=LINE('',#1914,#1916);
#1918=EDGE_CURVE('no 2668',#1890,#1843,#1917,.T.);
#1919=ORIENTED_EDGE('',*,*,#1918,.F.);
#1920=ORIENTED_EDGE('',*,*,#1895,.F.);
#1921=ORIENTED_EDGE('',*,*,#1760,.T.);
#1922=EDGE_LOOP('',(#1913,#1919,#1920,#1921));
#1923=FACE_OUTER_BOUND('',#1922,.T.);
#1924=CARTESIAN_POINT('',(-15.0,-15.0,10.0));
#1925=DIRECTION('',(-1.0,0.0,0.0));
#1926=DIRECTION('',(0.0,0.0,1.0));
#1927=AXIS2_PLACEMENT_3D('',#1924,#1925,#1926);
#1928=PLANE('',#1927);
#1929=ADVANCED_FACE('no 2661',(#1923),#1928,.T.);
#1930=CARTESIAN_POINT('',(3.1568542495,-5.6568542495,0.0));
#1931=VERTEX_POINT('',#1930);
#1932=CARTESIAN_POINT('',(5.6568542495,-5.6568542495,0.0));
#1933=DIRECTION('',(0.0,-0.0,1.0));
#1934=DIRECTION('',(-1.0,0.0,0.0));
#1935=AXIS2_PLACEMENT_3D('',#1932,#1933,#1934);
#1936=CIRCLE('',#1935,2.5);
#1937=EDGE_CURVE('no 2681',#1931,#1614,#1936,.T.);
#1938=ORIENTED_EDGE('',*,*,#1937,.F.);
#1939=CARTESIAN_POINT('',(5.6568542495,-5.6568542495,0.0));
#1940=DIRECTION('',(0.0,-0.0,1.0));
#1941=DIRECTION('',(-1.0,0.0,0.0));
#1942=AXIS2_PLACEMENT_3D('',#1939,#1940,#1941);
#1943=CIRCLE('',#1942,2.5);
#1944=EDGE_CURVE('no 2685',#1556,#1931,#1943,.T.);
#1945=ORIENTED_EDGE('',*,*,#1944,.F.);
#1946=ORIENTED_EDGE('',*,*,#1562,.T.);
#1947=CARTESIAN_POINT('',(5.625,-0.0,0.0));
#1948=VERTEX_POINT('',#1947);
#1949=CARTESIAN_POINT('',(8.0,-0.0,0.0));
#1950=DIRECTION('',(0.0,0.0,-1.0));
#1951=DIRECTION('',(-1.0,0.0,0.0));
#1952=AXIS2_PLACEMENT_3D('',#1949,#1950,#1951);
#1953=CIRCLE('',#1952,2.375);
#1954=EDGE_CURVE('no 2693',#1548,#1948,#1953,.T.);
#1955=ORIENTED_EDGE('',*,*,#1954,.T.);
#1956=CARTESIAN_POINT('',(7.6474609375,2.3486892535,0.0));
#1957=VERTEX_POINT('',#1956);
#1958=CARTESIAN_POINT('',(8.0,-0.0,0.0));
#1959=DIRECTION('',(0.0,0.0,-1.0));
#1960=DIRECTION('',(-1.0,0.0,0.0));
#1961=AXIS2_PLACEMENT_3D('',#1958,#1959,#1960);
#1962=CIRCLE('',#1961,2.375);
#1963=EDGE_CURVE('no 2699',#1948,#1957,#1962,.T.);
#1964=ORIENTED_EDGE('',*,*,#1963,.T.);
#1965=CARTESIAN_POINT('',(2.3486892535,7.6474609375,0.0));
#1966=VERTEX_POINT('',#1965);
#1967=CARTESIAN_POINT('',(0.0,0.0,0.0));
#1968=DIRECTION('',(0.0,0.0,1.0));
#1969=DIRECTION('',(1.0,0.0,0.0));
#1970=AXIS2_PLACEMENT_3D('',#1967,#1968,#1969);
#1971=CIRCLE('',#1970,8.0);
#1972=EDGE_CURVE('no 2705',#1957,#1966,#1971,.T.);
#1973=ORIENTED_EDGE('',*,*,#1972,.T.);
#1974=CARTESIAN_POINT('',(-2.3486892535,7.6474609375,0.0));
#1975=VERTEX_POINT('',#1974);
#1976=CARTESIAN_POINT('',(0.0,8.0,0.0));
#1977=DIRECTION('',(0.0,0.0,-1.0));
#1978=DIRECTION('',(-1.0,0.0,0.0));
#1979=AXIS2_PLACEMENT_3D('',#1976,#1977,#1978);
#1980=CIRCLE('',#1979,2.375);
#1981=EDGE_CURVE('no 2711',#1966,#1975,#1980,.T.);
#1982=ORIENTED_EDGE('',*,*,#1981,.T.);
#1983=CARTESIAN_POINT('',(-7.6474609375,2.3486892535,0.0));
#1984=VERTEX_POINT('',#1983);
#1985=CARTESIAN_POINT('',(0.0,0.0,0.0));
#1986=DIRECTION('',(0.0,0.0,1.0));
#1987=DIRECTION('',(1.0,0.0,0.0));
#1988=AXIS2_PLACEMENT_3D('',#1985,#1986,#1987);
#1989=CIRCLE('',#1988,8.0);
#1990=EDGE_CURVE('no 2717',#1975,#1984,#1989,.T.);
#1991=ORIENTED_EDGE('',*,*,#1990,.T.);
#1992=CARTESIAN_POINT('',(-5.625,0.0,0.0));
#1993=VERTEX_POINT('',#1992);
#1994=CARTESIAN_POINT('',(-8.0,0.0,0.0));
#1995=DIRECTION('',(0.0,0.0,1.0));
#1996=DIRECTION('',(1.0,0.0,0.0));
#1997=AXIS2_PLACEMENT_3D('',#1994,#1995,#1996);
#1998=CIRCLE('',#1997,2.375);
#1999=EDGE_CURVE('no 2723',#1993,#1984,#1998,.T.);
#2000=ORIENTED_EDGE('',*,*,#1999,.F.);
#2001=CARTESIAN_POINT('',(-8.0,0.0,0.0));
#2002=DIRECTION('',(0.0,0.0,1.0));
#2003=DIRECTION('',(1.0,0.0,0.0));
#2004=AXIS2_PLACEMENT_3D('',#2001,#2002,#2003);
#2005=CIRCLE('',#2004,2.375);
#2006=EDGE_CURVE('no 2727',#1656,#1993,#2005,.T.);
#2007=ORIENTED_EDGE('',*,*,#2006,.F.);
#2008=ORIENTED_EDGE('',*,*,#1662,.T.);
#2009=CARTESIAN_POINT('',(-0.0,-8.0,0.0));
#2010=DIRECTION('',(0.0,0.0,-1.0));
#2011=DIRECTION('',(-1.0,0.0,0.0));
#2012=AXIS2_PLACEMENT_3D('',#2009,#2010,#2011);
#2013=CIRCLE('',#2012,2.375);
#2014=EDGE_CURVE('no 2733',#1648,#1622,#2013,.T.);
#2015=ORIENTED_EDGE('',*,*,#2014,.T.);
#2016=ORIENTED_EDGE('',*,*,#1628,.T.);
#2017=EDGE_LOOP('',(
    #1938,#1945,#1946,#1955,#1964,#1973,#1982,#1991,#2000,#2007,
    #2008,#2015,#2016));
#2018=FACE_OUTER_BOUND('',#2017,.T.);
#2019=CARTESIAN_POINT('',(4.0,0.0,0.0));
#2020=VERTEX_POINT('',#2019);
#2021=CARTESIAN_POINT('',(-4.0,0.0,0.0));
#2022=VERTEX_POINT('',#2021);
#2023=CARTESIAN_POINT('',(0.0,0.0,0.0));
#2024=DIRECTION('',(0.0,-0.0,1.0));
#2025=DIRECTION('',(-1.0,0.0,0.0));
#2026=AXIS2_PLACEMENT_3D('',#2023,#2024,#2025);
#2027=CIRCLE('',#2026,4.0);
#2028=EDGE_CURVE('no 2744',#2020,#2022,#2027,.T.);
#2029=ORIENTED_EDGE('',*,*,#2028,.F.);
#2030=CARTESIAN_POINT('',(0.0,0.0,0.0));
#2031=DIRECTION('',(0.0,-0.0,1.0));
#2032=DIRECTION('',(-1.0,0.0,0.0));
#2033=AXIS2_PLACEMENT_3D('',#2030,#2031,#2032);
#2034=CIRCLE('',#2033,4.0);
#2035=EDGE_CURVE('no 2748',#2022,#2020,#2034,.T.);
#2036=ORIENTED_EDGE('',*,*,#2035,.F.);
#2037=EDGE_LOOP('',(#2029,#2036));
#2038=FACE_BOUND('',#2037,.T.);
#2039=CARTESIAN_POINT('',(0.0,0.0,0.0));
#2040=DIRECTION('',(0.0,0.0,-1.0));
#2041=DIRECTION('',(-1.0,0.0,0.0));
#2042=AXIS2_PLACEMENT_3D('',#2039,#2040,#2041);
#2043=PLANE('',#2042);
#2044=ADVANCED_FACE('no 2674',(#2018,#2038),#2043,.F.);
#2045=ORIENTED_EDGE('',*,*,#1512,.T.);
#2046=CARTESIAN_POINT('',(-1.4142135624,1.4142135624,-12.575));
#2047=DIRECTION('',(0.0,0.0,1.0));
#2048=DIRECTION('',(-0.7071067812,-0.7071067812,0.0));
#2049=AXIS2_PLACEMENT_3D('',#2046,#2047,#2048);
#2050=CIRCLE('',#2049,0.7);
#2051=EDGE_CURVE('no 2757',#1498,#1506,#2050,.T.);
#2052=ORIENTED_EDGE('',*,*,#2051,.T.);
#2053=EDGE_LOOP('',(#2045,#2052));
#2054=FACE_BOUND('',#2053,.T.);
#2055=CARTESIAN_POINT('',(3.1568542495,-5.6568542495,-12.575));
#2056=VERTEX_POINT('',#2055);
#2057=CARTESIAN_POINT('',(8.1568542495,-5.6568542495,-12.575));
#2058=VERTEX_POINT('',#2057);
#2059=CARTESIAN_POINT('',(5.6568542495,-5.6568542495,-12.575));
#2060=DIRECTION('',(0.0,-0.0,1.0));
#2061=DIRECTION('',(-1.0,0.0,0.0));
#2062=AXIS2_PLACEMENT_3D('',#2059,#2060,#2061);
#2063=CIRCLE('',#2062,2.5);
#2064=EDGE_CURVE('no 2766',#2056,#2058,#2063,.T.);
#2065=ORIENTED_EDGE('',*,*,#2064,.T.);
#2066=CARTESIAN_POINT('',(5.6568542495,-5.6568542495,-12.575));
#2067=DIRECTION('',(0.0,-0.0,1.0));
#2068=DIRECTION('',(-1.0,0.0,0.0));
#2069=AXIS2_PLACEMENT_3D('',#2066,#2067,#2068);
#2070=CIRCLE('',#2069,2.5);
#2071=EDGE_CURVE('no 2770',#2058,#2056,#2070,.T.);
#2072=ORIENTED_EDGE('',*,*,#2071,.T.);
#2073=EDGE_LOOP('',(#2065,#2072));
#2074=FACE_BOUND('',#2073,.T.);
#2075=CARTESIAN_POINT('',(-10.525,0.0,-12.575));
#2076=VERTEX_POINT('',#2075);
#2077=CARTESIAN_POINT('',(-5.475,0.0,-12.575));
#2078=VERTEX_POINT('',#2077);
#2079=CARTESIAN_POINT('',(-8.0,0.0,-12.575));
#2080=DIRECTION('',(0.0,-0.0,1.0));
#2081=DIRECTION('',(-1.0,0.0,0.0));
#2082=AXIS2_PLACEMENT_3D('',#2079,#2080,#2081);
#2083=CIRCLE('',#2082,2.525);
#2084=EDGE_CURVE('no 2779',#2076,#2078,#2083,.T.);
#2085=ORIENTED_EDGE('',*,*,#2084,.T.);
#2086=CARTESIAN_POINT('',(-8.0,0.0,-12.575));
#2087=DIRECTION('',(0.0,-0.0,1.0));
#2088=DIRECTION('',(-1.0,0.0,0.0));
#2089=AXIS2_PLACEMENT_3D('',#2086,#2087,#2088);
#2090=CIRCLE('',#2089,2.525);
#2091=EDGE_CURVE('no 2783',#2078,#2076,#2090,.T.);
#2092=ORIENTED_EDGE('',*,*,#2091,.T.);
#2093=EDGE_LOOP('',(#2085,#2092));
#2094=FACE_BOUND('',#2093,.T.);
#2095=CARTESIAN_POINT('',(-2.525,-8.0,-12.575));
#2096=VERTEX_POINT('',#2095);
#2097=CARTESIAN_POINT('',(2.525,-8.0,-12.575));
#2098=VERTEX_POINT('',#2097);
#2099=CARTESIAN_POINT('',(-0.0,-8.0,-12.575));
#2100=DIRECTION('',(0.0,-0.0,1.0));
#2101=DIRECTION('',(-1.0,0.0,0.0));
#2102=AXIS2_PLACEMENT_3D('',#2099,#2100,#2101);
#2103=CIRCLE('',#2102,2.525);
#2104=EDGE_CURVE('no 2792',#2096,#2098,#2103,.T.);
#2105=ORIENTED_EDGE('',*,*,#2104,.T.);
#2106=CARTESIAN_POINT('',(-0.0,-8.0,-12.575));
#2107=DIRECTION('',(0.0,-0.0,1.0));
#2108=DIRECTION('',(-1.0,0.0,0.0));
#2109=AXIS2_PLACEMENT_3D('',#2106,#2107,#2108);
#2110=CIRCLE('',#2109,2.525);
#2111=EDGE_CURVE('no 2796',#2098,#2096,#2110,.T.);
#2112=ORIENTED_EDGE('',*,*,#2111,.T.);
#2113=EDGE_LOOP('',(#2105,#2112));
#2114=FACE_BOUND('',#2113,.T.);
#2115=CARTESIAN_POINT('',(5.475,-0.0,-12.575));
#2116=VERTEX_POINT('',#2115);
#2117=CARTESIAN_POINT('',(10.525,-0.0,-12.575));
#2118=VERTEX_POINT('',#2117);
#2119=CARTESIAN_POINT('',(8.0,-0.0,-12.575));
#2120=DIRECTION('',(0.0,-0.0,1.0));
#2121=DIRECTION('',(-1.0,0.0,0.0));
#2122=AXIS2_PLACEMENT_3D('',#2119,#2120,#2121);
#2123=CIRCLE('',#2122,2.525);
#2124=EDGE_CURVE('no 2805',#2116,#2118,#2123,.T.);
#2125=ORIENTED_EDGE('',*,*,#2124,.T.);
#2126=CARTESIAN_POINT('',(8.0,-0.0,-12.575));
#2127=DIRECTION('',(0.0,-0.0,1.0));
#2128=DIRECTION('',(-1.0,0.0,0.0));
#2129=AXIS2_PLACEMENT_3D('',#2126,#2127,#2128);
#2130=CIRCLE('',#2129,2.525);
#2131=EDGE_CURVE('no 2809',#2118,#2116,#2130,.T.);
#2132=ORIENTED_EDGE('',*,*,#2131,.T.);
#2133=EDGE_LOOP('',(#2125,#2132));
#2134=FACE_BOUND('',#2133,.T.);
#2135=CARTESIAN_POINT('',(-2.525,8.0,-12.575));
#2136=VERTEX_POINT('',#2135);
#2137=CARTESIAN_POINT('',(2.525,8.0,-12.575));
#2138=VERTEX_POINT('',#2137);
#2139=CARTESIAN_POINT('',(0.0,8.0,-12.575));
#2140=DIRECTION('',(0.0,-0.0,1.0));
#2141=DIRECTION('',(-1.0,0.0,0.0));
#2142=AXIS2_PLACEMENT_3D('',#2139,#2140,#2141);
#2143=CIRCLE('',#2142,2.525);
#2144=EDGE_CURVE('no 2818',#2136,#2138,#2143,.T.);
#2145=ORIENTED_EDGE('',*,*,#2144,.T.);
#2146=CARTESIAN_POINT('',(0.0,8.0,-12.575));
#2147=DIRECTION('',(0.0,-0.0,1.0));
#2148=DIRECTION('',(-1.0,0.0,0.0));
#2149=AXIS2_PLACEMENT_3D('',#2146,#2147,#2148);
#2150=CIRCLE('',#2149,2.525);
#2151=EDGE_CURVE('no 2822',#2138,#2136,#2150,.T.);
#2152=ORIENTED_EDGE('',*,*,#2151,.T.);
#2153=EDGE_LOOP('',(#2145,#2152));
#2154=FACE_BOUND('',#2153,.T.);
#2155=ORIENTED_EDGE('',*,*,#1918,.T.);
#2156=ORIENTED_EDGE('',*,*,#1848,.T.);
#2157=ORIENTED_EDGE('',*,*,#1877,.T.);
#2158=ORIENTED_EDGE('',*,*,#1901,.T.);
#2159=EDGE_LOOP('',(#2155,#2156,#2157,#2158));
#2160=FACE_OUTER_BOUND('',#2159,.T.);
#2161=CARTESIAN_POINT('',(0.0,0.0,-12.575));
#2162=DIRECTION('',(0.0,0.0,-1.0));
#2163=DIRECTION('',(-1.0,0.0,0.0));
#2164=AXIS2_PLACEMENT_3D('',#2161,#2162,#2163);
#2165=PLANE('',#2164);
#2166=ADVANCED_FACE('no 2750',(#2054,#2074,#2094,#2114,#2134,#2154,#2160),#2165,.T.);
#2167=CARTESIAN_POINT('',(-4.0,0.0,-8.0));
#2168=VERTEX_POINT('',#2167);
#2169=CARTESIAN_POINT('',(-4.0,0.0,-8.0));
#2170=DIRECTION('',(0.0,0.0,1.0));
#2171=VECTOR('',#2170,1.0);
#2172=LINE('',#2169,#2171);
#2173=EDGE_CURVE('no 2841',#2168,#2022,#2172,.T.);
#2174=ORIENTED_EDGE('',*,*,#2173,.T.);
#2175=ORIENTED_EDGE('',*,*,#2035,.T.);
#2176=CARTESIAN_POINT('',(4.0,0.0,-8.0));
#2177=VERTEX_POINT('',#2176);
#2178=CARTESIAN_POINT('',(4.0,0.0,-8.0));
#2179=DIRECTION('',(0.0,0.0,1.0));
#2180=VECTOR('',#2179,1.0);
#2181=LINE('',#2178,#2180);
#2182=EDGE_CURVE('no 2849',#2177,#2020,#2181,.T.);
#2183=ORIENTED_EDGE('',*,*,#2182,.F.);
#2184=CARTESIAN_POINT('',(0.0,0.0,-8.0));
#2185=DIRECTION('',(0.0,0.0,1.0));
#2186=DIRECTION('',(1.0,0.0,0.0));
#2187=AXIS2_PLACEMENT_3D('',#2184,#2185,#2186);
#2188=CIRCLE('',#2187,4.0);
#2189=EDGE_CURVE('no 2853',#2168,#2177,#2188,.T.);
#2190=ORIENTED_EDGE('',*,*,#2189,.F.);
#2191=EDGE_LOOP('',(#2174,#2175,#2183,#2190));
#2192=FACE_OUTER_BOUND('',#2191,.T.);
#2193=CARTESIAN_POINT('',(0.0,0.0,-4.0));
#2194=DIRECTION('',(0.0,0.0,1.0));
#2195=DIRECTION('',(0.0,1.0,0.0));
#2196=AXIS2_PLACEMENT_3D('',#2193,#2194,#2195);
#2197=CYLINDRICAL_SURFACE('',#2196,4.0);
#2198=ADVANCED_FACE('no 2834',(#2192),#2197,.F.);
#2199=ORIENTED_EDGE('',*,*,#1495,.T.);
#2200=CARTESIAN_POINT('',(-1.4142135624,1.4142135624,-8.0));
#2201=DIRECTION('',(-0.0,0.0,-1.0));
#2202=DIRECTION('',(-0.7071067812,-0.7071067812,0.0));
#2203=AXIS2_PLACEMENT_3D('',#2200,#2201,#2202);
#2204=CIRCLE('',#2203,0.7);
#2205=EDGE_CURVE('no 2862',#1489,#1487,#2204,.T.);
#2206=ORIENTED_EDGE('',*,*,#2205,.T.);
#2207=EDGE_LOOP('',(#2199,#2206));
#2208=FACE_BOUND('',#2207,.T.);
#2209=CARTESIAN_POINT('',(0.0,0.0,-8.0));
#2210=DIRECTION('',(0.0,0.0,1.0));
#2211=DIRECTION('',(1.0,0.0,0.0));
#2212=AXIS2_PLACEMENT_3D('',#2209,#2210,#2211);
#2213=CIRCLE('',#2212,4.0);
#2214=EDGE_CURVE('no 2867',#2177,#2168,#2213,.T.);
#2215=ORIENTED_EDGE('',*,*,#2214,.T.);
#2216=ORIENTED_EDGE('',*,*,#2189,.T.);
#2217=EDGE_LOOP('',(#2215,#2216));
#2218=FACE_OUTER_BOUND('',#2217,.T.);
#2219=CARTESIAN_POINT('',(0.0,0.0,-8.0));
#2220=DIRECTION('',(0.0,0.0,1.0));
#2221=DIRECTION('',(1.0,0.0,0.0));
#2222=AXIS2_PLACEMENT_3D('',#2219,#2220,#2221);
#2223=PLANE('',#2222);
#2224=ADVANCED_FACE('no 2855',(#2208,#2218),#2223,.T.);
#2225=CARTESIAN_POINT('',(-10.375,0.0,-0.375));
#2226=VERTEX_POINT('',#2225);
#2227=CARTESIAN_POINT('',(-10.375,0.0,4.375));
#2228=VERTEX_POINT('',#2227);
#2229=CARTESIAN_POINT('',(-10.375,0.0,-0.375));
#2230=DIRECTION('',(0.0,0.0,1.0));
#2231=VECTOR('',#2230,1.0);
#2232=LINE('',#2229,#2231);
#2233=EDGE_CURVE('no 2881',#2226,#2228,#2232,.T.);
#2234=ORIENTED_EDGE('',*,*,#2233,.T.);
#2235=CARTESIAN_POINT('',(-8.0,0.0,4.375));
#2236=DIRECTION('',(0.0,0.0,1.0));
#2237=DIRECTION('',(1.0,0.0,0.0));
#2238=AXIS2_PLACEMENT_3D('',#2235,#2236,#2237);
#2239=CIRCLE('',#2238,2.375);
#2240=EDGE_CURVE('no 2885',#2228,#1665,#2239,.T.);
#2241=ORIENTED_EDGE('',*,*,#2240,.T.);
#2242=ORIENTED_EDGE('',*,*,#1670,.F.);
#2243=ORIENTED_EDGE('',*,*,#2006,.T.);
#2244=CARTESIAN_POINT('',(-5.625,0.0,-0.375));
#2245=VERTEX_POINT('',#2244);
#2246=CARTESIAN_POINT('',(-5.625,0.0,-0.375));
#2247=DIRECTION('',(0.0,0.0,1.0));
#2248=VECTOR('',#2247,1.0);
#2249=LINE('',#2246,#2248);
#2250=EDGE_CURVE('no 2895',#2245,#1993,#2249,.T.);
#2251=ORIENTED_EDGE('',*,*,#2250,.F.);
#2252=CARTESIAN_POINT('',(-8.0,0.0,-0.375));
#2253=DIRECTION('',(0.0,0.0,-1.0));
#2254=DIRECTION('',(1.0,0.0,0.0));
#2255=AXIS2_PLACEMENT_3D('',#2252,#2253,#2254);
#2256=CIRCLE('',#2255,2.375);
#2257=EDGE_CURVE('no 2899',#2245,#2226,#2256,.T.);
#2258=ORIENTED_EDGE('',*,*,#2257,.T.);
#2259=EDGE_LOOP('',(#2234,#2241,#2242,#2243,#2251,#2258));
#2260=FACE_OUTER_BOUND('',#2259,.T.);
#2261=CARTESIAN_POINT('',(-8.0,0.0,-5.01));
#2262=DIRECTION('',(0.0,0.0,1.0));
#2263=DIRECTION('',(0.0,1.0,0.0));
#2264=AXIS2_PLACEMENT_3D('',#2261,#2262,#2263);
#2265=CYLINDRICAL_SURFACE('',#2264,2.375);
#2266=ADVANCED_FACE('no 2872',(#2260),#2265,.F.);
#2267=CARTESIAN_POINT('',(-7.6474609375,2.3486892535,4.375));
#2268=VERTEX_POINT('',#2267);
#2269=CARTESIAN_POINT('',(0.0,0.0,4.375));
#2270=DIRECTION('',(0.0,0.0,1.0));
#2271=DIRECTION('',(1.0,0.0,0.0));
#2272=AXIS2_PLACEMENT_3D('',#2269,#2270,#2271);
#2273=CIRCLE('',#2272,8.0);
#2274=EDGE_CURVE('no 2908',#2268,#1673,#2273,.T.);
#2275=ORIENTED_EDGE('',*,*,#2274,.T.);
#2276=ORIENTED_EDGE('',*,*,#1679,.T.);
#2277=ORIENTED_EDGE('',*,*,#2240,.F.);
#2278=CARTESIAN_POINT('',(-8.0,0.0,4.375));
#2279=DIRECTION('',(0.0,0.0,1.0));
#2280=DIRECTION('',(1.0,0.0,0.0));
#2281=AXIS2_PLACEMENT_3D('',#2278,#2279,#2280);
#2282=CIRCLE('',#2281,2.375);
#2283=EDGE_CURVE('no 2916',#2268,#2228,#2282,.T.);
#2284=ORIENTED_EDGE('',*,*,#2283,.F.);
#2285=EDGE_LOOP('',(#2275,#2276,#2277,#2284));
#2286=FACE_OUTER_BOUND('',#2285,.T.);
#2287=CARTESIAN_POINT('',(-8.0,0.0,4.375));
#2288=DIRECTION('',(0.0,0.0,1.0));
#2289=DIRECTION('',(1.0,0.0,0.0));
#2290=AXIS2_PLACEMENT_3D('',#2287,#2288,#2289);
#2291=PLANE('',#2290);
#2292=ADVANCED_FACE('no 2901',(#2286),#2291,.F.);
#2293=CARTESIAN_POINT('',(-2.375,-8.0,-0.375));
#2294=VERTEX_POINT('',#2293);
#2295=CARTESIAN_POINT('',(-2.375,-8.0,4.375));
#2296=VERTEX_POINT('',#2295);
#2297=CARTESIAN_POINT('',(-2.375,-8.0,-0.375));
#2298=DIRECTION('',(0.0,0.0,1.0));
#2299=VECTOR('',#2298,1.0);
#2300=LINE('',#2297,#2299);
#2301=EDGE_CURVE('no 2928',#2294,#2296,#2300,.T.);
#2302=ORIENTED_EDGE('',*,*,#2301,.T.);
#2303=CARTESIAN_POINT('',(2.375,-8.0,4.375));
#2304=VERTEX_POINT('',#2303);
#2305=CARTESIAN_POINT('',(-0.0,-8.0,4.375));
#2306=DIRECTION('',(0.0,0.0,1.0));
#2307=DIRECTION('',(1.0,0.0,0.0));
#2308=AXIS2_PLACEMENT_3D('',#2305,#2306,#2307);
#2309=CIRCLE('',#2308,2.375);
#2310=EDGE_CURVE('no 2934',#2296,#2304,#2309,.T.);
#2311=ORIENTED_EDGE('',*,*,#2310,.T.);
#2312=CARTESIAN_POINT('',(2.375,-8.0,-0.375));
#2313=VERTEX_POINT('',#2312);
#2314=CARTESIAN_POINT('',(2.375,-8.0,-0.375));
#2315=DIRECTION('',(0.0,0.0,1.0));
#2316=VECTOR('',#2315,1.0);
#2317=LINE('',#2314,#2316);
#2318=EDGE_CURVE('no 2940',#2313,#2304,#2317,.T.);
#2319=ORIENTED_EDGE('',*,*,#2318,.F.);
#2320=CARTESIAN_POINT('',(-0.0,-8.0,-0.375));
#2321=DIRECTION('',(0.0,0.0,-1.0));
#2322=DIRECTION('',(1.0,0.0,0.0));
#2323=AXIS2_PLACEMENT_3D('',#2320,#2321,#2322);
#2324=CIRCLE('',#2323,2.375);
#2325=EDGE_CURVE('no 2944',#2313,#2294,#2324,.T.);
#2326=ORIENTED_EDGE('',*,*,#2325,.T.);
#2327=EDGE_LOOP('',(#2302,#2311,#2319,#2326));
#2328=FACE_OUTER_BOUND('',#2327,.T.);
#2329=CARTESIAN_POINT('',(-0.0,-8.0,-5.01));
#2330=DIRECTION('',(0.0,0.0,1.0));
#2331=DIRECTION('',(0.0,1.0,0.0));
#2332=AXIS2_PLACEMENT_3D('',#2329,#2330,#2331);
#2333=CYLINDRICAL_SURFACE('',#2332,2.375);
#2334=ADVANCED_FACE('no 2919',(#2328),#2333,.F.);
#2335=ORIENTED_EDGE('',*,*,#1645,.T.);
#2336=CARTESIAN_POINT('',(-0.0,-8.0,4.375));
#2337=DIRECTION('',(0.0,0.0,1.0));
#2338=DIRECTION('',(1.0,0.0,0.0));
#2339=AXIS2_PLACEMENT_3D('',#2336,#2337,#2338);
#2340=CIRCLE('',#2339,2.375);
#2341=EDGE_CURVE('no 2953',#2304,#1631,#2340,.T.);
#2342=ORIENTED_EDGE('',*,*,#2341,.F.);
#2343=ORIENTED_EDGE('',*,*,#2310,.F.);
#2344=CARTESIAN_POINT('',(-0.0,-8.0,4.375));
#2345=DIRECTION('',(0.0,0.0,1.0));
#2346=DIRECTION('',(1.0,0.0,0.0));
#2347=AXIS2_PLACEMENT_3D('',#2344,#2345,#2346);
#2348=CIRCLE('',#2347,2.375);
#2349=EDGE_CURVE('no 2959',#1639,#2296,#2348,.T.);
#2350=ORIENTED_EDGE('',*,*,#2349,.F.);
#2351=EDGE_LOOP('',(#2335,#2342,#2343,#2350));
#2352=FACE_OUTER_BOUND('',#2351,.T.);
#2353=CARTESIAN_POINT('',(-0.0,-8.0,4.375));
#2354=DIRECTION('',(0.0,0.0,1.0));
#2355=DIRECTION('',(1.0,0.0,0.0));
#2356=AXIS2_PLACEMENT_3D('',#2353,#2354,#2355);
#2357=PLANE('',#2356);
#2358=ADVANCED_FACE('no 2946',(#2352),#2357,.F.);
#2359=CARTESIAN_POINT('',(5.625,-0.0,-0.375));
#2360=VERTEX_POINT('',#2359);
#2361=CARTESIAN_POINT('',(5.625,-0.0,-0.375));
#2362=DIRECTION('',(0.0,0.0,1.0));
#2363=VECTOR('',#2362,1.0);
#2364=LINE('',#2361,#2363);
#2365=EDGE_CURVE('no 2969',#2360,#1948,#2364,.T.);
#2366=ORIENTED_EDGE('',*,*,#2365,.T.);
#2367=ORIENTED_EDGE('',*,*,#1954,.F.);
#2368=ORIENTED_EDGE('',*,*,#1553,.T.);
#2369=CARTESIAN_POINT('',(10.375,-0.0,4.375));
#2370=VERTEX_POINT('',#2369);
#2371=CARTESIAN_POINT('',(8.0,-0.0,4.375));
#2372=DIRECTION('',(0.0,0.0,1.0));
#2373=DIRECTION('',(1.0,0.0,0.0));
#2374=AXIS2_PLACEMENT_3D('',#2371,#2372,#2373);
#2375=CIRCLE('',#2374,2.375);
#2376=EDGE_CURVE('no 2979',#1539,#2370,#2375,.T.);
#2377=ORIENTED_EDGE('',*,*,#2376,.T.);
#2378=CARTESIAN_POINT('',(10.375,-0.0,-0.375));
#2379=VERTEX_POINT('',#2378);
#2380=CARTESIAN_POINT('',(10.375,-0.0,-0.375));
#2381=DIRECTION('',(0.0,0.0,1.0));
#2382=VECTOR('',#2381,1.0);
#2383=LINE('',#2380,#2382);
#2384=EDGE_CURVE('no 2985',#2379,#2370,#2383,.T.);
#2385=ORIENTED_EDGE('',*,*,#2384,.F.);
#2386=CARTESIAN_POINT('',(8.0,-0.0,-0.375));
#2387=DIRECTION('',(0.0,0.0,-1.0));
#2388=DIRECTION('',(1.0,0.0,0.0));
#2389=AXIS2_PLACEMENT_3D('',#2386,#2387,#2388);
#2390=CIRCLE('',#2389,2.375);
#2391=EDGE_CURVE('no 2989',#2379,#2360,#2390,.T.);
#2392=ORIENTED_EDGE('',*,*,#2391,.T.);
#2393=EDGE_LOOP('',(#2366,#2367,#2368,#2377,#2385,#2392));
#2394=FACE_OUTER_BOUND('',#2393,.T.);
#2395=CARTESIAN_POINT('',(8.0,-0.0,-5.01));
#2396=DIRECTION('',(0.0,0.0,1.0));
#2397=DIRECTION('',(0.0,1.0,0.0));
#2398=AXIS2_PLACEMENT_3D('',#2395,#2396,#2397);
#2399=CYLINDRICAL_SURFACE('',#2398,2.375);
#2400=ADVANCED_FACE('no 2962',(#2394),#2399,.F.);
#2401=ORIENTED_EDGE('',*,*,#1545,.T.);
#2402=CARTESIAN_POINT('',(7.6474609375,2.3486892535,4.375));
#2403=VERTEX_POINT('',#2402);
#2404=CARTESIAN_POINT('',(0.0,0.0,4.375));
#2405=DIRECTION('',(0.0,0.0,1.0));
#2406=DIRECTION('',(1.0,0.0,0.0));
#2407=AXIS2_PLACEMENT_3D('',#2404,#2405,#2406);
#2408=CIRCLE('',#2407,8.0);
#2409=EDGE_CURVE('no 3000',#1531,#2403,#2408,.T.);
#2410=ORIENTED_EDGE('',*,*,#2409,.T.);
#2411=CARTESIAN_POINT('',(8.0,-0.0,4.375));
#2412=DIRECTION('',(0.0,0.0,1.0));
#2413=DIRECTION('',(1.0,0.0,0.0));
#2414=AXIS2_PLACEMENT_3D('',#2411,#2412,#2413);
#2415=CIRCLE('',#2414,2.375);
#2416=EDGE_CURVE('no 3004',#2370,#2403,#2415,.T.);
#2417=ORIENTED_EDGE('',*,*,#2416,.F.);
#2418=ORIENTED_EDGE('',*,*,#2376,.F.);
#2419=EDGE_LOOP('',(#2401,#2410,#2417,#2418));
#2420=FACE_OUTER_BOUND('',#2419,.T.);
#2421=CARTESIAN_POINT('',(8.0,-0.0,4.375));
#2422=DIRECTION('',(0.0,0.0,1.0));
#2423=DIRECTION('',(1.0,0.0,0.0));
#2424=AXIS2_PLACEMENT_3D('',#2421,#2422,#2423);
#2425=PLANE('',#2424);
#2426=ADVANCED_FACE('no 2991',(#2420),#2425,.F.);
#2427=CARTESIAN_POINT('',(-2.375,8.0,-0.375));
#2428=VERTEX_POINT('',#2427);
#2429=CARTESIAN_POINT('',(-2.375,8.0,4.375));
#2430=VERTEX_POINT('',#2429);
#2431=CARTESIAN_POINT('',(-2.375,8.0,-0.375));
#2432=DIRECTION('',(0.0,0.0,1.0));
#2433=VECTOR('',#2432,1.0);
#2434=LINE('',#2431,#2433);
#2435=EDGE_CURVE('no 3018',#2428,#2430,#2434,.T.);
#2436=ORIENTED_EDGE('',*,*,#2435,.T.);
#2437=CARTESIAN_POINT('',(-2.3486892535,7.6474609375,4.375));
#2438=VERTEX_POINT('',#2437);
#2439=CARTESIAN_POINT('',(0.0,8.0,4.375));
#2440=DIRECTION('',(0.0,0.0,1.0));
#2441=DIRECTION('',(1.0,0.0,0.0));
#2442=AXIS2_PLACEMENT_3D('',#2439,#2440,#2441);
#2443=CIRCLE('',#2442,2.375);
#2444=EDGE_CURVE('no 3024',#2430,#2438,#2443,.T.);
#2445=ORIENTED_EDGE('',*,*,#2444,.T.);
#2446=CARTESIAN_POINT('',(-2.3486892535,7.6474609375,-1.4175));
#2447=DIRECTION('',(0.0,0.0,-1.0));
#2448=VECTOR('',#2447,1.0);
#2449=LINE('',#2446,#2448);
#2450=EDGE_CURVE('no 3028',#2438,#1975,#2449,.T.);
#2451=ORIENTED_EDGE('',*,*,#2450,.T.);
#2452=ORIENTED_EDGE('',*,*,#1981,.F.);
#2453=CARTESIAN_POINT('',(2.3486892535,7.6474609375,4.375));
#2454=VERTEX_POINT('',#2453);
#2455=CARTESIAN_POINT('',(2.3486892535,7.6474609375,-1.4175));
#2456=DIRECTION('',(0.0,0.0,1.0));
#2457=VECTOR('',#2456,1.0);
#2458=LINE('',#2455,#2457);
#2459=EDGE_CURVE('no 3036',#1966,#2454,#2458,.T.);
#2460=ORIENTED_EDGE('',*,*,#2459,.T.);
#2461=CARTESIAN_POINT('',(2.375,8.0,4.375));
#2462=VERTEX_POINT('',#2461);
#2463=CARTESIAN_POINT('',(0.0,8.0,4.375));
#2464=DIRECTION('',(0.0,0.0,1.0));
#2465=DIRECTION('',(1.0,0.0,0.0));
#2466=AXIS2_PLACEMENT_3D('',#2463,#2464,#2465);
#2467=CIRCLE('',#2466,2.375);
#2468=EDGE_CURVE('no 3042',#2454,#2462,#2467,.T.);
#2469=ORIENTED_EDGE('',*,*,#2468,.T.);
#2470=CARTESIAN_POINT('',(2.375,8.0,-0.375));
#2471=VERTEX_POINT('',#2470);
#2472=CARTESIAN_POINT('',(2.375,8.0,-0.375));
#2473=DIRECTION('',(0.0,0.0,1.0));
#2474=VECTOR('',#2473,1.0);
#2475=LINE('',#2472,#2474);
#2476=EDGE_CURVE('no 3048',#2471,#2462,#2475,.T.);
#2477=ORIENTED_EDGE('',*,*,#2476,.F.);
#2478=CARTESIAN_POINT('',(0.0,8.0,-0.375));
#2479=DIRECTION('',(0.0,0.0,-1.0));
#2480=DIRECTION('',(1.0,0.0,0.0));
#2481=AXIS2_PLACEMENT_3D('',#2478,#2479,#2480);
#2482=CIRCLE('',#2481,2.375);
#2483=EDGE_CURVE('no 3052',#2471,#2428,#2482,.T.);
#2484=ORIENTED_EDGE('',*,*,#2483,.T.);
#2485=EDGE_LOOP('',(#2436,#2445,#2451,#2452,#2460,#2469,#2477,#2484));
#2486=FACE_OUTER_BOUND('',#2485,.T.);
#2487=CARTESIAN_POINT('',(0.0,8.0,-5.01));
#2488=DIRECTION('',(0.0,0.0,1.0));
#2489=DIRECTION('',(0.0,1.0,0.0));
#2490=AXIS2_PLACEMENT_3D('',#2487,#2488,#2489);
#2491=CYLINDRICAL_SURFACE('',#2490,2.375);
#2492=ADVANCED_FACE('no 3009',(#2486),#2491,.F.);
#2493=CARTESIAN_POINT('',(0.0,0.0,4.375));
#2494=DIRECTION('',(0.0,0.0,1.0));
#2495=DIRECTION('',(1.0,0.0,0.0));
#2496=AXIS2_PLACEMENT_3D('',#2493,#2494,#2495);
#2497=CIRCLE('',#2496,8.0);
#2498=EDGE_CURVE('no 3059',#2454,#2438,#2497,.T.);
#2499=ORIENTED_EDGE('',*,*,#2498,.T.);
#2500=ORIENTED_EDGE('',*,*,#2444,.F.);
#2501=CARTESIAN_POINT('',(0.0,8.0,4.375));
#2502=DIRECTION('',(0.0,0.0,1.0));
#2503=DIRECTION('',(1.0,0.0,0.0));
#2504=AXIS2_PLACEMENT_3D('',#2501,#2502,#2503);
#2505=CIRCLE('',#2504,2.375);
#2506=EDGE_CURVE('no 3065',#2462,#2430,#2505,.T.);
#2507=ORIENTED_EDGE('',*,*,#2506,.F.);
#2508=ORIENTED_EDGE('',*,*,#2468,.F.);
#2509=EDGE_LOOP('',(#2499,#2500,#2507,#2508));
#2510=FACE_OUTER_BOUND('',#2509,.T.);
#2511=CARTESIAN_POINT('',(0.0,8.0,4.375));
#2512=DIRECTION('',(0.0,0.0,1.0));
#2513=DIRECTION('',(1.0,0.0,0.0));
#2514=AXIS2_PLACEMENT_3D('',#2511,#2512,#2513);
#2515=PLANE('',#2514);
#2516=ADVANCED_FACE('no 3054',(#2510),#2515,.F.);
#2517=CARTESIAN_POINT('',(-2.525,8.0,-0.375));
#2518=VERTEX_POINT('',#2517);
#2519=CARTESIAN_POINT('',(2.525,8.0,-0.375));
#2520=VERTEX_POINT('',#2519);
#2521=CARTESIAN_POINT('',(0.0,8.0,-0.375));
#2522=DIRECTION('',(0.0,0.0,1.0));
#2523=DIRECTION('',(1.0,0.0,0.0));
#2524=AXIS2_PLACEMENT_3D('',#2521,#2522,#2523);
#2525=CIRCLE('',#2524,2.525);
#2526=EDGE_CURVE('no 3078',#2518,#2520,#2525,.T.);
#2527=ORIENTED_EDGE('',*,*,#2526,.F.);
#2528=CARTESIAN_POINT('',(0.0,8.0,-0.375));
#2529=DIRECTION('',(0.0,0.0,1.0));
#2530=DIRECTION('',(1.0,0.0,0.0));
#2531=AXIS2_PLACEMENT_3D('',#2528,#2529,#2530);
#2532=CIRCLE('',#2531,2.525);
#2533=EDGE_CURVE('no 3082',#2520,#2518,#2532,.T.);
#2534=ORIENTED_EDGE('',*,*,#2533,.F.);
#2535=EDGE_LOOP('',(#2527,#2534));
#2536=FACE_OUTER_BOUND('',#2535,.T.);
#2537=CARTESIAN_POINT('',(0.0,8.0,-0.375));
#2538=DIRECTION('',(0.0,0.0,-1.0));
#2539=DIRECTION('',(1.0,0.0,0.0));
#2540=AXIS2_PLACEMENT_3D('',#2537,#2538,#2539);
#2541=CIRCLE('',#2540,2.375);
#2542=EDGE_CURVE('no 3087',#2428,#2471,#2541,.T.);
#2543=ORIENTED_EDGE('',*,*,#2542,.F.);
#2544=ORIENTED_EDGE('',*,*,#2483,.F.);
#2545=EDGE_LOOP('',(#2543,#2544));
#2546=FACE_BOUND('',#2545,.T.);
#2547=CARTESIAN_POINT('',(0.0,8.0,-0.375));
#2548=DIRECTION('',(0.0,0.0,1.0));
#2549=DIRECTION('',(1.0,0.0,0.0));
#2550=AXIS2_PLACEMENT_3D('',#2547,#2548,#2549);
#2551=PLANE('',#2550);
#2552=ADVANCED_FACE('no 3069',(#2536,#2546),#2551,.F.);
#2553=CARTESIAN_POINT('',(2.525,8.0,-0.375));
#2554=DIRECTION('',(0.0,0.0,-1.0));
#2555=VECTOR('',#2554,1.0);
#2556=LINE('',#2553,#2555);
#2557=EDGE_CURVE('no 3097',#2520,#2138,#2556,.T.);
#2558=ORIENTED_EDGE('',*,*,#2557,.T.);
#2559=ORIENTED_EDGE('',*,*,#2144,.F.);
#2560=CARTESIAN_POINT('',(-2.525,8.0,-0.375));
#2561=DIRECTION('',(0.0,0.0,-1.0));
#2562=VECTOR('',#2561,1.0);
#2563=LINE('',#2560,#2562);
#2564=EDGE_CURVE('no 3103',#2518,#2136,#2563,.T.);
#2565=ORIENTED_EDGE('',*,*,#2564,.F.);
#2566=ORIENTED_EDGE('',*,*,#2526,.T.);
#2567=EDGE_LOOP('',(#2558,#2559,#2565,#2566));
#2568=FACE_OUTER_BOUND('',#2567,.T.);
#2569=CARTESIAN_POINT('',(0.0,8.0,-7.575));
#2570=DIRECTION('',(0.0,0.0,-1.0));
#2571=DIRECTION('',(-0.0,1.0,0.0));
#2572=AXIS2_PLACEMENT_3D('',#2569,#2570,#2571);
#2573=CYLINDRICAL_SURFACE('',#2572,2.525);
#2574=ADVANCED_FACE('no 3092',(#2568),#2573,.F.);
#2575=CARTESIAN_POINT('',(5.475,-0.0,-0.375));
#2576=VERTEX_POINT('',#2575);
#2577=CARTESIAN_POINT('',(10.525,-0.0,-0.375));
#2578=VERTEX_POINT('',#2577);
#2579=CARTESIAN_POINT('',(8.0,-0.0,-0.375));
#2580=DIRECTION('',(0.0,0.0,1.0));
#2581=DIRECTION('',(1.0,0.0,0.0));
#2582=AXIS2_PLACEMENT_3D('',#2579,#2580,#2581);
#2583=CIRCLE('',#2582,2.525);
#2584=EDGE_CURVE('no 3116',#2576,#2578,#2583,.T.);
#2585=ORIENTED_EDGE('',*,*,#2584,.F.);
#2586=CARTESIAN_POINT('',(8.0,-0.0,-0.375));
#2587=DIRECTION('',(0.0,0.0,1.0));
#2588=DIRECTION('',(1.0,0.0,0.0));
#2589=AXIS2_PLACEMENT_3D('',#2586,#2587,#2588);
#2590=CIRCLE('',#2589,2.525);
#2591=EDGE_CURVE('no 3120',#2578,#2576,#2590,.T.);
#2592=ORIENTED_EDGE('',*,*,#2591,.F.);
#2593=EDGE_LOOP('',(#2585,#2592));
#2594=FACE_OUTER_BOUND('',#2593,.T.);
#2595=CARTESIAN_POINT('',(8.0,-0.0,-0.375));
#2596=DIRECTION('',(0.0,0.0,-1.0));
#2597=DIRECTION('',(1.0,0.0,0.0));
#2598=AXIS2_PLACEMENT_3D('',#2595,#2596,#2597);
#2599=CIRCLE('',#2598,2.375);
#2600=EDGE_CURVE('no 3125',#2360,#2379,#2599,.T.);
#2601=ORIENTED_EDGE('',*,*,#2600,.F.);
#2602=ORIENTED_EDGE('',*,*,#2391,.F.);
#2603=EDGE_LOOP('',(#2601,#2602));
#2604=FACE_BOUND('',#2603,.T.);
#2605=CARTESIAN_POINT('',(8.0,-0.0,-0.375));
#2606=DIRECTION('',(0.0,0.0,1.0));
#2607=DIRECTION('',(1.0,0.0,0.0));
#2608=AXIS2_PLACEMENT_3D('',#2605,#2606,#2607);
#2609=PLANE('',#2608);
#2610=ADVANCED_FACE('no 3107',(#2594,#2604),#2609,.F.);
#2611=CARTESIAN_POINT('',(10.525,-0.0,-0.375));
#2612=DIRECTION('',(0.0,0.0,-1.0));
#2613=VECTOR('',#2612,1.0);
#2614=LINE('',#2611,#2613);
#2615=EDGE_CURVE('no 3135',#2578,#2118,#2614,.T.);
#2616=ORIENTED_EDGE('',*,*,#2615,.T.);
#2617=ORIENTED_EDGE('',*,*,#2124,.F.);
#2618=CARTESIAN_POINT('',(5.475,-0.0,-0.375));
#2619=DIRECTION('',(0.0,0.0,-1.0));
#2620=VECTOR('',#2619,1.0);
#2621=LINE('',#2618,#2620);
#2622=EDGE_CURVE('no 3141',#2576,#2116,#2621,.T.);
#2623=ORIENTED_EDGE('',*,*,#2622,.F.);
#2624=ORIENTED_EDGE('',*,*,#2584,.T.);
#2625=EDGE_LOOP('',(#2616,#2617,#2623,#2624));
#2626=FACE_OUTER_BOUND('',#2625,.T.);
#2627=CARTESIAN_POINT('',(8.0,-0.0,-7.575));
#2628=DIRECTION('',(0.0,0.0,-1.0));
#2629=DIRECTION('',(-0.0,1.0,0.0));
#2630=AXIS2_PLACEMENT_3D('',#2627,#2628,#2629);
#2631=CYLINDRICAL_SURFACE('',#2630,2.525);
#2632=ADVANCED_FACE('no 3130',(#2626),#2631,.F.);
#2633=CARTESIAN_POINT('',(-2.525,-8.0,-0.375));
#2634=VERTEX_POINT('',#2633);
#2635=CARTESIAN_POINT('',(2.525,-8.0,-0.375));
#2636=VERTEX_POINT('',#2635);
#2637=CARTESIAN_POINT('',(-0.0,-8.0,-0.375));
#2638=DIRECTION('',(0.0,0.0,1.0));
#2639=DIRECTION('',(1.0,0.0,0.0));
#2640=AXIS2_PLACEMENT_3D('',#2637,#2638,#2639);
#2641=CIRCLE('',#2640,2.525);
#2642=EDGE_CURVE('no 3154',#2634,#2636,#2641,.T.);
#2643=ORIENTED_EDGE('',*,*,#2642,.F.);
#2644=CARTESIAN_POINT('',(-0.0,-8.0,-0.375));
#2645=DIRECTION('',(0.0,0.0,1.0));
#2646=DIRECTION('',(1.0,0.0,0.0));
#2647=AXIS2_PLACEMENT_3D('',#2644,#2645,#2646);
#2648=CIRCLE('',#2647,2.525);
#2649=EDGE_CURVE('no 3158',#2636,#2634,#2648,.T.);
#2650=ORIENTED_EDGE('',*,*,#2649,.F.);
#2651=EDGE_LOOP('',(#2643,#2650));
#2652=FACE_OUTER_BOUND('',#2651,.T.);
#2653=CARTESIAN_POINT('',(-0.0,-8.0,-0.375));
#2654=DIRECTION('',(0.0,0.0,-1.0));
#2655=DIRECTION('',(1.0,0.0,0.0));
#2656=AXIS2_PLACEMENT_3D('',#2653,#2654,#2655);
#2657=CIRCLE('',#2656,2.375);
#2658=EDGE_CURVE('no 3163',#2294,#2313,#2657,.T.);
#2659=ORIENTED_EDGE('',*,*,#2658,.F.);
#2660=ORIENTED_EDGE('',*,*,#2325,.F.);
#2661=EDGE_LOOP('',(#2659,#2660));
#2662=FACE_BOUND('',#2661,.T.);
#2663=CARTESIAN_POINT('',(-0.0,-8.0,-0.375));
#2664=DIRECTION('',(0.0,0.0,1.0));
#2665=DIRECTION('',(1.0,0.0,0.0));
#2666=AXIS2_PLACEMENT_3D('',#2663,#2664,#2665);
#2667=PLANE('',#2666);
#2668=ADVANCED_FACE('no 3145',(#2652,#2662),#2667,.F.);
#2669=CARTESIAN_POINT('',(2.525,-8.0,-0.375));
#2670=DIRECTION('',(0.0,0.0,-1.0));
#2671=VECTOR('',#2670,1.0);
#2672=LINE('',#2669,#2671);
#2673=EDGE_CURVE('no 3173',#2636,#2098,#2672,.T.);
#2674=ORIENTED_EDGE('',*,*,#2673,.T.);
#2675=ORIENTED_EDGE('',*,*,#2104,.F.);
#2676=CARTESIAN_POINT('',(-2.525,-8.0,-0.375));
#2677=DIRECTION('',(0.0,0.0,-1.0));
#2678=VECTOR('',#2677,1.0);
#2679=LINE('',#2676,#2678);
#2680=EDGE_CURVE('no 3179',#2634,#2096,#2679,.T.);
#2681=ORIENTED_EDGE('',*,*,#2680,.F.);
#2682=ORIENTED_EDGE('',*,*,#2642,.T.);
#2683=EDGE_LOOP('',(#2674,#2675,#2681,#2682));
#2684=FACE_OUTER_BOUND('',#2683,.T.);
#2685=CARTESIAN_POINT('',(-0.0,-8.0,-7.575));
#2686=DIRECTION('',(0.0,0.0,-1.0));
#2687=DIRECTION('',(-0.0,1.0,0.0));
#2688=AXIS2_PLACEMENT_3D('',#2685,#2686,#2687);
#2689=CYLINDRICAL_SURFACE('',#2688,2.525);
#2690=ADVANCED_FACE('no 3168',(#2684),#2689,.F.);
#2691=CARTESIAN_POINT('',(-10.525,0.0,-0.375));
#2692=VERTEX_POINT('',#2691);
#2693=CARTESIAN_POINT('',(-5.475,0.0,-0.375));
#2694=VERTEX_POINT('',#2693);
#2695=CARTESIAN_POINT('',(-8.0,0.0,-0.375));
#2696=DIRECTION('',(0.0,0.0,1.0));
#2697=DIRECTION('',(1.0,0.0,0.0));
#2698=AXIS2_PLACEMENT_3D('',#2695,#2696,#2697);
#2699=CIRCLE('',#2698,2.525);
#2700=EDGE_CURVE('no 3192',#2692,#2694,#2699,.T.);
#2701=ORIENTED_EDGE('',*,*,#2700,.F.);
#2702=CARTESIAN_POINT('',(-8.0,0.0,-0.375));
#2703=DIRECTION('',(0.0,0.0,1.0));
#2704=DIRECTION('',(1.0,0.0,0.0));
#2705=AXIS2_PLACEMENT_3D('',#2702,#2703,#2704);
#2706=CIRCLE('',#2705,2.525);
#2707=EDGE_CURVE('no 3196',#2694,#2692,#2706,.T.);
#2708=ORIENTED_EDGE('',*,*,#2707,.F.);
#2709=EDGE_LOOP('',(#2701,#2708));
#2710=FACE_OUTER_BOUND('',#2709,.T.);
#2711=CARTESIAN_POINT('',(-8.0,0.0,-0.375));
#2712=DIRECTION('',(0.0,0.0,-1.0));
#2713=DIRECTION('',(1.0,0.0,0.0));
#2714=AXIS2_PLACEMENT_3D('',#2711,#2712,#2713);
#2715=CIRCLE('',#2714,2.375);
#2716=EDGE_CURVE('no 3201',#2226,#2245,#2715,.T.);
#2717=ORIENTED_EDGE('',*,*,#2716,.F.);
#2718=ORIENTED_EDGE('',*,*,#2257,.F.);
#2719=EDGE_LOOP('',(#2717,#2718));
#2720=FACE_BOUND('',#2719,.T.);
#2721=CARTESIAN_POINT('',(-8.0,0.0,-0.375));
#2722=DIRECTION('',(0.0,0.0,1.0));
#2723=DIRECTION('',(1.0,0.0,0.0));
#2724=AXIS2_PLACEMENT_3D('',#2721,#2722,#2723);
#2725=PLANE('',#2724);
#2726=ADVANCED_FACE('no 3183',(#2710,#2720),#2725,.F.);
#2727=CARTESIAN_POINT('',(-5.475,0.0,-0.375));
#2728=DIRECTION('',(0.0,0.0,-1.0));
#2729=VECTOR('',#2728,1.0);
#2730=LINE('',#2727,#2729);
#2731=EDGE_CURVE('no 3211',#2694,#2078,#2730,.T.);
#2732=ORIENTED_EDGE('',*,*,#2731,.T.);
#2733=ORIENTED_EDGE('',*,*,#2084,.F.);
#2734=CARTESIAN_POINT('',(-10.525,0.0,-0.375));
#2735=DIRECTION('',(0.0,0.0,-1.0));
#2736=VECTOR('',#2735,1.0);
#2737=LINE('',#2734,#2736);
#2738=EDGE_CURVE('no 3217',#2692,#2076,#2737,.T.);
#2739=ORIENTED_EDGE('',*,*,#2738,.F.);
#2740=ORIENTED_EDGE('',*,*,#2700,.T.);
#2741=EDGE_LOOP('',(#2732,#2733,#2739,#2740));
#2742=FACE_OUTER_BOUND('',#2741,.T.);
#2743=CARTESIAN_POINT('',(-8.0,0.0,-7.575));
#2744=DIRECTION('',(0.0,0.0,-1.0));
#2745=DIRECTION('',(-0.0,1.0,0.0));
#2746=AXIS2_PLACEMENT_3D('',#2743,#2744,#2745);
#2747=CYLINDRICAL_SURFACE('',#2746,2.525);
#2748=ADVANCED_FACE('no 3206',(#2742),#2747,.F.);
#2749=CARTESIAN_POINT('',(-10.9,9.5,-4.0));
#2750=VERTEX_POINT('',#2749);
#2751=CARTESIAN_POINT('',(-10.9,9.5,-4.0));
#2752=DIRECTION('',(0.0,0.0,1.0));
#2753=VECTOR('',#2752,1.0);
#2754=LINE('',#2751,#2753);
#2755=EDGE_CURVE('no 3229',#2750,#1725,#2754,.T.);
#2756=ORIENTED_EDGE('',*,*,#2755,.T.);
#2757=ORIENTED_EDGE('',*,*,#1733,.T.);
#2758=CARTESIAN_POINT('',(-8.1,9.5,-4.0));
#2759=VERTEX_POINT('',#2758);
#2760=CARTESIAN_POINT('',(-8.1,9.5,-4.0));
#2761=DIRECTION('',(0.0,0.0,1.0));
#2762=VECTOR('',#2761,1.0);
#2763=LINE('',#2760,#2762);
#2764=EDGE_CURVE('no 3237',#2759,#1727,#2763,.T.);
#2765=ORIENTED_EDGE('',*,*,#2764,.F.);
#2766=CARTESIAN_POINT('',(-9.5,9.5,-4.0));
#2767=DIRECTION('',(0.0,0.0,1.0));
#2768=DIRECTION('',(1.0,0.0,0.0));
#2769=AXIS2_PLACEMENT_3D('',#2766,#2767,#2768);
#2770=CIRCLE('',#2769,1.4);
#2771=EDGE_CURVE('no 3241',#2750,#2759,#2770,.T.);
#2772=ORIENTED_EDGE('',*,*,#2771,.F.);
#2773=EDGE_LOOP('',(#2756,#2757,#2765,#2772));
#2774=FACE_OUTER_BOUND('',#2773,.T.);
#2775=CARTESIAN_POINT('',(-9.5,9.5,-4.0));
#2776=DIRECTION('',(0.0,0.0,1.0));
#2777=DIRECTION('',(0.0,1.0,0.0));
#2778=AXIS2_PLACEMENT_3D('',#2775,#2776,#2777);
#2779=CYLINDRICAL_SURFACE('',#2778,1.4);
#2780=ADVANCED_FACE('no 3222',(#2774),#2779,.F.);
#2781=CARTESIAN_POINT('',(-9.5,9.5,-4.0));
#2782=DIRECTION('',(0.0,0.0,1.0));
#2783=DIRECTION('',(1.0,0.0,0.0));
#2784=AXIS2_PLACEMENT_3D('',#2781,#2782,#2783);
#2785=CIRCLE('',#2784,1.4);
#2786=EDGE_CURVE('no 3248',#2759,#2750,#2785,.T.);
#2787=ORIENTED_EDGE('',*,*,#2786,.T.);
#2788=ORIENTED_EDGE('',*,*,#2771,.T.);
#2789=EDGE_LOOP('',(#2787,#2788));
#2790=FACE_OUTER_BOUND('',#2789,.T.);
#2791=CARTESIAN_POINT('',(-9.5,9.5,-4.0));
#2792=DIRECTION('',(0.0,0.0,1.0));
#2793=DIRECTION('',(1.0,0.0,0.0));
#2794=AXIS2_PLACEMENT_3D('',#2791,#2792,#2793);
#2795=PLANE('',#2794);
#2796=ADVANCED_FACE('no 3243',(#2790),#2795,.T.);
#2797=CARTESIAN_POINT('',(8.1,-9.5,-4.0));
#2798=VERTEX_POINT('',#2797);
#2799=CARTESIAN_POINT('',(8.1,-9.5,-4.0));
#2800=DIRECTION('',(0.0,0.0,1.0));
#2801=VECTOR('',#2800,1.0);
#2802=LINE('',#2799,#2801);
#2803=EDGE_CURVE('no 3260',#2798,#1705,#2802,.T.);
#2804=ORIENTED_EDGE('',*,*,#2803,.T.);
#2805=ORIENTED_EDGE('',*,*,#1713,.T.);
#2806=CARTESIAN_POINT('',(10.9,-9.5,-4.0));
#2807=VERTEX_POINT('',#2806);
#2808=CARTESIAN_POINT('',(10.9,-9.5,-4.0));
#2809=DIRECTION('',(0.0,0.0,1.0));
#2810=VECTOR('',#2809,1.0);
#2811=LINE('',#2808,#2810);
#2812=EDGE_CURVE('no 3268',#2807,#1707,#2811,.T.);
#2813=ORIENTED_EDGE('',*,*,#2812,.F.);
#2814=CARTESIAN_POINT('',(9.5,-9.5,-4.0));
#2815=DIRECTION('',(0.0,0.0,1.0));
#2816=DIRECTION('',(1.0,0.0,0.0));
#2817=AXIS2_PLACEMENT_3D('',#2814,#2815,#2816);
#2818=CIRCLE('',#2817,1.4);
#2819=EDGE_CURVE('no 3272',#2798,#2807,#2818,.T.);
#2820=ORIENTED_EDGE('',*,*,#2819,.F.);
#2821=EDGE_LOOP('',(#2804,#2805,#2813,#2820));
#2822=FACE_OUTER_BOUND('',#2821,.T.);
#2823=CARTESIAN_POINT('',(9.5,-9.5,-4.0));
#2824=DIRECTION('',(0.0,0.0,1.0));
#2825=DIRECTION('',(0.0,1.0,0.0));
#2826=AXIS2_PLACEMENT_3D('',#2823,#2824,#2825);
#2827=CYLINDRICAL_SURFACE('',#2826,1.4);
#2828=ADVANCED_FACE('no 3253',(#2822),#2827,.F.);
#2829=CARTESIAN_POINT('',(9.5,-9.5,-4.0));
#2830=DIRECTION('',(0.0,0.0,1.0));
#2831=DIRECTION('',(1.0,0.0,0.0));
#2832=AXIS2_PLACEMENT_3D('',#2829,#2830,#2831);
#2833=CIRCLE('',#2832,1.4);
#2834=EDGE_CURVE('no 3279',#2807,#2798,#2833,.T.);
#2835=ORIENTED_EDGE('',*,*,#2834,.T.);
#2836=ORIENTED_EDGE('',*,*,#2819,.T.);
#2837=EDGE_LOOP('',(#2835,#2836));
#2838=FACE_OUTER_BOUND('',#2837,.T.);
#2839=CARTESIAN_POINT('',(9.5,-9.5,-4.0));
#2840=DIRECTION('',(0.0,0.0,1.0));
#2841=DIRECTION('',(1.0,0.0,0.0));
#2842=AXIS2_PLACEMENT_3D('',#2839,#2840,#2841);
#2843=PLANE('',#2842);
#2844=ADVANCED_FACE('no 3274',(#2838),#2843,.T.);
#2845=CARTESIAN_POINT('',(8.1,9.5,-4.0));
#2846=VERTEX_POINT('',#2845);
#2847=CARTESIAN_POINT('',(8.1,9.5,-4.0));
#2848=DIRECTION('',(0.0,0.0,1.0));
#2849=VECTOR('',#2848,1.0);
#2850=LINE('',#2847,#2849);
#2851=EDGE_CURVE('no 3291',#2846,#1791,#2850,.T.);
#2852=ORIENTED_EDGE('',*,*,#2851,.T.);
#2853=ORIENTED_EDGE('',*,*,#1797,.F.);
#2854=CARTESIAN_POINT('',(10.9,9.5,-4.0));
#2855=VERTEX_POINT('',#2854);
#2856=CARTESIAN_POINT('',(10.9,9.5,-4.0));
#2857=DIRECTION('',(0.0,0.0,1.0));
#2858=VECTOR('',#2857,1.0);
#2859=LINE('',#2856,#2858);
#2860=EDGE_CURVE('no 3299',#2855,#1789,#2859,.T.);
#2861=ORIENTED_EDGE('',*,*,#2860,.F.);
#2862=CARTESIAN_POINT('',(9.5,9.5,-4.0));
#2863=DIRECTION('',(0.0,0.0,-1.0));
#2864=DIRECTION('',(1.0,0.0,0.0));
#2865=AXIS2_PLACEMENT_3D('',#2862,#2863,#2864);
#2866=CIRCLE('',#2865,1.4);
#2867=EDGE_CURVE('no 3303',#2855,#2846,#2866,.T.);
#2868=ORIENTED_EDGE('',*,*,#2867,.T.);
#2869=EDGE_LOOP('',(#2852,#2853,#2861,#2868));
#2870=FACE_OUTER_BOUND('',#2869,.T.);
#2871=CARTESIAN_POINT('',(9.5,9.5,-4.0));
#2872=DIRECTION('',(0.0,0.0,1.0));
#2873=DIRECTION('',(0.0,1.0,0.0));
#2874=AXIS2_PLACEMENT_3D('',#2871,#2872,#2873);
#2875=CYLINDRICAL_SURFACE('',#2874,1.4);
#2876=ADVANCED_FACE('no 3284',(#2870),#2875,.F.);
#2877=CARTESIAN_POINT('',(9.5,9.5,-4.0));
#2878=DIRECTION('',(0.0,0.0,-1.0));
#2879=DIRECTION('',(1.0,0.0,0.0));
#2880=AXIS2_PLACEMENT_3D('',#2877,#2878,#2879);
#2881=CIRCLE('',#2880,1.4);
#2882=EDGE_CURVE('no 3310',#2846,#2855,#2881,.T.);
#2883=ORIENTED_EDGE('',*,*,#2882,.F.);
#2884=ORIENTED_EDGE('',*,*,#2867,.F.);
#2885=EDGE_LOOP('',(#2883,#2884));
#2886=FACE_OUTER_BOUND('',#2885,.T.);
#2887=CARTESIAN_POINT('',(9.5,9.5,-4.0));
#2888=DIRECTION('',(0.0,0.0,-1.0));
#2889=DIRECTION('',(-1.0,0.0,0.0));
#2890=AXIS2_PLACEMENT_3D('',#2887,#2888,#2889);
#2891=PLANE('',#2890);
#2892=ADVANCED_FACE('no 3305',(#2886),#2891,.F.);
#2893=CARTESIAN_POINT('',(-10.9,-9.5,-4.0));
#2894=VERTEX_POINT('',#2893);
#2895=CARTESIAN_POINT('',(-10.9,-9.5,-4.0));
#2896=DIRECTION('',(0.0,0.0,1.0));
#2897=VECTOR('',#2896,1.0);
#2898=LINE('',#2895,#2897);
#2899=EDGE_CURVE('no 3322',#2894,#1811,#2898,.T.);
#2900=ORIENTED_EDGE('',*,*,#2899,.T.);
#2901=ORIENTED_EDGE('',*,*,#1817,.F.);
#2902=CARTESIAN_POINT('',(-8.1,-9.5,-4.0));
#2903=VERTEX_POINT('',#2902);
#2904=CARTESIAN_POINT('',(-8.1,-9.5,-4.0));
#2905=DIRECTION('',(0.0,0.0,1.0));
#2906=VECTOR('',#2905,1.0);
#2907=LINE('',#2904,#2906);
#2908=EDGE_CURVE('no 3330',#2903,#1809,#2907,.T.);
#2909=ORIENTED_EDGE('',*,*,#2908,.F.);
#2910=CARTESIAN_POINT('',(-9.5,-9.5,-4.0));
#2911=DIRECTION('',(0.0,0.0,-1.0));
#2912=DIRECTION('',(1.0,0.0,0.0));
#2913=AXIS2_PLACEMENT_3D('',#2910,#2911,#2912);
#2914=CIRCLE('',#2913,1.4);
#2915=EDGE_CURVE('no 3334',#2903,#2894,#2914,.T.);
#2916=ORIENTED_EDGE('',*,*,#2915,.T.);
#2917=EDGE_LOOP('',(#2900,#2901,#2909,#2916));
#2918=FACE_OUTER_BOUND('',#2917,.T.);
#2919=CARTESIAN_POINT('',(-9.5,-9.5,-4.0));
#2920=DIRECTION('',(0.0,0.0,1.0));
#2921=DIRECTION('',(0.0,1.0,0.0));
#2922=AXIS2_PLACEMENT_3D('',#2919,#2920,#2921);
#2923=CYLINDRICAL_SURFACE('',#2922,1.4);
#2924=ADVANCED_FACE('no 3315',(#2918),#2923,.F.);
#2925=CARTESIAN_POINT('',(-9.5,-9.5,-4.0));
#2926=DIRECTION('',(0.0,0.0,-1.0));
#2927=DIRECTION('',(1.0,0.0,0.0));
#2928=AXIS2_PLACEMENT_3D('',#2925,#2926,#2927);
#2929=CIRCLE('',#2928,1.4);
#2930=EDGE_CURVE('no 3341',#2894,#2903,#2929,.T.);
#2931=ORIENTED_EDGE('',*,*,#2930,.F.);
#2932=ORIENTED_EDGE('',*,*,#2915,.F.);
#2933=EDGE_LOOP('',(#2931,#2932));
#2934=FACE_OUTER_BOUND('',#2933,.T.);
#2935=CARTESIAN_POINT('',(-9.5,-9.5,-4.0));
#2936=DIRECTION('',(0.0,0.0,-1.0));
#2937=DIRECTION('',(-1.0,0.0,0.0));
#2938=AXIS2_PLACEMENT_3D('',#2935,#2936,#2937);
#2939=PLANE('',#2938);
#2940=ADVANCED_FACE('no 3336',(#2934),#2939,.F.);
#2941=CARTESIAN_POINT('',(8.1568542495,-5.6568542495,3.6200372072));
#2942=VERTEX_POINT('',#2941);
#2943=CARTESIAN_POINT('',(8.1568542495,-5.6568542495,3.6200372072));
#2944=DIRECTION('',(0.0,0.0,-1.0));
#2945=VECTOR('',#2944,1.0);
#2946=LINE('',#2943,#2945);
#2947=EDGE_CURVE('no 3353',#2942,#2058,#2946,.T.);
#2948=ORIENTED_EDGE('',*,*,#2947,.T.);
#2949=ORIENTED_EDGE('',*,*,#2064,.F.);
#2950=CARTESIAN_POINT('',(3.1568542495,-5.6568542495,0.0));
#2951=DIRECTION('',(0.0,0.0,-1.0));
#2952=VECTOR('',#2951,1.0);
#2953=LINE('',#2950,#2952);
#2954=EDGE_CURVE('no 3359',#1931,#2056,#2953,.T.);
#2955=ORIENTED_EDGE('',*,*,#2954,.F.);
#2956=ORIENTED_EDGE('',*,*,#1937,.T.);
#2957=ORIENTED_EDGE('',*,*,#1619,.F.);
#2958=CARTESIAN_POINT('',(5.6568542495,-5.6568542495,3.6200372072));
#2959=DIRECTION('',(0.0,-0.0,1.0));
#2960=DIRECTION('',(-1.0,0.0,0.0));
#2961=AXIS2_PLACEMENT_3D('',#2958,#2959,#2960);
#2962=CIRCLE('',#2961,2.5);
#2963=EDGE_CURVE('no 3367',#1593,#2942,#2962,.T.);
#2964=ORIENTED_EDGE('',*,*,#2963,.T.);
#2965=EDGE_LOOP('',(#2948,#2949,#2955,#2956,#2957,#2964));
#2966=FACE_OUTER_BOUND('',#2965,.T.);
#2967=CARTESIAN_POINT('',(5.6568542495,-5.6568542495,2.425));
#2968=DIRECTION('',(0.0,0.0,-1.0));
#2969=DIRECTION('',(-0.0,1.0,0.0));
#2970=AXIS2_PLACEMENT_3D('',#2967,#2968,#2969);
#2971=CYLINDRICAL_SURFACE('',#2970,2.5);
#2972=ADVANCED_FACE('no 3346',(#2966),#2971,.F.);
#2973=ORIENTED_EDGE('',*,*,#1590,.T.);
#2974=CARTESIAN_POINT('',(5.6568542495,-5.6568542495,4.525));
#2975=DIRECTION('',(0.0,0.0,-1.0));
#2976=DIRECTION('',(1.0,0.0,0.0));
#2977=AXIS2_PLACEMENT_3D('',#2974,#2975,#2976);
#2978=CIRCLE('',#2977,0.0136351612);
#2979=EDGE_CURVE('no 3376',#1573,#1584,#2978,.T.);
#2980=ORIENTED_EDGE('',*,*,#2979,.T.);
#2981=EDGE_LOOP('',(#2973,#2980));
#2982=FACE_OUTER_BOUND('',#2981,.T.);
#2983=CARTESIAN_POINT('',(5.6568542495,-5.6568542495,4.525));
#2984=DIRECTION('',(0.0,0.0,1.0));
#2985=DIRECTION('',(1.0,0.0,0.0));
#2986=AXIS2_PLACEMENT_3D('',#2983,#2984,#2985);
#2987=PLANE('',#2986);
#2988=ADVANCED_FACE('no 3369',(#2982),#2987,.F.);
#2989=ORIENTED_EDGE('',*,*,#1611,.F.);
#2990=ORIENTED_EDGE('',*,*,#2979,.F.);
#2991=ORIENTED_EDGE('',*,*,#1581,.F.);
#2992=CARTESIAN_POINT('',(5.6568542495,-5.6568542495,3.6200372072));
#2993=DIRECTION('',(0.0,-0.0,1.0));
#2994=DIRECTION('',(-1.0,0.0,0.0));
#2995=AXIS2_PLACEMENT_3D('',#2992,#2993,#2994);
#2996=CIRCLE('',#2995,2.5);
#2997=EDGE_CURVE('no 3390',#2942,#1565,#2996,.T.);
#2998=ORIENTED_EDGE('',*,*,#2997,.F.);
#2999=ORIENTED_EDGE('',*,*,#2963,.F.);
#3000=EDGE_LOOP('',(#2989,#2990,#2991,#2998,#2999));
#3001=FACE_OUTER_BOUND('',#3000,.T.);
#3002=CARTESIAN_POINT('',(5.6568542495,-5.6568542495,4.075));
#3003=DIRECTION('',(0.0,0.0,-1.0));
#3004=DIRECTION('',(-0.7071067812,0.7071067812,0.0));
#3005=AXIS2_PLACEMENT_3D('',#3002,#3003,#3004);
#3006=CONICAL_SURFACE('',#3005,1.25,1.2217304764);
#3007=ADVANCED_FACE('no 3379',(#3001),#3006,.F.);
#3008=ORIENTED_EDGE('',*,*,#2205,.F.);
#3009=ORIENTED_EDGE('',*,*,#1518,.F.);
#3010=ORIENTED_EDGE('',*,*,#2051,.F.);
#3011=ORIENTED_EDGE('',*,*,#1503,.F.);
#3012=EDGE_LOOP('',(#3008,#3009,#3010,#3011));
#3013=FACE_OUTER_BOUND('',#3012,.T.);
#3014=CARTESIAN_POINT('',(-1.4142135624,1.4142135624,2.425));
#3015=DIRECTION('',(0.0,0.0,-1.0));
#3016=DIRECTION('',(0.7071067812,-0.7071067812,0.0));
#3017=AXIS2_PLACEMENT_3D('',#3014,#3015,#3016);
#3018=CYLINDRICAL_SURFACE('',#3017,0.7);
#3019=ADVANCED_FACE('no 3395',(#3013),#3018,.F.);
#3020=ORIENTED_EDGE('',*,*,#1536,.F.);
#3021=ORIENTED_EDGE('',*,*,#1783,.T.);
#3022=ORIENTED_EDGE('',*,*,#1687,.T.);
#3023=ORIENTED_EDGE('',*,*,#2274,.F.);
#3024=CARTESIAN_POINT('',(-7.6474609375,2.3486892535,1.1875));
#3025=DIRECTION('',(0.0,0.0,-1.0));
#3026=VECTOR('',#3025,1.0);
#3027=LINE('',#3024,#3026);
#3028=EDGE_CURVE('no 3420',#2268,#1984,#3027,.T.);
#3029=ORIENTED_EDGE('',*,*,#3028,.T.);
#3030=ORIENTED_EDGE('',*,*,#1990,.F.);
#3031=ORIENTED_EDGE('',*,*,#2450,.F.);
#3032=ORIENTED_EDGE('',*,*,#2498,.F.);
#3033=ORIENTED_EDGE('',*,*,#2459,.F.);
#3034=ORIENTED_EDGE('',*,*,#1972,.F.);
#3035=CARTESIAN_POINT('',(7.6474609375,2.3486892535,-1.4175));
#3036=DIRECTION('',(0.0,0.0,-1.0));
#3037=VECTOR('',#3036,1.0);
#3038=LINE('',#3035,#3037);
#3039=EDGE_CURVE('no 3434',#2403,#1957,#3038,.T.);
#3040=ORIENTED_EDGE('',*,*,#3039,.F.);
#3041=ORIENTED_EDGE('',*,*,#2409,.F.);
#3042=EDGE_LOOP('',(
    #3020,#3021,#3022,#3023,#3029,#3030,#3031,#3032,#3033,#3034,
    #3040,#3041));
#3043=FACE_OUTER_BOUND('',#3042,.T.);
#3044=CARTESIAN_POINT('',(0.0,0.0,10.0));
#3045=DIRECTION('',(0.0,0.0,-1.0));
#3046=DIRECTION('',(-0.0,-1.0,0.0));
#3047=AXIS2_PLACEMENT_3D('',#3044,#3045,#3046);
#3048=CYLINDRICAL_SURFACE('',#3047,8.0);
#3049=ADVANCED_FACE('no 3407',(#3043),#3048,.F.);
#3050=ORIENTED_EDGE('',*,*,#2173,.F.);
#3051=ORIENTED_EDGE('',*,*,#2214,.F.);
#3052=ORIENTED_EDGE('',*,*,#2182,.T.);
#3053=ORIENTED_EDGE('',*,*,#2028,.T.);
#3054=EDGE_LOOP('',(#3050,#3051,#3052,#3053));
#3055=FACE_OUTER_BOUND('',#3054,.T.);
#3056=CARTESIAN_POINT('',(0.0,0.0,-4.0));
#3057=DIRECTION('',(0.0,0.0,1.0));
#3058=DIRECTION('',(0.0,-1.0,0.0));
#3059=AXIS2_PLACEMENT_3D('',#3056,#3057,#3058);
#3060=CYLINDRICAL_SURFACE('',#3059,4.0);
#3061=ADVANCED_FACE('no 3439',(#3055),#3060,.F.);
#3062=ORIENTED_EDGE('',*,*,#2233,.F.);
#3063=ORIENTED_EDGE('',*,*,#2716,.T.);
#3064=ORIENTED_EDGE('',*,*,#2250,.T.);
#3065=ORIENTED_EDGE('',*,*,#1999,.T.);
#3066=ORIENTED_EDGE('',*,*,#3028,.F.);
#3067=ORIENTED_EDGE('',*,*,#2283,.T.);
#3068=EDGE_LOOP('',(#3062,#3063,#3064,#3065,#3066,#3067));
#3069=FACE_OUTER_BOUND('',#3068,.T.);
#3070=CARTESIAN_POINT('',(-8.0,0.0,-5.01));
#3071=DIRECTION('',(0.0,0.0,1.0));
#3072=DIRECTION('',(0.0,-1.0,0.0));
#3073=AXIS2_PLACEMENT_3D('',#3070,#3071,#3072);
#3074=CYLINDRICAL_SURFACE('',#3073,2.375);
#3075=ADVANCED_FACE('no 3451',(#3069),#3074,.F.);
#3076=ORIENTED_EDGE('',*,*,#2301,.F.);
#3077=ORIENTED_EDGE('',*,*,#2658,.T.);
#3078=ORIENTED_EDGE('',*,*,#2318,.T.);
#3079=ORIENTED_EDGE('',*,*,#2341,.T.);
#3080=ORIENTED_EDGE('',*,*,#1636,.T.);
#3081=ORIENTED_EDGE('',*,*,#2014,.F.);
#3082=ORIENTED_EDGE('',*,*,#1653,.T.);
#3083=ORIENTED_EDGE('',*,*,#2349,.T.);
#3084=EDGE_LOOP('',(#3076,#3077,#3078,#3079,#3080,#3081,#3082,#3083));
#3085=FACE_OUTER_BOUND('',#3084,.T.);
#3086=CARTESIAN_POINT('',(-0.0,-8.0,-5.01));
#3087=DIRECTION('',(0.0,0.0,1.0));
#3088=DIRECTION('',(0.0,-1.0,0.0));
#3089=AXIS2_PLACEMENT_3D('',#3086,#3087,#3088);
#3090=CYLINDRICAL_SURFACE('',#3089,2.375);
#3091=ADVANCED_FACE('no 3467',(#3085),#3090,.F.);
#3092=ORIENTED_EDGE('',*,*,#2365,.F.);
#3093=ORIENTED_EDGE('',*,*,#2600,.T.);
#3094=ORIENTED_EDGE('',*,*,#2384,.T.);
#3095=ORIENTED_EDGE('',*,*,#2416,.T.);
#3096=ORIENTED_EDGE('',*,*,#3039,.T.);
#3097=ORIENTED_EDGE('',*,*,#1963,.F.);
#3098=EDGE_LOOP('',(#3092,#3093,#3094,#3095,#3096,#3097));
#3099=FACE_OUTER_BOUND('',#3098,.T.);
#3100=CARTESIAN_POINT('',(8.0,-0.0,-5.01));
#3101=DIRECTION('',(0.0,0.0,1.0));
#3102=DIRECTION('',(0.0,-1.0,0.0));
#3103=AXIS2_PLACEMENT_3D('',#3100,#3101,#3102);
#3104=CYLINDRICAL_SURFACE('',#3103,2.375);
#3105=ADVANCED_FACE('no 3487',(#3099),#3104,.F.);
#3106=ORIENTED_EDGE('',*,*,#2435,.F.);
#3107=ORIENTED_EDGE('',*,*,#2542,.T.);
#3108=ORIENTED_EDGE('',*,*,#2476,.T.);
#3109=ORIENTED_EDGE('',*,*,#2506,.T.);
#3110=EDGE_LOOP('',(#3106,#3107,#3108,#3109));
#3111=FACE_OUTER_BOUND('',#3110,.T.);
#3112=CARTESIAN_POINT('',(0.0,8.0,-5.01));
#3113=DIRECTION('',(0.0,0.0,1.0));
#3114=DIRECTION('',(0.0,-1.0,0.0));
#3115=AXIS2_PLACEMENT_3D('',#3112,#3113,#3114);
#3116=CYLINDRICAL_SURFACE('',#3115,2.375);
#3117=ADVANCED_FACE('no 3503',(#3111),#3116,.F.);
#3118=ORIENTED_EDGE('',*,*,#2557,.F.);
#3119=ORIENTED_EDGE('',*,*,#2533,.T.);
#3120=ORIENTED_EDGE('',*,*,#2564,.T.);
#3121=ORIENTED_EDGE('',*,*,#2151,.F.);
#3122=EDGE_LOOP('',(#3118,#3119,#3120,#3121));
#3123=FACE_OUTER_BOUND('',#3122,.T.);
#3124=CARTESIAN_POINT('',(0.0,8.0,-7.575));
#3125=DIRECTION('',(0.0,0.0,-1.0));
#3126=DIRECTION('',(-0.0,-1.0,0.0));
#3127=AXIS2_PLACEMENT_3D('',#3124,#3125,#3126);
#3128=CYLINDRICAL_SURFACE('',#3127,2.525);
#3129=ADVANCED_FACE('no 3515',(#3123),#3128,.F.);
#3130=ORIENTED_EDGE('',*,*,#2615,.F.);
#3131=ORIENTED_EDGE('',*,*,#2591,.T.);
#3132=ORIENTED_EDGE('',*,*,#2622,.T.);
#3133=ORIENTED_EDGE('',*,*,#2131,.F.);
#3134=EDGE_LOOP('',(#3130,#3131,#3132,#3133));
#3135=FACE_OUTER_BOUND('',#3134,.T.);
#3136=CARTESIAN_POINT('',(8.0,-0.0,-7.575));
#3137=DIRECTION('',(0.0,0.0,-1.0));
#3138=DIRECTION('',(-0.0,-1.0,0.0));
#3139=AXIS2_PLACEMENT_3D('',#3136,#3137,#3138);
#3140=CYLINDRICAL_SURFACE('',#3139,2.525);
#3141=ADVANCED_FACE('no 3527',(#3135),#3140,.F.);
#3142=ORIENTED_EDGE('',*,*,#2673,.F.);
#3143=ORIENTED_EDGE('',*,*,#2649,.T.);
#3144=ORIENTED_EDGE('',*,*,#2680,.T.);
#3145=ORIENTED_EDGE('',*,*,#2111,.F.);
#3146=EDGE_LOOP('',(#3142,#3143,#3144,#3145));
#3147=FACE_OUTER_BOUND('',#3146,.T.);
#3148=CARTESIAN_POINT('',(-0.0,-8.0,-7.575));
#3149=DIRECTION('',(0.0,0.0,-1.0));
#3150=DIRECTION('',(-0.0,-1.0,0.0));
#3151=AXIS2_PLACEMENT_3D('',#3148,#3149,#3150);
#3152=CYLINDRICAL_SURFACE('',#3151,2.525);
#3153=ADVANCED_FACE('no 3539',(#3147),#3152,.F.);
#3154=ORIENTED_EDGE('',*,*,#2731,.F.);
#3155=ORIENTED_EDGE('',*,*,#2707,.T.);
#3156=ORIENTED_EDGE('',*,*,#2738,.T.);
#3157=ORIENTED_EDGE('',*,*,#2091,.F.);
#3158=EDGE_LOOP('',(#3154,#3155,#3156,#3157));
#3159=FACE_OUTER_BOUND('',#3158,.T.);
#3160=CARTESIAN_POINT('',(-8.0,0.0,-7.575));
#3161=DIRECTION('',(0.0,0.0,-1.0));
#3162=DIRECTION('',(-0.0,-1.0,0.0));
#3163=AXIS2_PLACEMENT_3D('',#3160,#3161,#3162);
#3164=CYLINDRICAL_SURFACE('',#3163,2.525);
#3165=ADVANCED_FACE('no 3551',(#3159),#3164,.F.);
#3166=ORIENTED_EDGE('',*,*,#2755,.F.);
#3167=ORIENTED_EDGE('',*,*,#2786,.F.);
#3168=ORIENTED_EDGE('',*,*,#2764,.T.);
#3169=ORIENTED_EDGE('',*,*,#1740,.T.);
#3170=EDGE_LOOP('',(#3166,#3167,#3168,#3169));
#3171=FACE_OUTER_BOUND('',#3170,.T.);
#3172=CARTESIAN_POINT('',(-9.5,9.5,-4.0));
#3173=DIRECTION('',(0.0,0.0,1.0));
#3174=DIRECTION('',(0.0,-1.0,0.0));
#3175=AXIS2_PLACEMENT_3D('',#3172,#3173,#3174);
#3176=CYLINDRICAL_SURFACE('',#3175,1.4);
#3177=ADVANCED_FACE('no 3563',(#3171),#3176,.F.);
#3178=ORIENTED_EDGE('',*,*,#2803,.F.);
#3179=ORIENTED_EDGE('',*,*,#2834,.F.);
#3180=ORIENTED_EDGE('',*,*,#2812,.T.);
#3181=ORIENTED_EDGE('',*,*,#1720,.T.);
#3182=EDGE_LOOP('',(#3178,#3179,#3180,#3181));
#3183=FACE_OUTER_BOUND('',#3182,.T.);
#3184=CARTESIAN_POINT('',(9.5,-9.5,-4.0));
#3185=DIRECTION('',(0.0,0.0,1.0));
#3186=DIRECTION('',(0.0,-1.0,0.0));
#3187=AXIS2_PLACEMENT_3D('',#3184,#3185,#3186);
#3188=CYLINDRICAL_SURFACE('',#3187,1.4);
#3189=ADVANCED_FACE('no 3575',(#3183),#3188,.F.);
#3190=ORIENTED_EDGE('',*,*,#2851,.F.);
#3191=ORIENTED_EDGE('',*,*,#2882,.T.);
#3192=ORIENTED_EDGE('',*,*,#2860,.T.);
#3193=ORIENTED_EDGE('',*,*,#1804,.F.);
#3194=EDGE_LOOP('',(#3190,#3191,#3192,#3193));
#3195=FACE_OUTER_BOUND('',#3194,.T.);
#3196=CARTESIAN_POINT('',(9.5,9.5,-4.0));
#3197=DIRECTION('',(0.0,0.0,1.0));
#3198=DIRECTION('',(0.0,-1.0,0.0));
#3199=AXIS2_PLACEMENT_3D('',#3196,#3197,#3198);
#3200=CYLINDRICAL_SURFACE('',#3199,1.4);
#3201=ADVANCED_FACE('no 3587',(#3195),#3200,.F.);
#3202=ORIENTED_EDGE('',*,*,#2899,.F.);
#3203=ORIENTED_EDGE('',*,*,#2930,.T.);
#3204=ORIENTED_EDGE('',*,*,#2908,.T.);
#3205=ORIENTED_EDGE('',*,*,#1824,.F.);
#3206=EDGE_LOOP('',(#3202,#3203,#3204,#3205));
#3207=FACE_OUTER_BOUND('',#3206,.T.);
#3208=CARTESIAN_POINT('',(-9.5,-9.5,-4.0));
#3209=DIRECTION('',(0.0,0.0,1.0));
#3210=DIRECTION('',(0.0,-1.0,0.0));
#3211=AXIS2_PLACEMENT_3D('',#3208,#3209,#3210);
#3212=CYLINDRICAL_SURFACE('',#3211,1.4);
#3213=ADVANCED_FACE('no 3599',(#3207),#3212,.F.);
#3214=ORIENTED_EDGE('',*,*,#2947,.F.);
#3215=ORIENTED_EDGE('',*,*,#2997,.T.);
#3216=ORIENTED_EDGE('',*,*,#1570,.F.);
#3217=ORIENTED_EDGE('',*,*,#1944,.T.);
#3218=ORIENTED_EDGE('',*,*,#2954,.T.);
#3219=ORIENTED_EDGE('',*,*,#2071,.F.);
#3220=EDGE_LOOP('',(#3214,#3215,#3216,#3217,#3218,#3219));
#3221=FACE_OUTER_BOUND('',#3220,.T.);
#3222=CARTESIAN_POINT('',(5.6568542495,-5.6568542495,2.425));
#3223=DIRECTION('',(0.0,0.0,-1.0));
#3224=DIRECTION('',(-0.0,-1.0,0.0));
#3225=AXIS2_PLACEMENT_3D('',#3222,#3223,#3224);
#3226=CYLINDRICAL_SURFACE('',#3225,2.5);
#3227=ADVANCED_FACE('no 3611',(#3221),#3226,.F.);
#3228=CLOSED_SHELL('Probe Body',(
    #1527,#1703,#1833,#1864,#1888,#1912,#1929,#2044,#2166,#2198,
    #2224,#2266,#2292,#2334,#2358,#2400,#2426,#2492,#2516,#2552,
    #2574,#2610,#2632,#2668,#2690,#2726,#2748,#2780,#2796,#2828,
    #2844,#2876,#2892,#2924,#2940,#2972,#2988,#3007,#3019,#3049,
    #3061,#3075,#3091,#3105,#3117,#3129,#3141,#3153,#3165,#3177,
    #3189,#3201,#3213,#3227));
#3229=MANIFOLD_SOLID_BREP('Probe Body',#3228);
#3230=PRESENTATION_LAYER_ASSIGNMENT('102','Layer 102',(#3229));
#3231=COLOUR_RGB('',0.0,0.8,0.8);
#3232=FILL_AREA_STYLE_COLOUR('',#3231);
#3233=FILL_AREA_STYLE('',(#3232));
#3234=SURFACE_STYLE_FILL_AREA(#3233);
#3235=SURFACE_SIDE_STYLE('',(#3234));
#3236=SURFACE_STYLE_USAGE(.BOTH.,#3235);
#3237=PRESENTATION_STYLE_ASSIGNMENT((#3236));
#3238=STYLED_ITEM('',(#3237),#3229);
#3239=CARTESIAN_POINT('',(2.5,0.0,0.0));
#3240=VERTEX_POINT('',#3239);
#3241=CARTESIAN_POINT('',(2.5,0.0,-8.0));
#3242=VERTEX_POINT('',#3241);
#3243=CARTESIAN_POINT('',(2.5,0.0,0.0));
#3244=DIRECTION('',(0.0,0.0,-1.0));
#3245=VECTOR('',#3244,1.0);
#3246=LINE('',#3243,#3245);
#3247=EDGE_CURVE('no 3704',#3240,#3242,#3246,.T.);
#3248=ORIENTED_EDGE('',*,*,#3247,.T.);
#3249=CARTESIAN_POINT('',(-2.5,0.0,-8.0));
#3250=VERTEX_POINT('',#3249);
#3251=CARTESIAN_POINT('',(0.0,0.0,-8.0));
#3252=DIRECTION('',(0.0,0.0,1.0));
#3253=DIRECTION('',(1.0,0.0,0.0));
#3254=AXIS2_PLACEMENT_3D('',#3251,#3252,#3253);
#3255=CIRCLE('',#3254,2.5);
#3256=EDGE_CURVE('no 3710',#3250,#3242,#3255,.T.);
#3257=ORIENTED_EDGE('',*,*,#3256,.F.);
#3258=CARTESIAN_POINT('',(-2.5,0.0,0.0));
#3259=VERTEX_POINT('',#3258);
#3260=CARTESIAN_POINT('',(-2.5,0.0,0.0));
#3261=DIRECTION('',(0.0,0.0,-1.0));
#3262=VECTOR('',#3261,1.0);
#3263=LINE('',#3260,#3262);
#3264=EDGE_CURVE('no 3716',#3259,#3250,#3263,.T.);
#3265=ORIENTED_EDGE('',*,*,#3264,.F.);
#3266=CARTESIAN_POINT('',(0.0,0.0,0.0));
#3267=DIRECTION('',(0.0,0.0,1.0));
#3268=DIRECTION('',(1.0,0.0,0.0));
#3269=AXIS2_PLACEMENT_3D('',#3266,#3267,#3268);
#3270=CIRCLE('',#3269,2.5);
#3271=EDGE_CURVE('no 3720',#3259,#3240,#3270,.T.);
#3272=ORIENTED_EDGE('',*,*,#3271,.T.);
#3273=EDGE_LOOP('',(#3248,#3257,#3265,#3272));
#3274=FACE_OUTER_BOUND('',#3273,.T.);
#3275=CARTESIAN_POINT('',(0.0,0.0,0.0));
#3276=DIRECTION('',(0.0,0.0,-1.0));
#3277=DIRECTION('',(-0.0,1.0,0.0));
#3278=AXIS2_PLACEMENT_3D('',#3275,#3276,#3277);
#3279=CYLINDRICAL_SURFACE('',#3278,2.5);
#3280=ADVANCED_FACE('no 3695',(#3274),#3279,.F.);
#3281=CARTESIAN_POINT('',(4.0,0.0,0.0));
#3282=VERTEX_POINT('',#3281);
#3283=CARTESIAN_POINT('',(4.0,0.0,-8.0));
#3284=VERTEX_POINT('',#3283);
#3285=CARTESIAN_POINT('',(4.0,0.0,0.0));
#3286=DIRECTION('',(0.0,0.0,-1.0));
#3287=VECTOR('',#3286,1.0);
#3288=LINE('',#3285,#3287);
#3289=EDGE_CURVE('no 3732',#3282,#3284,#3288,.T.);
#3290=ORIENTED_EDGE('',*,*,#3289,.F.);
#3291=CARTESIAN_POINT('',(-4.0,0.0,0.0));
#3292=VERTEX_POINT('',#3291);
#3293=CARTESIAN_POINT('',(0.0,0.0,0.0));
#3294=DIRECTION('',(0.0,0.0,1.0));
#3295=DIRECTION('',(1.0,0.0,0.0));
#3296=AXIS2_PLACEMENT_3D('',#3293,#3294,#3295);
#3297=CIRCLE('',#3296,4.0);
#3298=EDGE_CURVE('no 3738',#3292,#3282,#3297,.T.);
#3299=ORIENTED_EDGE('',*,*,#3298,.F.);
#3300=CARTESIAN_POINT('',(-4.0,0.0,-8.0));
#3301=VERTEX_POINT('',#3300);
#3302=CARTESIAN_POINT('',(-4.0,0.0,0.0));
#3303=DIRECTION('',(0.0,0.0,-1.0));
#3304=VECTOR('',#3303,1.0);
#3305=LINE('',#3302,#3304);
#3306=EDGE_CURVE('no 3744',#3292,#3301,#3305,.T.);
#3307=ORIENTED_EDGE('',*,*,#3306,.T.);
#3308=CARTESIAN_POINT('',(0.0,0.0,-8.0));
#3309=DIRECTION('',(0.0,0.0,1.0));
#3310=DIRECTION('',(1.0,0.0,0.0));
#3311=AXIS2_PLACEMENT_3D('',#3308,#3309,#3310);
#3312=CIRCLE('',#3311,4.0);
#3313=EDGE_CURVE('no 3748',#3301,#3284,#3312,.T.);
#3314=ORIENTED_EDGE('',*,*,#3313,.T.);
#3315=EDGE_LOOP('',(#3290,#3299,#3307,#3314));
#3316=FACE_OUTER_BOUND('',#3315,.T.);
#3317=CARTESIAN_POINT('',(0.0,0.0,0.0));
#3318=DIRECTION('',(0.0,0.0,-1.0));
#3319=DIRECTION('',(-0.0,1.0,0.0));
#3320=AXIS2_PLACEMENT_3D('',#3317,#3318,#3319);
#3321=CYLINDRICAL_SURFACE('',#3320,4.0);
#3322=ADVANCED_FACE('no 3723',(#3316),#3321,.T.);
#3323=ORIENTED_EDGE('',*,*,#3271,.F.);
#3324=CARTESIAN_POINT('',(0.0,0.0,0.0));
#3325=DIRECTION('',(0.0,0.0,1.0));
#3326=DIRECTION('',(1.0,0.0,0.0));
#3327=AXIS2_PLACEMENT_3D('',#3324,#3325,#3326);
#3328=CIRCLE('',#3327,2.5);
#3329=EDGE_CURVE('no 3757',#3240,#3259,#3328,.T.);
#3330=ORIENTED_EDGE('',*,*,#3329,.F.);
#3331=EDGE_LOOP('',(#3323,#3330));
#3332=FACE_BOUND('',#3331,.T.);
#3333=CARTESIAN_POINT('',(0.0,0.0,0.0));
#3334=DIRECTION('',(0.0,0.0,1.0));
#3335=DIRECTION('',(1.0,0.0,0.0));
#3336=AXIS2_PLACEMENT_3D('',#3333,#3334,#3335);
#3337=CIRCLE('',#3336,4.0);
#3338=EDGE_CURVE('no 3762',#3282,#3292,#3337,.T.);
#3339=ORIENTED_EDGE('',*,*,#3338,.T.);
#3340=ORIENTED_EDGE('',*,*,#3298,.T.);
#3341=EDGE_LOOP('',(#3339,#3340));
#3342=FACE_OUTER_BOUND('',#3341,.T.);
#3343=CARTESIAN_POINT('',(0.0,0.0,0.0));
#3344=DIRECTION('',(0.0,0.0,1.0));
#3345=DIRECTION('',(1.0,0.0,0.0));
#3346=AXIS2_PLACEMENT_3D('',#3343,#3344,#3345);
#3347=PLANE('',#3346);
#3348=ADVANCED_FACE('no 3750',(#3332,#3342),#3347,.T.);
#3349=CARTESIAN_POINT('',(0.0,0.0,-8.0));
#3350=DIRECTION('',(0.0,0.0,1.0));
#3351=DIRECTION('',(1.0,0.0,0.0));
#3352=AXIS2_PLACEMENT_3D('',#3349,#3350,#3351);
#3353=CIRCLE('',#3352,2.5);
#3354=EDGE_CURVE('no 3771',#3242,#3250,#3353,.T.);
#3355=ORIENTED_EDGE('',*,*,#3354,.T.);
#3356=ORIENTED_EDGE('',*,*,#3256,.T.);
#3357=EDGE_LOOP('',(#3355,#3356));
#3358=FACE_BOUND('',#3357,.T.);
#3359=ORIENTED_EDGE('',*,*,#3313,.F.);
#3360=CARTESIAN_POINT('',(0.0,0.0,-8.0));
#3361=DIRECTION('',(0.0,0.0,1.0));
#3362=DIRECTION('',(1.0,0.0,0.0));
#3363=AXIS2_PLACEMENT_3D('',#3360,#3361,#3362);
#3364=CIRCLE('',#3363,4.0);
#3365=EDGE_CURVE('no 3780',#3284,#3301,#3364,.T.);
#3366=ORIENTED_EDGE('',*,*,#3365,.F.);
#3367=EDGE_LOOP('',(#3359,#3366));
#3368=FACE_OUTER_BOUND('',#3367,.T.);
#3369=CARTESIAN_POINT('',(0.0,0.0,-8.0));
#3370=DIRECTION('',(0.0,0.0,1.0));
#3371=DIRECTION('',(1.0,0.0,0.0));
#3372=AXIS2_PLACEMENT_3D('',#3369,#3370,#3371);
#3373=PLANE('',#3372);
#3374=ADVANCED_FACE('no 3766',(#3358,#3368),#3373,.F.);
#3375=ORIENTED_EDGE('',*,*,#3247,.F.);
#3376=ORIENTED_EDGE('',*,*,#3329,.T.);
#3377=ORIENTED_EDGE('',*,*,#3264,.T.);
#3378=ORIENTED_EDGE('',*,*,#3354,.F.);
#3379=EDGE_LOOP('',(#3375,#3376,#3377,#3378));
#3380=FACE_OUTER_BOUND('',#3379,.T.);
#3381=CARTESIAN_POINT('',(0.0,0.0,0.0));
#3382=DIRECTION('',(0.0,0.0,-1.0));
#3383=DIRECTION('',(-0.0,-1.0,0.0));
#3384=AXIS2_PLACEMENT_3D('',#3381,#3382,#3383);
#3385=CYLINDRICAL_SURFACE('',#3384,2.5);
#3386=ADVANCED_FACE('no 3783',(#3380),#3385,.F.);
#3387=ORIENTED_EDGE('',*,*,#3289,.T.);
#3388=ORIENTED_EDGE('',*,*,#3365,.T.);
#3389=ORIENTED_EDGE('',*,*,#3306,.F.);
#3390=ORIENTED_EDGE('',*,*,#3338,.F.);
#3391=EDGE_LOOP('',(#3387,#3388,#3389,#3390));
#3392=FACE_OUTER_BOUND('',#3391,.T.);
#3393=CARTESIAN_POINT('',(0.0,0.0,0.0));
#3394=DIRECTION('',(0.0,0.0,-1.0));
#3395=DIRECTION('',(-0.0,-1.0,0.0));
#3396=AXIS2_PLACEMENT_3D('',#3393,#3394,#3395);
#3397=CYLINDRICAL_SURFACE('',#3396,4.0);
#3398=ADVANCED_FACE('no 3795',(#3392),#3397,.T.);
#3399=CLOSED_SHELL('Steel bushing',(#3280,#3322,#3348,#3374,#3386,#3398));
#3400=MANIFOLD_SOLID_BREP('Steel bushing',#3399);
#3401=PRESENTATION_LAYER_ASSIGNMENT('99','Layer 99',(#3400));
#3402=STYLED_ITEM('',(#538),#3400);
#3403=CARTESIAN_POINT('',(5.5,0.0,-1.375));
#3404=VERTEX_POINT('',#3403);
#3405=CARTESIAN_POINT('',(5.5,0.0,-0.375));
#3406=VERTEX_POINT('',#3405);
#3407=CARTESIAN_POINT('',(5.5,0.0,-1.375));
#3408=DIRECTION('',(0.0,0.0,1.0));
#3409=VECTOR('',#3408,1.0);
#3410=LINE('',#3407,#3409);
#3411=EDGE_CURVE('no 3858',#3404,#3406,#3410,.T.);
#3412=ORIENTED_EDGE('',*,*,#3411,.F.);
#3413=CARTESIAN_POINT('',(10.5,0.0,-1.375));
#3414=VERTEX_POINT('',#3413);
#3415=CARTESIAN_POINT('',(8.0,0.0,-1.375));
#3416=DIRECTION('',(0.0,0.0,1.0));
#3417=DIRECTION('',(1.0,0.0,0.0));
#3418=AXIS2_PLACEMENT_3D('',#3415,#3416,#3417);
#3419=CIRCLE('',#3418,2.5);
#3420=EDGE_CURVE('no 3864',#3404,#3414,#3419,.T.);
#3421=ORIENTED_EDGE('',*,*,#3420,.T.);
#3422=CARTESIAN_POINT('',(10.5,0.0,-0.375));
#3423=VERTEX_POINT('',#3422);
#3424=CARTESIAN_POINT('',(10.5,0.0,-1.375));
#3425=DIRECTION('',(0.0,0.0,1.0));
#3426=VECTOR('',#3425,1.0);
#3427=LINE('',#3424,#3426);
#3428=EDGE_CURVE('no 3870',#3414,#3423,#3427,.T.);
#3429=ORIENTED_EDGE('',*,*,#3428,.T.);
#3430=CARTESIAN_POINT('',(8.0,0.0,-0.375));
#3431=DIRECTION('',(0.0,0.0,1.0));
#3432=DIRECTION('',(1.0,0.0,0.0));
#3433=AXIS2_PLACEMENT_3D('',#3430,#3431,#3432);
#3434=CIRCLE('',#3433,2.5);
#3435=EDGE_CURVE('no 3874',#3406,#3423,#3434,.T.);
#3436=ORIENTED_EDGE('',*,*,#3435,.F.);
#3437=EDGE_LOOP('',(#3412,#3421,#3429,#3436));
#3438=FACE_OUTER_BOUND('',#3437,.T.);
#3439=CARTESIAN_POINT('',(8.0,0.0,-1.375));
#3440=DIRECTION('',(0.0,0.0,1.0));
#3441=DIRECTION('',(0.0,1.0,0.0));
#3442=AXIS2_PLACEMENT_3D('',#3439,#3440,#3441);
#3443=CYLINDRICAL_SURFACE('',#3442,2.5);
#3444=ADVANCED_FACE('no 3849',(#3438),#3443,.T.);
#3445=ORIENTED_EDGE('',*,*,#3420,.F.);
#3446=CARTESIAN_POINT('',(8.0,0.0,-1.375));
#3447=DIRECTION('',(0.0,0.0,1.0));
#3448=DIRECTION('',(1.0,0.0,0.0));
#3449=AXIS2_PLACEMENT_3D('',#3446,#3447,#3448);
#3450=CIRCLE('',#3449,2.5);
#3451=EDGE_CURVE('no 3883',#3414,#3404,#3450,.T.);
#3452=ORIENTED_EDGE('',*,*,#3451,.F.);
#3453=EDGE_LOOP('',(#3445,#3452));
#3454=FACE_OUTER_BOUND('',#3453,.T.);
#3455=CARTESIAN_POINT('',(8.0,0.0,-1.375));
#3456=DIRECTION('',(0.0,0.0,1.0));
#3457=DIRECTION('',(1.0,0.0,0.0));
#3458=AXIS2_PLACEMENT_3D('',#3455,#3456,#3457);
#3459=PLANE('',#3458);
#3460=ADVANCED_FACE('no 3876',(#3454),#3459,.F.);
#3461=CARTESIAN_POINT('',(8.0,0.0,-0.375));
#3462=DIRECTION('',(0.0,0.0,1.0));
#3463=DIRECTION('',(1.0,0.0,0.0));
#3464=AXIS2_PLACEMENT_3D('',#3461,#3462,#3463);
#3465=CIRCLE('',#3464,2.5);
#3466=EDGE_CURVE('no 3890',#3423,#3406,#3465,.T.);
#3467=ORIENTED_EDGE('',*,*,#3466,.T.);
#3468=ORIENTED_EDGE('',*,*,#3435,.T.);
#3469=EDGE_LOOP('',(#3467,#3468));
#3470=FACE_OUTER_BOUND('',#3469,.T.);
#3471=CARTESIAN_POINT('',(8.0,0.0,-0.375));
#3472=DIRECTION('',(0.0,0.0,1.0));
#3473=DIRECTION('',(1.0,0.0,0.0));
#3474=AXIS2_PLACEMENT_3D('',#3471,#3472,#3473);
#3475=PLANE('',#3474);
#3476=ADVANCED_FACE('no 3885',(#3470),#3475,.T.);
#3477=ORIENTED_EDGE('',*,*,#3411,.T.);
#3478=ORIENTED_EDGE('',*,*,#3466,.F.);
#3479=ORIENTED_EDGE('',*,*,#3428,.F.);
#3480=ORIENTED_EDGE('',*,*,#3451,.T.);
#3481=EDGE_LOOP('',(#3477,#3478,#3479,#3480));
#3482=FACE_OUTER_BOUND('',#3481,.T.);
#3483=CARTESIAN_POINT('',(8.0,0.0,-1.375));
#3484=DIRECTION('',(0.0,0.0,1.0));
#3485=DIRECTION('',(0.0,-1.0,0.0));
#3486=AXIS2_PLACEMENT_3D('',#3483,#3484,#3485);
#3487=CYLINDRICAL_SURFACE('',#3486,2.5);
#3488=ADVANCED_FACE('no 3895',(#3482),#3487,.T.);
#3489=CLOSED_SHELL('Magnet',(#3444,#3460,#3476,#3488));
#3490=MANIFOLD_SOLID_BREP('Magnet',#3489);
#3491=PRESENTATION_LAYER_ASSIGNMENT('99','Layer 99',(#3490));
#3492=DRAUGHTING_PRE_DEFINED_COLOUR('black');
#3493=FILL_AREA_STYLE_COLOUR('',#3492);
#3494=FILL_AREA_STYLE('',(#3493));
#3495=SURFACE_STYLE_FILL_AREA(#3494);
#3496=SURFACE_SIDE_STYLE('',(#3495));
#3497=SURFACE_STYLE_USAGE(.BOTH.,#3496);
#3498=PRESENTATION_STYLE_ASSIGNMENT((#3497));
#3499=STYLED_ITEM('',(#3498),#3490);
#3500=CARTESIAN_POINT('',(5.5,0.0,-5.375));
#3501=VERTEX_POINT('',#3500);
#3502=CARTESIAN_POINT('',(5.5,0.0,-4.375));
#3503=VERTEX_POINT('',#3502);
#3504=CARTESIAN_POINT('',(5.5,0.0,-5.375));
#3505=DIRECTION('',(0.0,0.0,1.0));
#3506=VECTOR('',#3505,1.0);
#3507=LINE('',#3504,#3506);
#3508=EDGE_CURVE('no 3957',#3501,#3503,#3507,.T.);
#3509=ORIENTED_EDGE('',*,*,#3508,.F.);
#3510=CARTESIAN_POINT('',(10.5,0.0,-5.375));
#3511=VERTEX_POINT('',#3510);
#3512=CARTESIAN_POINT('',(8.0,0.0,-5.375));
#3513=DIRECTION('',(0.0,0.0,1.0));
#3514=DIRECTION('',(1.0,0.0,0.0));
#3515=AXIS2_PLACEMENT_3D('',#3512,#3513,#3514);
#3516=CIRCLE('',#3515,2.5);
#3517=EDGE_CURVE('no 3963',#3501,#3511,#3516,.T.);
#3518=ORIENTED_EDGE('',*,*,#3517,.T.);
#3519=CARTESIAN_POINT('',(10.5,0.0,-4.375));
#3520=VERTEX_POINT('',#3519);
#3521=CARTESIAN_POINT('',(10.5,0.0,-5.375));
#3522=DIRECTION('',(0.0,0.0,1.0));
#3523=VECTOR('',#3522,1.0);
#3524=LINE('',#3521,#3523);
#3525=EDGE_CURVE('no 3969',#3511,#3520,#3524,.T.);
#3526=ORIENTED_EDGE('',*,*,#3525,.T.);
#3527=CARTESIAN_POINT('',(8.0,0.0,-4.375));
#3528=DIRECTION('',(0.0,0.0,1.0));
#3529=DIRECTION('',(1.0,0.0,0.0));
#3530=AXIS2_PLACEMENT_3D('',#3527,#3528,#3529);
#3531=CIRCLE('',#3530,2.5);
#3532=EDGE_CURVE('no 3973',#3503,#3520,#3531,.T.);
#3533=ORIENTED_EDGE('',*,*,#3532,.F.);
#3534=EDGE_LOOP('',(#3509,#3518,#3526,#3533));
#3535=FACE_OUTER_BOUND('',#3534,.T.);
#3536=CARTESIAN_POINT('',(8.0,0.0,-5.375));
#3537=DIRECTION('',(0.0,0.0,1.0));
#3538=DIRECTION('',(0.0,1.0,0.0));
#3539=AXIS2_PLACEMENT_3D('',#3536,#3537,#3538);
#3540=CYLINDRICAL_SURFACE('',#3539,2.5);
#3541=ADVANCED_FACE('no 3948',(#3535),#3540,.T.);
#3542=ORIENTED_EDGE('',*,*,#3517,.F.);
#3543=CARTESIAN_POINT('',(8.0,0.0,-5.375));
#3544=DIRECTION('',(0.0,0.0,1.0));
#3545=DIRECTION('',(1.0,0.0,0.0));
#3546=AXIS2_PLACEMENT_3D('',#3543,#3544,#3545);
#3547=CIRCLE('',#3546,2.5);
#3548=EDGE_CURVE('no 3982',#3511,#3501,#3547,.T.);
#3549=ORIENTED_EDGE('',*,*,#3548,.F.);
#3550=EDGE_LOOP('',(#3542,#3549));
#3551=FACE_OUTER_BOUND('',#3550,.T.);
#3552=CARTESIAN_POINT('',(8.0,0.0,-5.375));
#3553=DIRECTION('',(0.0,0.0,1.0));
#3554=DIRECTION('',(1.0,0.0,0.0));
#3555=AXIS2_PLACEMENT_3D('',#3552,#3553,#3554);
#3556=PLANE('',#3555);
#3557=ADVANCED_FACE('no 3975',(#3551),#3556,.F.);
#3558=CARTESIAN_POINT('',(8.0,0.0,-4.375));
#3559=DIRECTION('',(0.0,0.0,1.0));
#3560=DIRECTION('',(1.0,0.0,0.0));
#3561=AXIS2_PLACEMENT_3D('',#3558,#3559,#3560);
#3562=CIRCLE('',#3561,2.5);
#3563=EDGE_CURVE('no 3989',#3520,#3503,#3562,.T.);
#3564=ORIENTED_EDGE('',*,*,#3563,.T.);
#3565=ORIENTED_EDGE('',*,*,#3532,.T.);
#3566=EDGE_LOOP('',(#3564,#3565));
#3567=FACE_OUTER_BOUND('',#3566,.T.);
#3568=CARTESIAN_POINT('',(8.0,0.0,-4.375));
#3569=DIRECTION('',(0.0,0.0,1.0));
#3570=DIRECTION('',(1.0,0.0,0.0));
#3571=AXIS2_PLACEMENT_3D('',#3568,#3569,#3570);
#3572=PLANE('',#3571);
#3573=ADVANCED_FACE('no 3984',(#3567),#3572,.T.);
#3574=ORIENTED_EDGE('',*,*,#3508,.T.);
#3575=ORIENTED_EDGE('',*,*,#3563,.F.);
#3576=ORIENTED_EDGE('',*,*,#3525,.F.);
#3577=ORIENTED_EDGE('',*,*,#3548,.T.);
#3578=EDGE_LOOP('',(#3574,#3575,#3576,#3577));
#3579=FACE_OUTER_BOUND('',#3578,.T.);
#3580=CARTESIAN_POINT('',(8.0,0.0,-5.375));
#3581=DIRECTION('',(0.0,0.0,1.0));
#3582=DIRECTION('',(0.0,-1.0,0.0));
#3583=AXIS2_PLACEMENT_3D('',#3580,#3581,#3582);
#3584=CYLINDRICAL_SURFACE('',#3583,2.5);
#3585=ADVANCED_FACE('no 3994',(#3579),#3584,.T.);
#3586=CLOSED_SHELL('Magnet 2',(#3541,#3557,#3573,#3585));
#3587=MANIFOLD_SOLID_BREP('Magnet 2',#3586);
#3588=PRESENTATION_LAYER_ASSIGNMENT('99','Layer 99',(#3587));
#3589=STYLED_ITEM('',(#3498),#3587);
#3590=CARTESIAN_POINT('',(0.0,0.0,-8.0));
#3591=DIRECTION('',(0.0,0.0,1.0));
#3592=DIRECTION('',(1.0,0.0,0.0));
#3593=AXIS2_PLACEMENT_3D('',#3590,#3591,#3592);
#3594=CIRCLE('',#3593,4.0);
#3595=PRESENTATION_LAYER_ASSIGNMENT('99','Layer 99',(#3594));
#3596=DRAUGHTING_PRE_DEFINED_COLOUR('red');
#3597=DRAUGHTING_PRE_DEFINED_CURVE_FONT('continuous');
#3598=CURVE_STYLE('',#3597,POSITIVE_LENGTH_MEASURE(1.0),#3596);
#3599=PRESENTATION_STYLE_ASSIGNMENT((#3598));
#3600=STYLED_ITEM('',(#3599),#3594);
#3601=CARTESIAN_POINT('',(0.0,0.0,-8.0));
#3602=DIRECTION('',(0.0,0.0,1.0));
#3603=DIRECTION('',(1.0,0.0,0.0));
#3604=AXIS2_PLACEMENT_3D('',#3601,#3602,#3603);
#3605=CIRCLE('',#3604,2.5);
#3606=PRESENTATION_LAYER_ASSIGNMENT('99','Layer 99',(#3605));
#3607=STYLED_ITEM('',(#3599),#3605);
#3608=CARTESIAN_POINT('',(8.0,0.0,-0.375));
#3609=DIRECTION('',(0.0,0.0,1.0));
#3610=DIRECTION('',(1.0,0.0,0.0));
#3611=AXIS2_PLACEMENT_3D('',#3608,#3609,#3610);
#3612=CIRCLE('',#3611,2.5);
#3613=PRESENTATION_LAYER_ASSIGNMENT('99','Layer 99',(#3612));
#3614=STYLED_ITEM('',(#3599),#3612);
#3615=CARTESIAN_POINT('',(8.0,0.0,-4.375));
#3616=DIRECTION('',(0.0,0.0,1.0));
#3617=DIRECTION('',(1.0,0.0,0.0));
#3618=AXIS2_PLACEMENT_3D('',#3615,#3616,#3617);
#3619=CIRCLE('',#3618,2.5);
#3620=PRESENTATION_LAYER_ASSIGNMENT('99','Layer 99',(#3619));
#3621=STYLED_ITEM('',(#3599),#3619);
#3622=GEOMETRIC_CURVE_SET('Wireframe',(#3594,#3605,#3612,#3619));
#3623=CARTESIAN_POINT('',(0.,0.,0.));
#3624=DIRECTION('',(0.,0.,1.));
#3625=DIRECTION('',(1.,0.,0.));
#3626=AXIS2_PLACEMENT_3D('Reference Axes',#3623,#3624,#3625);
#3627=ADVANCED_BREP_SHAPE_REPRESENTATION('',(#3626,
    #483,#530,#577,#617,#657,#1379,#1476,#3229,#3400,#3490,
    #3587),#5);
#3628=GEOMETRICALLY_BOUNDED_WIREFRAME_SHAPE_REPRESENTATION('',(#3626,#3622),#5);
#3629=SHAPE_REPRESENTATION('',(#3626),#5);
#3630=SHAPE_REPRESENTATION_RELATIONSHIP('','',#3627,#3629);
#3631=SHAPE_REPRESENTATION_RELATIONSHIP('','',#3628,#3629);
#3632=SHAPE_DEFINITION_REPRESENTATION(#12,#3629);
#3633=MECHANICAL_DESIGN_GEOMETRIC_PRESENTATION_REPRESENTATION('',(
    #492,#539,#579,#619,#659,#1388,#1485,#3238,#3402,#3499,
    #3589,#3600,#3607,#3614,#3621),#5);
ENDSEC;
END-ISO-10303-21;
